keyword,intent,format_page,zone_type,metier,modificateur,vol_estime,difficulte,page_cible,statut,priorite,tier,quick_win,raison_priorite
plombier lyon 3e,transactional,local-listing,arrondissement-lyon,plombier,aucun,2306,medium,/lyon/lyon-3e/plombier,a-creer,1,T1-quick-win,oui,"Arrondissement Lyon (105,100hab) - vol fort, page facile a creer"
plombier lyon 7e,transactional,local-listing,arrondissement-lyon,plombier,aucun,2139,medium,/lyon/lyon-7e/plombier,a-creer,1,T1-quick-win,oui,"Arrondissement Lyon (87,100hab) - vol fort, page facile a creer"
plombier lyon 8e,transactional,local-listing,arrondissement-lyon,plombier,aucun,2132,medium,/lyon/lyon-8e/plombier,a-creer,1,T1-quick-win,oui,"Arrondissement Lyon (86,400hab) - vol fort, page facile a creer"
electricien lyon 3e,transactional,local-listing,arrondissement-lyon,electricien,aucun,1844,medium,/lyon/lyon-3e/electricien,a-creer,1,T1-quick-win,oui,"Arrondissement Lyon (105,100hab) - vol fort, page facile a creer"
plombier villeurbanne,transactional,local-listing,commune-banlieue,plombier,aucun,1804,medium,/lyon/villeurbanne/plombier,a-creer,1,T1-quick-win,oui,"Banlieue grosse (156,800hab) - ocean bleu local, vol significatif"
plombier lyon 9e,transactional,local-listing,arrondissement-lyon,plombier,aucun,1737,medium,/lyon/lyon-9e/plombier,a-creer,1,T1-quick-win,oui,"Arrondissement Lyon (51,800hab) - vol fort, page facile a creer"
plombier lyon 6e,transactional,local-listing,arrondissement-lyon,plombier,aucun,1728,medium,/lyon/lyon-6e/plombier,a-creer,1,T1-quick-win,oui,"Arrondissement Lyon (51,100hab) - vol fort, page facile a creer"
electricien lyon 7e,transactional,local-listing,arrondissement-lyon,electricien,aucun,1711,medium,/lyon/lyon-7e/electricien,a-creer,1,T1-quick-win,oui,"Arrondissement Lyon (87,100hab) - vol fort, page facile a creer"
electricien lyon 8e,transactional,local-listing,arrondissement-lyon,electricien,aucun,1705,medium,/lyon/lyon-8e/electricien,a-creer,1,T1-quick-win,oui,"Arrondissement Lyon (86,400hab) - vol fort, page facile a creer"
plombier lyon 5e,transactional,local-listing,arrondissement-lyon,plombier,aucun,1674,medium,/lyon/lyon-5e/plombier,a-creer,1,T1-quick-win,oui,"Arrondissement Lyon (47,200hab) - vol fort, page facile a creer"
plombier lyon 4e,transactional,local-listing,arrondissement-lyon,plombier,aucun,1508,medium,/lyon/lyon-4e/plombier,a-creer,1,T1-quick-win,oui,"Arrondissement Lyon (36,400hab) - vol fort, page facile a creer"
plombier lyon,transactional,local-listing,ville-principale,plombier,aucun,1500,high,/lyon/plombier,existante,1,T2-volume-eleve,non,Top requete metier+ville - existante - SERP saturee top sites nationaux
electricien villeurbanne,transactional,local-listing,commune-banlieue,electricien,aucun,1443,medium,/lyon/villeurbanne/electricien,a-creer,1,T1-quick-win,oui,"Banlieue grosse (156,800hab) - ocean bleu local, vol significatif"
plombier lyon 2e,transactional,local-listing,arrondissement-lyon,plombier,aucun,1434,medium,/lyon/lyon-2e/plombier,a-creer,1,T1-quick-win,oui,"Arrondissement Lyon (32,100hab) - vol fort, page facile a creer"
electricien lyon 9e,transactional,local-listing,arrondissement-lyon,electricien,aucun,1390,medium,/lyon/lyon-9e/electricien,a-creer,1,T1-quick-win,oui,"Arrondissement Lyon (51,800hab) - vol fort, page facile a creer"
electricien lyon 6e,transactional,local-listing,arrondissement-lyon,electricien,aucun,1382,medium,/lyon/lyon-6e/electricien,a-creer,1,T1-quick-win,oui,"Arrondissement Lyon (51,100hab) - vol fort, page facile a creer"
plombier lyon 1er,transactional,local-listing,arrondissement-lyon,plombier,aucun,1374,medium,/lyon/lyon-1er/plombier,a-creer,1,T1-quick-win,oui,"Arrondissement Lyon (28,800hab) - vol fort, page facile a creer"
electricien lyon 5e,transactional,local-listing,arrondissement-lyon,electricien,aucun,1339,medium,/lyon/lyon-5e/electricien,a-creer,1,T1-quick-win,oui,"Arrondissement Lyon (47,200hab) - vol fort, page facile a creer"
plombier venissieux,transactional,local-listing,commune-banlieue,plombier,aucun,1269,medium,/lyon/venissieux/plombier,a-creer,1,T1-quick-win,oui,"Banlieue grosse (65,100hab) - ocean bleu local, vol significatif"
electricien lyon 4e,transactional,local-listing,arrondissement-lyon,electricien,aucun,1207,medium,/lyon/lyon-4e/electricien,a-creer,1,T1-quick-win,oui,"Arrondissement Lyon (36,400hab) - vol fort, page facile a creer"
electricien lyon,transactional,local-listing,ville-principale,electricien,aucun,1200,high,/lyon/electricien,existante,1,T2-volume-eleve,non,Top requete metier+ville - existante - SERP saturee top sites nationaux
plombier vaulx en velin,transactional,local-listing,commune-banlieue,plombier,aucun,1170,medium,/lyon/vaulx-en-velin/plombier,a-creer,1,T1-quick-win,oui,"Banlieue grosse (53,100hab) - ocean bleu local, vol significatif"
electricien lyon 2e,transactional,local-listing,arrondissement-lyon,electricien,aucun,1147,medium,/lyon/lyon-2e/electricien,a-creer,1,T1-quick-win,oui,"Arrondissement Lyon (32,100hab) - vol fort, page facile a creer"
plombier saint priest,transactional,local-listing,commune-banlieue,plombier,aucun,1121,medium,/lyon/saint-priest/plombier,a-creer,1,T1-quick-win,oui,"Banlieue grosse (47,800hab) - ocean bleu local, vol significatif"
electricien lyon 1er,transactional,local-listing,arrondissement-lyon,electricien,aucun,1099,medium,/lyon/lyon-1er/electricien,a-creer,1,T1-quick-win,oui,"Arrondissement Lyon (28,800hab) - vol fort, page facile a creer"
plombier caluire et cuire,transactional,local-listing,commune-banlieue,plombier,aucun,1076,medium,/lyon/caluire-et-cuire/plombier,a-creer,1,T1-quick-win,oui,"Banlieue grosse (43,100hab) - ocean bleu local, vol significatif"
plombier bron,transactional,local-listing,commune-banlieue,plombier,aucun,1055,medium,/lyon/bron/plombier,a-creer,1,T1-quick-win,oui,"Banlieue grosse (41,000hab) - ocean bleu local, vol significatif"
plombier saint martin d heres,transactional,local-listing,commune-banlieue,plombier,aucun,1032,medium,/grenoble/saint-martin-d-heres/plombier,a-creer,1,T1-quick-win,oui,"Banlieue grosse (38,800hab) - ocean bleu local, vol significatif"
electricien venissieux,transactional,local-listing,commune-banlieue,electricien,aucun,1015,medium,/lyon/venissieux/electricien,a-creer,1,T1-quick-win,oui,"Banlieue grosse (65,100hab) - ocean bleu local, vol significatif"
plombier echirolles,transactional,local-listing,commune-banlieue,plombier,aucun,1009,medium,/grenoble/echirolles/plombier,a-creer,1,T1-quick-win,oui,"Banlieue grosse (36,700hab) - ocean bleu local, vol significatif"
plombier meyzieu,transactional,local-listing,commune-banlieue,plombier,aucun,975,medium,/lyon/meyzieu/plombier,a-creer,1,T1-quick-win,oui,"Banlieue grosse (33,700hab) - ocean bleu local, vol significatif"
plombier rillieux la pape,transactional,local-listing,commune-banlieue,plombier,aucun,945,medium,/lyon/rillieux-la-pape/plombier,a-creer,1,T1-quick-win,oui,"Banlieue grosse (31,200hab) - ocean bleu local, vol significatif"
electricien vaulx en velin,transactional,local-listing,commune-banlieue,electricien,aucun,936,medium,/lyon/vaulx-en-velin/electricien,a-creer,1,T1-quick-win,oui,"Banlieue grosse (53,100hab) - ocean bleu local, vol significatif"
peintre lyon 3e,transactional,local-listing,arrondissement-lyon,peintre,aucun,922,medium,/lyon/lyon-3e/peintre,a-creer,1,T1-quick-win,oui,"Arrondissement Lyon (105,100hab) - vol fort, page facile a creer"
menuisier lyon 3e,transactional,local-listing,arrondissement-lyon,menuisier,aucun,922,medium,/lyon/lyon-3e/menuisier,a-creer,1,T1-quick-win,oui,"Arrondissement Lyon (105,100hab) - vol fort, page facile a creer"
plombier decines charpieu,transactional,local-listing,commune-banlieue,plombier,aucun,914,medium,/lyon/decines-charpieu/plombier,a-creer,1,T1-quick-win,oui,"Banlieue grosse (28,700hab) - ocean bleu local, vol significatif"
plombier grenoble,transactional,local-listing,ville-principale,plombier,aucun,900,high,/grenoble/plombier,existante,1,T2-volume-eleve,non,Top requete metier+ville - existante - SERP saturee top sites nationaux
electricien saint priest,transactional,local-listing,commune-banlieue,electricien,aucun,897,medium,/lyon/saint-priest/electricien,a-creer,1,T1-quick-win,oui,"Banlieue grosse (47,800hab) - ocean bleu local, vol significatif"
plombier oullins,transactional,local-listing,commune-banlieue,plombier,aucun,887,medium,/lyon/oullins/plombier,a-creer,1,T1-quick-win,oui,"Banlieue grosse (26,600hab) - ocean bleu local, vol significatif"
electricien caluire et cuire,transactional,local-listing,commune-banlieue,electricien,aucun,861,medium,/lyon/caluire-et-cuire/electricien,a-creer,1,T1-quick-win,oui,"Banlieue grosse (43,100hab) - ocean bleu local, vol significatif"
peintre lyon 7e,transactional,local-listing,arrondissement-lyon,peintre,aucun,855,medium,/lyon/lyon-7e/peintre,a-creer,1,T1-quick-win,oui,"Arrondissement Lyon (87,100hab) - vol fort, page facile a creer"
menuisier lyon 7e,transactional,local-listing,arrondissement-lyon,menuisier,aucun,855,medium,/lyon/lyon-7e/menuisier,a-creer,1,T1-quick-win,oui,"Arrondissement Lyon (87,100hab) - vol fort, page facile a creer"
peintre lyon 8e,transactional,local-listing,arrondissement-lyon,peintre,aucun,852,medium,/lyon/lyon-8e/peintre,a-creer,1,T1-quick-win,oui,"Arrondissement Lyon (86,400hab) - vol fort, page facile a creer"
menuisier lyon 8e,transactional,local-listing,arrondissement-lyon,menuisier,aucun,852,medium,/lyon/lyon-8e/menuisier,a-creer,1,T1-quick-win,oui,"Arrondissement Lyon (86,400hab) - vol fort, page facile a creer"
electricien bron,transactional,local-listing,commune-banlieue,electricien,aucun,844,medium,/lyon/bron/electricien,a-creer,1,T1-quick-win,oui,"Banlieue grosse (41,000hab) - ocean bleu local, vol significatif"
plombier fontaine,transactional,local-listing,commune-banlieue,plombier,aucun,840,medium,/grenoble/fontaine/plombier,a-creer,1,T1-quick-win,oui,"Banlieue grosse (23,200hab) - ocean bleu local, vol significatif"
plombier sainte foy les lyon,transactional,local-listing,commune-banlieue,plombier,aucun,828,medium,/lyon/sainte-foy-les-lyon/plombier,a-creer,1,T1-quick-win,oui,"Banlieue grosse (22,400hab) - ocean bleu local, vol significatif"
electricien saint martin d heres,transactional,local-listing,commune-banlieue,electricien,aucun,825,medium,/grenoble/saint-martin-d-heres/electricien,a-creer,1,T1-quick-win,oui,"Banlieue grosse (38,800hab) - ocean bleu local, vol significatif"
plombier tassin la demi lune,transactional,local-listing,commune-banlieue,plombier,aucun,823,medium,/lyon/tassin-la-demi-lune/plombier,a-creer,1,T1-quick-win,oui,"Banlieue grosse (22,100hab) - ocean bleu local, vol significatif"
plombier saint genis laval,transactional,local-listing,commune-banlieue,plombier,aucun,822,medium,/lyon/saint-genis-laval/plombier,a-creer,1,T1-quick-win,oui,"Banlieue grosse (22,000hab) - ocean bleu local, vol significatif"
plombier annecy le vieux,transactional,local-listing,commune-banlieue,plombier,aucun,807,medium,/annecy/annecy-le-vieux/plombier,a-creer,1,T1-quick-win,oui,"Banlieue grosse (21,000hab) - ocean bleu local, vol significatif"
electricien echirolles,transactional,local-listing,commune-banlieue,electricien,aucun,807,medium,/grenoble/echirolles/electricien,a-creer,1,T1-quick-win,oui,"Banlieue grosse (36,700hab) - ocean bleu local, vol significatif"
plombier seynod,transactional,local-listing,commune-banlieue,plombier,aucun,791,medium,/annecy/seynod/plombier,a-creer,1,T1-quick-win,oui,"Banlieue grosse (20,000hab) - ocean bleu local, vol significatif"
plombier givors,transactional,local-listing,commune-banlieue,plombier,aucun,788,medium,/lyon/givors/plombier,a-creer,1,T1-quick-win,oui,"Banlieue grosse (19,800hab) - ocean bleu local, vol significatif"
plombier bourg les valence,transactional,local-listing,commune-banlieue,plombier,aucun,786,medium,/valence/bourg-les-valence/plombier,a-creer,1,T1-quick-win,oui,"Banlieue grosse (19,700hab) - ocean bleu local, vol significatif"
electricien meyzieu,transactional,local-listing,commune-banlieue,electricien,aucun,780,medium,/lyon/meyzieu/electricien,a-creer,1,T1-quick-win,oui,"Banlieue grosse (33,700hab) - ocean bleu local, vol significatif"
plombier saint fons,transactional,local-listing,commune-banlieue,plombier,aucun,778,medium,/lyon/saint-fons/plombier,a-creer,1,T1-quick-win,oui,"Banlieue grosse (19,200hab) - ocean bleu local, vol significatif"
plombier ecully,transactional,local-listing,commune-banlieue,plombier,aucun,770,medium,/lyon/ecully/plombier,a-creer,1,T1-quick-win,oui,"Banlieue grosse (18,700hab) - ocean bleu local, vol significatif"
carreleur lyon 3e,transactional,local-listing,arrondissement-lyon,carreleur,aucun,768,medium,/lyon/lyon-3e/carreleur,a-creer,1,T1-quick-win,oui,"Arrondissement Lyon (105,100hab) - vol fort, page facile a creer"
chauffagiste lyon 3e,transactional,local-listing,arrondissement-lyon,chauffagiste,aucun,768,medium,/lyon/lyon-3e/chauffagiste,a-creer,1,T1-quick-win,oui,"Arrondissement Lyon (105,100hab) - vol fort, page facile a creer"
plombier cran gevrier,transactional,local-listing,commune-banlieue,plombier,aucun,759,medium,/annecy/cran-gevrier/plombier,a-creer,1,T1-quick-win,oui,"Banlieue grosse (18,000hab) - ocean bleu local, vol significatif"
electricien rillieux la pape,transactional,local-listing,commune-banlieue,electricien,aucun,756,medium,/lyon/rillieux-la-pape/electricien,a-creer,1,T1-quick-win,oui,"Banlieue grosse (31,200hab) - ocean bleu local, vol significatif"
plombier meylan,transactional,local-listing,commune-banlieue,plombier,aucun,755,medium,/grenoble/meylan/plombier,a-creer,1,T1-quick-win,oui,"Banlieue grosse (17,800hab) - ocean bleu local, vol significatif"
plombier annecy,transactional,local-listing,ville-principale,plombier,aucun,750,high,/annecy/plombier,existante,1,T2-volume-eleve,non,Top requete metier+ville - existante - SERP saturee top sites nationaux
plombier saint egreve,transactional,local-listing,commune-banlieue,plombier,aucun,736,medium,/grenoble/saint-egreve/plombier,a-creer,1,T1-quick-win,oui,"Banlieue grosse (16,700hab) - ocean bleu local, vol significatif"
electricien decines charpieu,transactional,local-listing,commune-banlieue,electricien,aucun,731,medium,/lyon/decines-charpieu/electricien,a-creer,1,T1-quick-win,oui,"Banlieue grosse (28,700hab) - ocean bleu local, vol significatif"
peintre villeurbanne,transactional,local-listing,commune-banlieue,peintre,aucun,721,medium,/lyon/villeurbanne/peintre,a-creer,1,T1-quick-win,oui,"Banlieue grosse (156,800hab) - ocean bleu local, vol significatif"
menuisier villeurbanne,transactional,local-listing,commune-banlieue,menuisier,aucun,721,medium,/lyon/villeurbanne/menuisier,a-creer,1,T1-quick-win,oui,"Banlieue grosse (156,800hab) - ocean bleu local, vol significatif"
electricien grenoble,transactional,local-listing,ville-principale,electricien,aucun,720,high,/grenoble/electricien,existante,1,T2-volume-eleve,non,Top requete metier+ville - existante - SERP saturee top sites nationaux
carreleur lyon 7e,transactional,local-listing,arrondissement-lyon,carreleur,aucun,713,medium,/lyon/lyon-7e/carreleur,a-creer,1,T1-quick-win,oui,"Arrondissement Lyon (87,100hab) - vol fort, page facile a creer"
chauffagiste lyon 7e,transactional,local-listing,arrondissement-lyon,chauffagiste,aucun,713,medium,/lyon/lyon-7e/chauffagiste,a-creer,1,T1-quick-win,oui,"Arrondissement Lyon (87,100hab) - vol fort, page facile a creer"
carreleur lyon 8e,transactional,local-listing,arrondissement-lyon,carreleur,aucun,710,medium,/lyon/lyon-8e/carreleur,a-creer,1,T1-quick-win,oui,"Arrondissement Lyon (86,400hab) - vol fort, page facile a creer"
chauffagiste lyon 8e,transactional,local-listing,arrondissement-lyon,chauffagiste,aucun,710,medium,/lyon/lyon-8e/chauffagiste,a-creer,1,T1-quick-win,oui,"Arrondissement Lyon (86,400hab) - vol fort, page facile a creer"
electricien oullins,transactional,local-listing,commune-banlieue,electricien,aucun,709,medium,/lyon/oullins/electricien,a-creer,1,T1-quick-win,oui,"Banlieue grosse (26,600hab) - ocean bleu local, vol significatif"
peintre lyon 9e,transactional,local-listing,arrondissement-lyon,peintre,aucun,695,medium,/lyon/lyon-9e/peintre,a-creer,1,T1-quick-win,oui,"Arrondissement Lyon (51,800hab) - vol fort, page facile a creer"
menuisier lyon 9e,transactional,local-listing,arrondissement-lyon,menuisier,aucun,695,medium,/lyon/lyon-9e/menuisier,a-creer,1,T1-quick-win,oui,"Arrondissement Lyon (51,800hab) - vol fort, page facile a creer"
peintre lyon 6e,transactional,local-listing,arrondissement-lyon,peintre,aucun,691,medium,/lyon/lyon-6e/peintre,a-creer,1,T1-quick-win,oui,"Arrondissement Lyon (51,100hab) - vol fort, page facile a creer"
menuisier lyon 6e,transactional,local-listing,arrondissement-lyon,menuisier,aucun,691,medium,/lyon/lyon-6e/menuisier,a-creer,1,T1-quick-win,oui,"Arrondissement Lyon (51,100hab) - vol fort, page facile a creer"
electricien fontaine,transactional,local-listing,commune-banlieue,electricien,aucun,672,medium,/grenoble/fontaine/electricien,a-creer,1,T1-quick-win,oui,"Banlieue grosse (23,200hab) - ocean bleu local, vol significatif"
peintre lyon 5e,transactional,local-listing,arrondissement-lyon,peintre,aucun,669,medium,/lyon/lyon-5e/peintre,a-creer,1,T1-quick-win,oui,"Arrondissement Lyon (47,200hab) - vol fort, page facile a creer"
menuisier lyon 5e,transactional,local-listing,arrondissement-lyon,menuisier,aucun,669,medium,/lyon/lyon-5e/menuisier,a-creer,1,T1-quick-win,oui,"Arrondissement Lyon (47,200hab) - vol fort, page facile a creer"
electricien sainte foy les lyon,transactional,local-listing,commune-banlieue,electricien,aucun,662,medium,/lyon/sainte-foy-les-lyon/electricien,a-creer,1,T1-quick-win,oui,"Banlieue grosse (22,400hab) - ocean bleu local, vol significatif"
electricien tassin la demi lune,transactional,local-listing,commune-banlieue,electricien,aucun,659,medium,/lyon/tassin-la-demi-lune/electricien,a-creer,1,T1-quick-win,oui,"Banlieue grosse (22,100hab) - ocean bleu local, vol significatif"
electricien saint genis laval,transactional,local-listing,commune-banlieue,electricien,aucun,657,medium,/lyon/saint-genis-laval/electricien,a-creer,1,T1-quick-win,oui,"Banlieue grosse (22,000hab) - ocean bleu local, vol significatif"
electricien annecy le vieux,transactional,local-listing,commune-banlieue,electricien,aucun,645,medium,/annecy/annecy-le-vieux/electricien,a-creer,1,T1-quick-win,oui,"Banlieue grosse (21,000hab) - ocean bleu local, vol significatif"
electricien seynod,transactional,local-listing,commune-banlieue,electricien,aucun,633,medium,/annecy/seynod/electricien,a-creer,1,T1-quick-win,oui,"Banlieue grosse (20,000hab) - ocean bleu local, vol significatif"
electricien givors,transactional,local-listing,commune-banlieue,electricien,aucun,630,medium,/lyon/givors/electricien,a-creer,1,T1-quick-win,oui,"Banlieue grosse (19,800hab) - ocean bleu local, vol significatif"
electricien bourg les valence,transactional,local-listing,commune-banlieue,electricien,aucun,629,medium,/valence/bourg-les-valence/electricien,a-creer,1,T1-quick-win,oui,"Banlieue grosse (19,700hab) - ocean bleu local, vol significatif"
electricien saint fons,transactional,local-listing,commune-banlieue,electricien,aucun,623,medium,/lyon/saint-fons/electricien,a-creer,1,T1-quick-win,oui,"Banlieue grosse (19,200hab) - ocean bleu local, vol significatif"
electricien ecully,transactional,local-listing,commune-banlieue,electricien,aucun,616,medium,/lyon/ecully/electricien,a-creer,1,T1-quick-win,oui,"Banlieue grosse (18,700hab) - ocean bleu local, vol significatif"
macon lyon 3e,transactional,local-listing,arrondissement-lyon,macon,aucun,614,medium,/lyon/lyon-3e/macon,a-creer,1,T1-quick-win,oui,"Arrondissement Lyon (105,100hab) - vol fort, page facile a creer"
couvreur lyon 3e,transactional,local-listing,arrondissement-lyon,couvreur,aucun,614,medium,/lyon/lyon-3e/couvreur,a-creer,1,T1-quick-win,oui,"Arrondissement Lyon (105,100hab) - vol fort, page facile a creer"
electricien cran gevrier,transactional,local-listing,commune-banlieue,electricien,aucun,607,medium,/annecy/cran-gevrier/electricien,a-creer,1,T1-quick-win,oui,"Banlieue grosse (18,000hab) - ocean bleu local, vol significatif"
electricien meylan,transactional,local-listing,commune-banlieue,electricien,aucun,604,medium,/grenoble/meylan/electricien,a-creer,1,T1-quick-win,oui,"Banlieue grosse (17,800hab) - ocean bleu local, vol significatif"
peintre lyon 4e,transactional,local-listing,arrondissement-lyon,peintre,aucun,603,medium,/lyon/lyon-4e/peintre,a-creer,1,T1-quick-win,oui,"Arrondissement Lyon (36,400hab) - vol fort, page facile a creer"
menuisier lyon 4e,transactional,local-listing,arrondissement-lyon,menuisier,aucun,603,medium,/lyon/lyon-4e/menuisier,a-creer,1,T1-quick-win,oui,"Arrondissement Lyon (36,400hab) - vol fort, page facile a creer"
carreleur villeurbanne,transactional,local-listing,commune-banlieue,carreleur,aucun,601,medium,/lyon/villeurbanne/carreleur,a-creer,1,T1-quick-win,oui,"Banlieue grosse (156,800hab) - ocean bleu local, vol significatif"
chauffagiste villeurbanne,transactional,local-listing,commune-banlieue,chauffagiste,aucun,601,medium,/lyon/villeurbanne/chauffagiste,a-creer,1,T1-quick-win,oui,"Banlieue grosse (156,800hab) - ocean bleu local, vol significatif"
plombier chambery,transactional,local-listing,ville-principale,plombier,aucun,600,high,/chambery/plombier,existante,1,T2-volume-eleve,non,Top requete metier+ville - existante - SERP saturee top sites nationaux
electricien annecy,transactional,local-listing,ville-principale,electricien,aucun,600,high,/annecy/electricien,existante,1,T2-volume-eleve,non,Top requete metier+ville - existante - SERP saturee top sites nationaux
peintre lyon,transactional,local-listing,ville-principale,peintre,aucun,600,high,/lyon/peintre,existante,1,T2-volume-eleve,non,Top requete metier+ville - existante - SERP saturee top sites nationaux
menuisier lyon,transactional,local-listing,ville-principale,menuisier,aucun,600,high,/lyon/menuisier,existante,1,T2-volume-eleve,non,Top requete metier+ville - existante - SERP saturee top sites nationaux
plombier valence,transactional,local-listing,ville-principale,plombier,aucun,600,high,/valence/plombier,existante,1,T2-volume-eleve,non,Top requete metier+ville - existante - SERP saturee top sites nationaux
maprimerenov 2026,informational,guide-howto,national,n/a,aucun,600,high,/guides/maprimerenov-demarches,existante,1,T4-questions-guides,non,"Existante - vol enorme, evergreen, mais SERP saturee gov"
electricien saint egreve,transactional,local-listing,commune-banlieue,electricien,aucun,589,medium,/grenoble/saint-egreve/electricien,a-creer,1,T1-quick-win,oui,"Banlieue grosse (16,700hab) - ocean bleu local, vol significatif"
carreleur lyon 9e,transactional,local-listing,arrondissement-lyon,carreleur,aucun,579,medium,/lyon/lyon-9e/carreleur,a-creer,1,T1-quick-win,oui,"Arrondissement Lyon (51,800hab) - vol fort, page facile a creer"
chauffagiste lyon 9e,transactional,local-listing,arrondissement-lyon,chauffagiste,aucun,579,medium,/lyon/lyon-9e/chauffagiste,a-creer,1,T1-quick-win,oui,"Arrondissement Lyon (51,800hab) - vol fort, page facile a creer"
carreleur lyon 6e,transactional,local-listing,arrondissement-lyon,carreleur,aucun,576,medium,/lyon/lyon-6e/carreleur,a-creer,1,T1-quick-win,oui,"Arrondissement Lyon (51,100hab) - vol fort, page facile a creer"
chauffagiste lyon 6e,transactional,local-listing,arrondissement-lyon,chauffagiste,aucun,576,medium,/lyon/lyon-6e/chauffagiste,a-creer,1,T1-quick-win,oui,"Arrondissement Lyon (51,100hab) - vol fort, page facile a creer"
plombier urgence lyon,transactional,local-listing,ville-principale,plombier,urgence,575,medium,/urgence,existante,1,T1-quick-win,oui,Urgence + metier critique - intent achat immediat
electricien urgence lyon,transactional,local-listing,ville-principale,electricien,urgence,575,medium,/urgence,existante,1,T1-quick-win,oui,Urgence + metier critique - intent achat immediat
chauffagiste urgence lyon,transactional,local-listing,ville-principale,chauffagiste,urgence,575,medium,/urgence,existante,1,T1-quick-win,oui,Urgence + metier critique - intent achat immediat
peintre lyon 2e,transactional,local-listing,arrondissement-lyon,peintre,aucun,573,medium,/lyon/lyon-2e/peintre,a-creer,1,T1-quick-win,oui,"Arrondissement Lyon (32,100hab) - vol fort, page facile a creer"
menuisier lyon 2e,transactional,local-listing,arrondissement-lyon,menuisier,aucun,573,medium,/lyon/lyon-2e/menuisier,a-creer,1,T1-quick-win,oui,"Arrondissement Lyon (32,100hab) - vol fort, page facile a creer"
macon lyon 7e,transactional,local-listing,arrondissement-lyon,macon,aucun,570,medium,/lyon/lyon-7e/macon,a-creer,1,T1-quick-win,oui,"Arrondissement Lyon (87,100hab) - vol fort, page facile a creer"
couvreur lyon 7e,transactional,local-listing,arrondissement-lyon,couvreur,aucun,570,medium,/lyon/lyon-7e/couvreur,a-creer,1,T1-quick-win,oui,"Arrondissement Lyon (87,100hab) - vol fort, page facile a creer"
macon lyon 8e,transactional,local-listing,arrondissement-lyon,macon,aucun,568,medium,/lyon/lyon-8e/macon,a-creer,1,T1-quick-win,oui,"Arrondissement Lyon (86,400hab) - vol fort, page facile a creer"
couvreur lyon 8e,transactional,local-listing,arrondissement-lyon,couvreur,aucun,568,medium,/lyon/lyon-8e/couvreur,a-creer,1,T1-quick-win,oui,"Arrondissement Lyon (86,400hab) - vol fort, page facile a creer"
carreleur lyon 5e,transactional,local-listing,arrondissement-lyon,carreleur,aucun,558,medium,/lyon/lyon-5e/carreleur,a-creer,1,T1-quick-win,oui,"Arrondissement Lyon (47,200hab) - vol fort, page facile a creer"
chauffagiste lyon 5e,transactional,local-listing,arrondissement-lyon,chauffagiste,aucun,558,medium,/lyon/lyon-5e/chauffagiste,a-creer,1,T1-quick-win,oui,"Arrondissement Lyon (47,200hab) - vol fort, page facile a creer"
peintre lyon 1er,transactional,local-listing,arrondissement-lyon,peintre,aucun,549,medium,/lyon/lyon-1er/peintre,a-creer,1,T1-quick-win,oui,"Arrondissement Lyon (28,800hab) - vol fort, page facile a creer"
menuisier lyon 1er,transactional,local-listing,arrondissement-lyon,menuisier,aucun,549,medium,/lyon/lyon-1er/menuisier,a-creer,1,T1-quick-win,oui,"Arrondissement Lyon (28,800hab) - vol fort, page facile a creer"
peintre venissieux,transactional,local-listing,commune-banlieue,peintre,aucun,507,medium,/lyon/venissieux/peintre,a-creer,1,T1-quick-win,oui,"Banlieue grosse (65,100hab) - ocean bleu local, vol significatif"
menuisier venissieux,transactional,local-listing,commune-banlieue,menuisier,aucun,507,medium,/lyon/venissieux/menuisier,a-creer,1,T1-quick-win,oui,"Banlieue grosse (65,100hab) - ocean bleu local, vol significatif"
carreleur lyon 4e,transactional,local-listing,arrondissement-lyon,carreleur,aucun,502,medium,/lyon/lyon-4e/carreleur,a-creer,1,T1-quick-win,oui,"Arrondissement Lyon (36,400hab) - vol fort, page facile a creer"
chauffagiste lyon 4e,transactional,local-listing,arrondissement-lyon,chauffagiste,aucun,502,medium,/lyon/lyon-4e/chauffagiste,a-creer,1,T1-quick-win,oui,"Arrondissement Lyon (36,400hab) - vol fort, page facile a creer"
artisan annecy,transactional,ville-hub,ville-principale,multi,aucun,500,high,/annecy,existante,1,T2-volume-eleve,non,Hub ville - existante a optimiser - SERP dominee par PagesJaunes
artisan grenoble,transactional,ville-hub,ville-principale,multi,aucun,500,high,/grenoble,existante,1,T2-volume-eleve,non,Hub ville - existante a optimiser - SERP dominee par PagesJaunes
artisan lyon,transactional,ville-hub,ville-principale,multi,aucun,500,high,/lyon,existante,1,T2-volume-eleve,non,Hub ville - existante a optimiser - SERP dominee par PagesJaunes
carreleur lyon,transactional,local-listing,ville-principale,carreleur,aucun,500,high,/lyon/carreleur,existante,1,T2-volume-eleve,non,Top requete metier+ville - existante - SERP saturee top sites nationaux
chauffagiste lyon,transactional,local-listing,ville-principale,chauffagiste,aucun,500,high,/lyon/chauffagiste,existante,1,T2-volume-eleve,non,Top requete metier+ville - existante - SERP saturee top sites nationaux
prix plombier,informational,prix-tarif,national,plombier,prix,500,high,/prix/plombier,existante,1,T2-volume-eleve,non,Existante - prix metier en general - autorite a construire
prix electricien,informational,prix-tarif,national,electricien,prix,500,high,/prix/electricien,existante,1,T2-volume-eleve,non,Existante - prix metier en general - autorite a construire
prix peintre,informational,prix-tarif,national,peintre,prix,500,high,/prix/peintre,existante,1,T2-volume-eleve,non,Existante - prix metier en general - autorite a construire
prix macon,informational,prix-tarif,national,macon,prix,500,high,/prix/macon,existante,1,T2-volume-eleve,non,Existante - prix metier en general - autorite a construire
prix carreleur,informational,prix-tarif,national,carreleur,prix,500,high,/prix/carreleur,existante,1,T2-volume-eleve,non,Existante - prix metier en general - autorite a construire
prix menuisier,informational,prix-tarif,national,menuisier,prix,500,high,/prix/menuisier,existante,1,T2-volume-eleve,non,Existante - prix metier en general - autorite a construire
prix couvreur,informational,prix-tarif,national,couvreur,prix,500,high,/prix/couvreur,existante,1,T2-volume-eleve,non,Existante - prix metier en general - autorite a construire
prix chauffagiste,informational,prix-tarif,national,chauffagiste,prix,500,high,/prix/chauffagiste,existante,1,T2-volume-eleve,non,Existante - prix metier en general - autorite a construire
prix renovation salle de bain,informational,guide-howto,national,n/a,prix,500,high,/guides/prix-renovation-salle-bain,existante,1,T4-questions-guides,non,"Existante - top vol, SERP saturee Effy/Hellowatt/Travaux.com"
macon villeurbanne,transactional,local-listing,commune-banlieue,macon,aucun,481,medium,/lyon/villeurbanne/macon,a-creer,1,T1-quick-win,oui,"Banlieue grosse (156,800hab) - ocean bleu local, vol significatif"
couvreur villeurbanne,transactional,local-listing,commune-banlieue,couvreur,aucun,481,medium,/lyon/villeurbanne/couvreur,a-creer,1,T1-quick-win,oui,"Banlieue grosse (156,800hab) - ocean bleu local, vol significatif"
electricien chambery,transactional,local-listing,ville-principale,electricien,aucun,480,high,/chambery/electricien,existante,1,T2-volume-eleve,non,Top requete metier+ville - existante - SERP saturee top sites nationaux
electricien valence,transactional,local-listing,ville-principale,electricien,aucun,480,high,/valence/electricien,existante,1,T2-volume-eleve,non,Top requete metier+ville - existante - SERP saturee top sites nationaux
carreleur lyon 2e,transactional,local-listing,arrondissement-lyon,carreleur,aucun,478,medium,/lyon/lyon-2e/carreleur,a-creer,1,T1-quick-win,oui,"Arrondissement Lyon (32,100hab) - vol fort, page facile a creer"
chauffagiste lyon 2e,transactional,local-listing,arrondissement-lyon,chauffagiste,aucun,478,medium,/lyon/lyon-2e/chauffagiste,a-creer,1,T1-quick-win,oui,"Arrondissement Lyon (32,100hab) - vol fort, page facile a creer"
peintre vaulx en velin,transactional,local-listing,commune-banlieue,peintre,aucun,468,medium,/lyon/vaulx-en-velin/peintre,a-creer,1,T1-quick-win,oui,"Banlieue grosse (53,100hab) - ocean bleu local, vol significatif"
menuisier vaulx en velin,transactional,local-listing,commune-banlieue,menuisier,aucun,468,medium,/lyon/vaulx-en-velin/menuisier,a-creer,1,T1-quick-win,oui,"Banlieue grosse (53,100hab) - ocean bleu local, vol significatif"
macon lyon 9e,transactional,local-listing,arrondissement-lyon,macon,aucun,463,medium,/lyon/lyon-9e/macon,a-creer,1,T1-quick-win,oui,"Arrondissement Lyon (51,800hab) - vol fort, page facile a creer"
couvreur lyon 9e,transactional,local-listing,arrondissement-lyon,couvreur,aucun,463,medium,/lyon/lyon-9e/couvreur,a-creer,1,T1-quick-win,oui,"Arrondissement Lyon (51,800hab) - vol fort, page facile a creer"
macon lyon 6e,transactional,local-listing,arrondissement-lyon,macon,aucun,460,medium,/lyon/lyon-6e/macon,a-creer,1,T1-quick-win,oui,"Arrondissement Lyon (51,100hab) - vol fort, page facile a creer"
couvreur lyon 6e,transactional,local-listing,arrondissement-lyon,couvreur,aucun,460,medium,/lyon/lyon-6e/couvreur,a-creer,1,T1-quick-win,oui,"Arrondissement Lyon (51,100hab) - vol fort, page facile a creer"
carreleur lyon 1er,transactional,local-listing,arrondissement-lyon,carreleur,aucun,458,medium,/lyon/lyon-1er/carreleur,a-creer,1,T1-quick-win,oui,"Arrondissement Lyon (28,800hab) - vol fort, page facile a creer"
chauffagiste lyon 1er,transactional,local-listing,arrondissement-lyon,chauffagiste,aucun,458,medium,/lyon/lyon-1er/chauffagiste,a-creer,1,T1-quick-win,oui,"Arrondissement Lyon (28,800hab) - vol fort, page facile a creer"
peintre saint priest,transactional,local-listing,commune-banlieue,peintre,aucun,448,medium,/lyon/saint-priest/peintre,a-creer,1,T1-quick-win,oui,"Banlieue grosse (47,800hab) - ocean bleu local, vol significatif"
menuisier saint priest,transactional,local-listing,commune-banlieue,menuisier,aucun,448,medium,/lyon/saint-priest/menuisier,a-creer,1,T1-quick-win,oui,"Banlieue grosse (47,800hab) - ocean bleu local, vol significatif"
macon lyon 5e,transactional,local-listing,arrondissement-lyon,macon,aucun,446,medium,/lyon/lyon-5e/macon,a-creer,1,T1-quick-win,oui,"Arrondissement Lyon (47,200hab) - vol fort, page facile a creer"
couvreur lyon 5e,transactional,local-listing,arrondissement-lyon,couvreur,aucun,446,medium,/lyon/lyon-5e/couvreur,a-creer,1,T1-quick-win,oui,"Arrondissement Lyon (47,200hab) - vol fort, page facile a creer"
peintre caluire et cuire,transactional,local-listing,commune-banlieue,peintre,aucun,430,medium,/lyon/caluire-et-cuire/peintre,a-creer,1,T1-quick-win,oui,"Banlieue grosse (43,100hab) - ocean bleu local, vol significatif"
menuisier caluire et cuire,transactional,local-listing,commune-banlieue,menuisier,aucun,430,medium,/lyon/caluire-et-cuire/menuisier,a-creer,1,T1-quick-win,oui,"Banlieue grosse (43,100hab) - ocean bleu local, vol significatif"
carreleur venissieux,transactional,local-listing,commune-banlieue,carreleur,aucun,423,medium,/lyon/venissieux/carreleur,a-creer,1,T1-quick-win,oui,"Banlieue grosse (65,100hab) - ocean bleu local, vol significatif"
chauffagiste venissieux,transactional,local-listing,commune-banlieue,chauffagiste,aucun,423,medium,/lyon/venissieux/chauffagiste,a-creer,1,T1-quick-win,oui,"Banlieue grosse (65,100hab) - ocean bleu local, vol significatif"
peintre bron,transactional,local-listing,commune-banlieue,peintre,aucun,422,medium,/lyon/bron/peintre,a-creer,1,T1-quick-win,oui,"Banlieue grosse (41,000hab) - ocean bleu local, vol significatif"
menuisier bron,transactional,local-listing,commune-banlieue,menuisier,aucun,422,medium,/lyon/bron/menuisier,a-creer,1,T1-quick-win,oui,"Banlieue grosse (41,000hab) - ocean bleu local, vol significatif"
peintre saint martin d heres,transactional,local-listing,commune-banlieue,peintre,aucun,412,medium,/grenoble/saint-martin-d-heres/peintre,a-creer,1,T1-quick-win,oui,"Banlieue grosse (38,800hab) - ocean bleu local, vol significatif"
menuisier saint martin d heres,transactional,local-listing,commune-banlieue,menuisier,aucun,412,medium,/grenoble/saint-martin-d-heres/menuisier,a-creer,1,T1-quick-win,oui,"Banlieue grosse (38,800hab) - ocean bleu local, vol significatif"
peintre echirolles,transactional,local-listing,commune-banlieue,peintre,aucun,403,medium,/grenoble/echirolles/peintre,a-creer,1,T1-quick-win,oui,"Banlieue grosse (36,700hab) - ocean bleu local, vol significatif"
menuisier echirolles,transactional,local-listing,commune-banlieue,menuisier,aucun,403,medium,/grenoble/echirolles/menuisier,a-creer,1,T1-quick-win,oui,"Banlieue grosse (36,700hab) - ocean bleu local, vol significatif"
macon lyon 4e,transactional,local-listing,arrondissement-lyon,macon,aucun,402,medium,/lyon/lyon-4e/macon,a-creer,1,T1-quick-win,oui,"Arrondissement Lyon (36,400hab) - vol fort, page facile a creer"
couvreur lyon 4e,transactional,local-listing,arrondissement-lyon,couvreur,aucun,402,medium,/lyon/lyon-4e/couvreur,a-creer,1,T1-quick-win,oui,"Arrondissement Lyon (36,400hab) - vol fort, page facile a creer"
artisans annecy,transactional,ville-hub,ville-principale,multi,aucun,400,high,/annecy,existante,1,T2-volume-eleve,non,Pluriel de la requete generique ville
artisans grenoble,transactional,ville-hub,ville-principale,multi,aucun,400,high,/grenoble,existante,1,T2-volume-eleve,non,Pluriel de la requete generique ville
artisans lyon,transactional,ville-hub,ville-principale,multi,aucun,400,high,/lyon,existante,1,T2-volume-eleve,non,Pluriel de la requete generique ville
macon lyon,transactional,local-listing,ville-principale,macon,aucun,400,high,/lyon/macon,existante,1,T2-volume-eleve,non,Top requete metier+ville - existante - SERP saturee top sites nationaux
couvreur lyon,transactional,local-listing,ville-principale,couvreur,aucun,400,high,/lyon/couvreur,existante,1,T2-volume-eleve,non,Top requete metier+ville - existante - SERP saturee top sites nationaux
prix renovation salle de bain,informational,prix-tarif,national,plombier,prix,400,medium,/prix/plombier/salle-de-bain,a-creer,1,T2-volume-eleve,oui,Sous-page prix par type de travaux - intent achat fort
prix installation pompe a chaleur,informational,prix-tarif,national,chauffagiste,prix,400,medium,/prix/chauffagiste/pompe-a-chaleur,a-creer,1,T2-volume-eleve,oui,Sous-page prix par type de travaux - intent achat fort
fuite eau que faire,transactional,guide-howto,national,multi,aucun,400,medium,/guides/que-faire-fuite-eau,a-creer,1,T4-questions-guides,oui,Top 50 question guide - urgence - vol 400
pompe a chaleur ou chaudiere gaz,informational,guide-howto,national,multi,aucun,400,medium,/guides/pompe-chaleur-vs-gaz,a-creer,1,T4-questions-guides,oui,Top 50 question guide - info - vol 400
carreleur vaulx en velin,transactional,local-listing,commune-banlieue,carreleur,aucun,390,medium,/lyon/vaulx-en-velin/carreleur,a-creer,1,T1-quick-win,oui,"Banlieue grosse (53,100hab) - ocean bleu local, vol significatif"
chauffagiste vaulx en velin,transactional,local-listing,commune-banlieue,chauffagiste,aucun,390,medium,/lyon/vaulx-en-velin/chauffagiste,a-creer,1,T1-quick-win,oui,"Banlieue grosse (53,100hab) - ocean bleu local, vol significatif"
peintre meyzieu,transactional,local-listing,commune-banlieue,peintre,aucun,390,medium,/lyon/meyzieu/peintre,a-creer,1,T1-quick-win,oui,"Banlieue grosse (33,700hab) - ocean bleu local, vol significatif"
menuisier meyzieu,transactional,local-listing,commune-banlieue,menuisier,aucun,390,medium,/lyon/meyzieu/menuisier,a-creer,1,T1-quick-win,oui,"Banlieue grosse (33,700hab) - ocean bleu local, vol significatif"
macon lyon 2e,transactional,local-listing,arrondissement-lyon,macon,aucun,382,medium,/lyon/lyon-2e/macon,a-creer,1,T1-quick-win,oui,"Arrondissement Lyon (32,100hab) - vol fort, page facile a creer"
couvreur lyon 2e,transactional,local-listing,arrondissement-lyon,couvreur,aucun,382,medium,/lyon/lyon-2e/couvreur,a-creer,1,T1-quick-win,oui,"Arrondissement Lyon (32,100hab) - vol fort, page facile a creer"
peintre rillieux la pape,transactional,local-listing,commune-banlieue,peintre,aucun,378,medium,/lyon/rillieux-la-pape/peintre,a-creer,1,T1-quick-win,oui,"Banlieue grosse (31,200hab) - ocean bleu local, vol significatif"
menuisier rillieux la pape,transactional,local-listing,commune-banlieue,menuisier,aucun,378,medium,/lyon/rillieux-la-pape/menuisier,a-creer,1,T1-quick-win,oui,"Banlieue grosse (31,200hab) - ocean bleu local, vol significatif"
carreleur saint priest,transactional,local-listing,commune-banlieue,carreleur,aucun,373,medium,/lyon/saint-priest/carreleur,a-creer,1,T1-quick-win,oui,"Banlieue grosse (47,800hab) - ocean bleu local, vol significatif"
chauffagiste saint priest,transactional,local-listing,commune-banlieue,chauffagiste,aucun,373,medium,/lyon/saint-priest/chauffagiste,a-creer,1,T1-quick-win,oui,"Banlieue grosse (47,800hab) - ocean bleu local, vol significatif"
macon lyon 1er,transactional,local-listing,arrondissement-lyon,macon,aucun,366,medium,/lyon/lyon-1er/macon,a-creer,1,T1-quick-win,oui,"Arrondissement Lyon (28,800hab) - vol fort, page facile a creer"
couvreur lyon 1er,transactional,local-listing,arrondissement-lyon,couvreur,aucun,366,medium,/lyon/lyon-1er/couvreur,a-creer,1,T1-quick-win,oui,"Arrondissement Lyon (28,800hab) - vol fort, page facile a creer"
peintre decines charpieu,transactional,local-listing,commune-banlieue,peintre,aucun,365,medium,/lyon/decines-charpieu/peintre,a-creer,1,T1-quick-win,oui,"Banlieue grosse (28,700hab) - ocean bleu local, vol significatif"
menuisier decines charpieu,transactional,local-listing,commune-banlieue,menuisier,aucun,365,medium,/lyon/decines-charpieu/menuisier,a-creer,1,T1-quick-win,oui,"Banlieue grosse (28,700hab) - ocean bleu local, vol significatif"
peintre grenoble,transactional,local-listing,ville-principale,peintre,aucun,360,high,/grenoble/peintre,existante,1,T2-volume-eleve,non,Top requete metier+ville - existante - SERP saturee top sites nationaux
menuisier grenoble,transactional,local-listing,ville-principale,menuisier,aucun,360,high,/grenoble/menuisier,existante,1,T2-volume-eleve,non,Top requete metier+ville - existante - SERP saturee top sites nationaux
carreleur caluire et cuire,transactional,local-listing,commune-banlieue,carreleur,aucun,358,medium,/lyon/caluire-et-cuire/carreleur,a-creer,1,T1-quick-win,oui,"Banlieue grosse (43,100hab) - ocean bleu local, vol significatif"
chauffagiste caluire et cuire,transactional,local-listing,commune-banlieue,chauffagiste,aucun,358,medium,/lyon/caluire-et-cuire/chauffagiste,a-creer,1,T1-quick-win,oui,"Banlieue grosse (43,100hab) - ocean bleu local, vol significatif"
peintre oullins,transactional,local-listing,commune-banlieue,peintre,aucun,354,medium,/lyon/oullins/peintre,a-creer,1,T1-quick-win,oui,"Banlieue grosse (26,600hab) - ocean bleu local, vol significatif"
menuisier oullins,transactional,local-listing,commune-banlieue,menuisier,aucun,354,medium,/lyon/oullins/menuisier,a-creer,1,T1-quick-win,oui,"Banlieue grosse (26,600hab) - ocean bleu local, vol significatif"
carreleur bron,transactional,local-listing,commune-banlieue,carreleur,aucun,351,medium,/lyon/bron/carreleur,a-creer,1,T1-quick-win,oui,"Banlieue grosse (41,000hab) - ocean bleu local, vol significatif"
chauffagiste bron,transactional,local-listing,commune-banlieue,chauffagiste,aucun,351,medium,/lyon/bron/chauffagiste,a-creer,1,T1-quick-win,oui,"Banlieue grosse (41,000hab) - ocean bleu local, vol significatif"
carreleur saint martin d heres,transactional,local-listing,commune-banlieue,carreleur,aucun,344,medium,/grenoble/saint-martin-d-heres/carreleur,a-creer,1,T1-quick-win,oui,"Banlieue grosse (38,800hab) - ocean bleu local, vol significatif"
chauffagiste saint martin d heres,transactional,local-listing,commune-banlieue,chauffagiste,aucun,344,medium,/grenoble/saint-martin-d-heres/chauffagiste,a-creer,1,T1-quick-win,oui,"Banlieue grosse (38,800hab) - ocean bleu local, vol significatif"
macon venissieux,transactional,local-listing,commune-banlieue,macon,aucun,338,medium,/lyon/venissieux/macon,a-creer,1,T1-quick-win,oui,"Banlieue grosse (65,100hab) - ocean bleu local, vol significatif"
couvreur venissieux,transactional,local-listing,commune-banlieue,couvreur,aucun,338,medium,/lyon/venissieux/couvreur,a-creer,1,T1-quick-win,oui,"Banlieue grosse (65,100hab) - ocean bleu local, vol significatif"
carreleur echirolles,transactional,local-listing,commune-banlieue,carreleur,aucun,336,medium,/grenoble/echirolles/carreleur,a-creer,1,T1-quick-win,oui,"Banlieue grosse (36,700hab) - ocean bleu local, vol significatif"
chauffagiste echirolles,transactional,local-listing,commune-banlieue,chauffagiste,aucun,336,medium,/grenoble/echirolles/chauffagiste,a-creer,1,T1-quick-win,oui,"Banlieue grosse (36,700hab) - ocean bleu local, vol significatif"
peintre fontaine,transactional,local-listing,commune-banlieue,peintre,aucun,336,medium,/grenoble/fontaine/peintre,a-creer,1,T1-quick-win,oui,"Banlieue grosse (23,200hab) - ocean bleu local, vol significatif"
menuisier fontaine,transactional,local-listing,commune-banlieue,menuisier,aucun,336,medium,/grenoble/fontaine/menuisier,a-creer,1,T1-quick-win,oui,"Banlieue grosse (23,200hab) - ocean bleu local, vol significatif"
peintre sainte foy les lyon,transactional,local-listing,commune-banlieue,peintre,aucun,331,medium,/lyon/sainte-foy-les-lyon/peintre,a-creer,1,T1-quick-win,oui,"Banlieue grosse (22,400hab) - ocean bleu local, vol significatif"
menuisier sainte foy les lyon,transactional,local-listing,commune-banlieue,menuisier,aucun,331,medium,/lyon/sainte-foy-les-lyon/menuisier,a-creer,1,T1-quick-win,oui,"Banlieue grosse (22,400hab) - ocean bleu local, vol significatif"
peintre tassin la demi lune,transactional,local-listing,commune-banlieue,peintre,aucun,329,medium,/lyon/tassin-la-demi-lune/peintre,a-creer,1,T1-quick-win,oui,"Banlieue grosse (22,100hab) - ocean bleu local, vol significatif"
menuisier tassin la demi lune,transactional,local-listing,commune-banlieue,menuisier,aucun,329,medium,/lyon/tassin-la-demi-lune/menuisier,a-creer,1,T1-quick-win,oui,"Banlieue grosse (22,100hab) - ocean bleu local, vol significatif"
peintre saint genis laval,transactional,local-listing,commune-banlieue,peintre,aucun,328,medium,/lyon/saint-genis-laval/peintre,a-creer,1,T1-quick-win,oui,"Banlieue grosse (22,000hab) - ocean bleu local, vol significatif"
menuisier saint genis laval,transactional,local-listing,commune-banlieue,menuisier,aucun,328,medium,/lyon/saint-genis-laval/menuisier,a-creer,1,T1-quick-win,oui,"Banlieue grosse (22,000hab) - ocean bleu local, vol significatif"
carreleur meyzieu,transactional,local-listing,commune-banlieue,carreleur,aucun,325,medium,/lyon/meyzieu/carreleur,a-creer,1,T1-quick-win,oui,"Banlieue grosse (33,700hab) - ocean bleu local, vol significatif"
chauffagiste meyzieu,transactional,local-listing,commune-banlieue,chauffagiste,aucun,325,medium,/lyon/meyzieu/chauffagiste,a-creer,1,T1-quick-win,oui,"Banlieue grosse (33,700hab) - ocean bleu local, vol significatif"
peintre annecy le vieux,transactional,local-listing,commune-banlieue,peintre,aucun,322,medium,/annecy/annecy-le-vieux/peintre,a-creer,1,T1-quick-win,oui,"Banlieue grosse (21,000hab) - ocean bleu local, vol significatif"
menuisier annecy le vieux,transactional,local-listing,commune-banlieue,menuisier,aucun,322,medium,/annecy/annecy-le-vieux/menuisier,a-creer,1,T1-quick-win,oui,"Banlieue grosse (21,000hab) - ocean bleu local, vol significatif"
peintre seynod,transactional,local-listing,commune-banlieue,peintre,aucun,316,medium,/annecy/seynod/peintre,a-creer,1,T1-quick-win,oui,"Banlieue grosse (20,000hab) - ocean bleu local, vol significatif"
menuisier seynod,transactional,local-listing,commune-banlieue,menuisier,aucun,316,medium,/annecy/seynod/menuisier,a-creer,1,T1-quick-win,oui,"Banlieue grosse (20,000hab) - ocean bleu local, vol significatif"
carreleur rillieux la pape,transactional,local-listing,commune-banlieue,carreleur,aucun,315,medium,/lyon/rillieux-la-pape/carreleur,a-creer,1,T1-quick-win,oui,"Banlieue grosse (31,200hab) - ocean bleu local, vol significatif"
chauffagiste rillieux la pape,transactional,local-listing,commune-banlieue,chauffagiste,aucun,315,medium,/lyon/rillieux-la-pape/chauffagiste,a-creer,1,T1-quick-win,oui,"Banlieue grosse (31,200hab) - ocean bleu local, vol significatif"
peintre givors,transactional,local-listing,commune-banlieue,peintre,aucun,315,medium,/lyon/givors/peintre,a-creer,1,T1-quick-win,oui,"Banlieue grosse (19,800hab) - ocean bleu local, vol significatif"
menuisier givors,transactional,local-listing,commune-banlieue,menuisier,aucun,315,medium,/lyon/givors/menuisier,a-creer,1,T1-quick-win,oui,"Banlieue grosse (19,800hab) - ocean bleu local, vol significatif"
peintre bourg les valence,transactional,local-listing,commune-banlieue,peintre,aucun,314,medium,/valence/bourg-les-valence/peintre,a-creer,1,T1-quick-win,oui,"Banlieue grosse (19,700hab) - ocean bleu local, vol significatif"
menuisier bourg les valence,transactional,local-listing,commune-banlieue,menuisier,aucun,314,medium,/valence/bourg-les-valence/menuisier,a-creer,1,T1-quick-win,oui,"Banlieue grosse (19,700hab) - ocean bleu local, vol significatif"
plombier urgence grenoble,transactional,local-listing,ville-principale,plombier,urgence,314,medium,/urgence,existante,1,T1-quick-win,oui,Urgence + metier critique - intent achat immediat
electricien urgence grenoble,transactional,local-listing,ville-principale,electricien,urgence,314,medium,/urgence,existante,1,T1-quick-win,oui,Urgence + metier critique - intent achat immediat
chauffagiste urgence grenoble,transactional,local-listing,ville-principale,chauffagiste,urgence,314,medium,/urgence,existante,1,T1-quick-win,oui,Urgence + metier critique - intent achat immediat
plombier urgence villeurbanne,transactional,local-listing,commune-banlieue,plombier,urgence,313,medium,/urgence,existante,1,T1-quick-win,oui,Urgence + metier critique - intent achat immediat
electricien urgence villeurbanne,transactional,local-listing,commune-banlieue,electricien,urgence,313,medium,/urgence,existante,1,T1-quick-win,oui,Urgence + metier critique - intent achat immediat
chauffagiste urgence villeurbanne,transactional,local-listing,commune-banlieue,chauffagiste,urgence,313,medium,/urgence,existante,1,T1-quick-win,oui,Urgence + metier critique - intent achat immediat
macon vaulx en velin,transactional,local-listing,commune-banlieue,macon,aucun,312,medium,/lyon/vaulx-en-velin/macon,a-creer,1,T1-quick-win,oui,"Banlieue grosse (53,100hab) - ocean bleu local, vol significatif"
couvreur vaulx en velin,transactional,local-listing,commune-banlieue,couvreur,aucun,312,medium,/lyon/vaulx-en-velin/couvreur,a-creer,1,T1-quick-win,oui,"Banlieue grosse (53,100hab) - ocean bleu local, vol significatif"
peintre saint fons,transactional,local-listing,commune-banlieue,peintre,aucun,311,medium,/lyon/saint-fons/peintre,a-creer,1,T1-quick-win,oui,"Banlieue grosse (19,200hab) - ocean bleu local, vol significatif"
menuisier saint fons,transactional,local-listing,commune-banlieue,menuisier,aucun,311,medium,/lyon/saint-fons/menuisier,a-creer,1,T1-quick-win,oui,"Banlieue grosse (19,200hab) - ocean bleu local, vol significatif"
peintre ecully,transactional,local-listing,commune-banlieue,peintre,aucun,308,medium,/lyon/ecully/peintre,a-creer,1,T1-quick-win,oui,"Banlieue grosse (18,700hab) - ocean bleu local, vol significatif"
menuisier ecully,transactional,local-listing,commune-banlieue,menuisier,aucun,308,medium,/lyon/ecully/menuisier,a-creer,1,T1-quick-win,oui,"Banlieue grosse (18,700hab) - ocean bleu local, vol significatif"
carreleur decines charpieu,transactional,local-listing,commune-banlieue,carreleur,aucun,304,medium,/lyon/decines-charpieu/carreleur,a-creer,1,T1-quick-win,oui,"Banlieue grosse (28,700hab) - ocean bleu local, vol significatif"
chauffagiste decines charpieu,transactional,local-listing,commune-banlieue,chauffagiste,aucun,304,medium,/lyon/decines-charpieu/chauffagiste,a-creer,1,T1-quick-win,oui,"Banlieue grosse (28,700hab) - ocean bleu local, vol significatif"
peintre cran gevrier,transactional,local-listing,commune-banlieue,peintre,aucun,303,medium,/annecy/cran-gevrier/peintre,a-creer,1,T1-quick-win,oui,"Banlieue grosse (18,000hab) - ocean bleu local, vol significatif"
menuisier cran gevrier,transactional,local-listing,commune-banlieue,menuisier,aucun,303,medium,/annecy/cran-gevrier/menuisier,a-creer,1,T1-quick-win,oui,"Banlieue grosse (18,000hab) - ocean bleu local, vol significatif"
peintre meylan,transactional,local-listing,commune-banlieue,peintre,aucun,302,medium,/grenoble/meylan/peintre,a-creer,1,T1-quick-win,oui,"Banlieue grosse (17,800hab) - ocean bleu local, vol significatif"
menuisier meylan,transactional,local-listing,commune-banlieue,menuisier,aucun,302,medium,/grenoble/meylan/menuisier,a-creer,1,T1-quick-win,oui,"Banlieue grosse (17,800hab) - ocean bleu local, vol significatif"
peintre annecy,transactional,local-listing,ville-principale,peintre,aucun,300,high,/annecy/peintre,existante,1,T2-volume-eleve,non,Top requete metier+ville - existante - SERP saturee top sites nationaux
menuisier annecy,transactional,local-listing,ville-principale,menuisier,aucun,300,high,/annecy/menuisier,existante,1,T2-volume-eleve,non,Top requete metier+ville - existante - SERP saturee top sites nationaux
carreleur grenoble,transactional,local-listing,ville-principale,carreleur,aucun,300,high,/grenoble/carreleur,existante,1,T2-volume-eleve,non,Top requete metier+ville - existante - SERP saturee top sites nationaux
chauffagiste grenoble,transactional,local-listing,ville-principale,chauffagiste,aucun,300,high,/grenoble/chauffagiste,existante,1,T2-volume-eleve,non,Top requete metier+ville - existante - SERP saturee top sites nationaux
tarif plombier,informational,prix-tarif,national,plombier,tarif,300,high,/prix/plombier,existante,1,T2-volume-eleve,non,Synonyme tarif/prix - a regrouper sur meme page
tarif electricien,informational,prix-tarif,national,electricien,tarif,300,high,/prix/electricien,existante,1,T2-volume-eleve,non,Synonyme tarif/prix - a regrouper sur meme page
tarif peintre,informational,prix-tarif,national,peintre,tarif,300,high,/prix/peintre,existante,1,T2-volume-eleve,non,Synonyme tarif/prix - a regrouper sur meme page
tarif macon,informational,prix-tarif,national,macon,tarif,300,high,/prix/macon,existante,1,T2-volume-eleve,non,Synonyme tarif/prix - a regrouper sur meme page
tarif carreleur,informational,prix-tarif,national,carreleur,tarif,300,high,/prix/carreleur,existante,1,T2-volume-eleve,non,Synonyme tarif/prix - a regrouper sur meme page
tarif menuisier,informational,prix-tarif,national,menuisier,tarif,300,high,/prix/menuisier,existante,1,T2-volume-eleve,non,Synonyme tarif/prix - a regrouper sur meme page
tarif couvreur,informational,prix-tarif,national,couvreur,tarif,300,high,/prix/couvreur,existante,1,T2-volume-eleve,non,Synonyme tarif/prix - a regrouper sur meme page
tarif chauffagiste,informational,prix-tarif,national,chauffagiste,tarif,300,high,/prix/chauffagiste,existante,1,T2-volume-eleve,non,Synonyme tarif/prix - a regrouper sur meme page
comment trouver bon artisan,informational,guide-howto,national,multi,aucun,300,high,/guides/trouver-bon-artisan,existante,1,T4-questions-guides,non,"Existante - SERP dominee par Effy, Travaux.com, ootravaux"
cout renovation salle de bain,informational,guide-howto,national,n/a,prix,300,high,/guides/prix-renovation-salle-bain,existante,1,T4-questions-guides,non,Synonyme cout/prix
garanties travaux decennale,informational,guide-howto,national,multi,aucun,300,medium,/guides/garanties-travaux,a-creer,1,T4-questions-guides,oui,Top 50 question guide - info - vol 300
tva 5.5 travaux,informational,guide-howto,national,multi,aucun,300,medium,/guides/tva-reduite-travaux,a-creer,1,T4-questions-guides,oui,Top 50 question guide - aide - vol 300
macon saint priest,transactional,local-listing,commune-banlieue,macon,aucun,299,medium,/lyon/saint-priest/macon,a-creer,1,T1-quick-win,oui,"Banlieue grosse (47,800hab) - ocean bleu local, vol significatif"
couvreur saint priest,transactional,local-listing,commune-banlieue,couvreur,aucun,299,medium,/lyon/saint-priest/couvreur,a-creer,1,T1-quick-win,oui,"Banlieue grosse (47,800hab) - ocean bleu local, vol significatif"
carreleur oullins,transactional,local-listing,commune-banlieue,carreleur,aucun,295,medium,/lyon/oullins/carreleur,a-creer,1,T1-quick-win,oui,"Banlieue grosse (26,600hab) - ocean bleu local, vol significatif"
chauffagiste oullins,transactional,local-listing,commune-banlieue,chauffagiste,aucun,295,medium,/lyon/oullins/chauffagiste,a-creer,1,T1-quick-win,oui,"Banlieue grosse (26,600hab) - ocean bleu local, vol significatif"
peintre saint egreve,transactional,local-listing,commune-banlieue,peintre,aucun,294,medium,/grenoble/saint-egreve/peintre,a-creer,1,T1-quick-win,oui,"Banlieue grosse (16,700hab) - ocean bleu local, vol significatif"
menuisier saint egreve,transactional,local-listing,commune-banlieue,menuisier,aucun,294,medium,/grenoble/saint-egreve/menuisier,a-creer,1,T1-quick-win,oui,"Banlieue grosse (16,700hab) - ocean bleu local, vol significatif"
macon caluire et cuire,transactional,local-listing,commune-banlieue,macon,aucun,287,medium,/lyon/caluire-et-cuire/macon,a-creer,1,T1-quick-win,oui,"Banlieue grosse (43,100hab) - ocean bleu local, vol significatif"
couvreur caluire et cuire,transactional,local-listing,commune-banlieue,couvreur,aucun,287,medium,/lyon/caluire-et-cuire/couvreur,a-creer,1,T1-quick-win,oui,"Banlieue grosse (43,100hab) - ocean bleu local, vol significatif"
plombier urgence annecy,transactional,local-listing,ville-principale,plombier,urgence,285,medium,/urgence,existante,1,T1-quick-win,oui,Urgence + metier critique - intent achat immediat
electricien urgence annecy,transactional,local-listing,ville-principale,electricien,urgence,285,medium,/urgence,existante,1,T1-quick-win,oui,Urgence + metier critique - intent achat immediat
chauffagiste urgence annecy,transactional,local-listing,ville-principale,chauffagiste,urgence,285,medium,/urgence,existante,1,T1-quick-win,oui,Urgence + metier critique - intent achat immediat
macon bron,transactional,local-listing,commune-banlieue,macon,aucun,281,medium,/lyon/bron/macon,a-creer,1,T1-quick-win,oui,"Banlieue grosse (41,000hab) - ocean bleu local, vol significatif"
couvreur bron,transactional,local-listing,commune-banlieue,couvreur,aucun,281,medium,/lyon/bron/couvreur,a-creer,1,T1-quick-win,oui,"Banlieue grosse (41,000hab) - ocean bleu local, vol significatif"
comment trouver un bon artisan,informational,guide-howto,national,multi,aucun,280,high,/guides/trouver-bon-artisan,existante,1,T4-questions-guides,non,Avec article 'un'
carreleur fontaine,transactional,local-listing,commune-banlieue,carreleur,aucun,280,medium,/grenoble/fontaine/carreleur,a-creer,1,T1-quick-win,oui,"Banlieue grosse (23,200hab) - ocean bleu local, vol significatif"
chauffagiste fontaine,transactional,local-listing,commune-banlieue,chauffagiste,aucun,280,medium,/grenoble/fontaine/chauffagiste,a-creer,1,T1-quick-win,oui,"Banlieue grosse (23,200hab) - ocean bleu local, vol significatif"
carreleur sainte foy les lyon,transactional,local-listing,commune-banlieue,carreleur,aucun,276,medium,/lyon/sainte-foy-les-lyon/carreleur,a-creer,1,T1-quick-win,oui,"Banlieue grosse (22,400hab) - ocean bleu local, vol significatif"
chauffagiste sainte foy les lyon,transactional,local-listing,commune-banlieue,chauffagiste,aucun,276,medium,/lyon/sainte-foy-les-lyon/chauffagiste,a-creer,1,T1-quick-win,oui,"Banlieue grosse (22,400hab) - ocean bleu local, vol significatif"
macon saint martin d heres,transactional,local-listing,commune-banlieue,macon,aucun,275,medium,/grenoble/saint-martin-d-heres/macon,a-creer,1,T1-quick-win,oui,"Banlieue grosse (38,800hab) - ocean bleu local, vol significatif"
couvreur saint martin d heres,transactional,local-listing,commune-banlieue,couvreur,aucun,275,medium,/grenoble/saint-martin-d-heres/couvreur,a-creer,1,T1-quick-win,oui,"Banlieue grosse (38,800hab) - ocean bleu local, vol significatif"
carreleur tassin la demi lune,transactional,local-listing,commune-banlieue,carreleur,aucun,274,medium,/lyon/tassin-la-demi-lune/carreleur,a-creer,1,T1-quick-win,oui,"Banlieue grosse (22,100hab) - ocean bleu local, vol significatif"
chauffagiste tassin la demi lune,transactional,local-listing,commune-banlieue,chauffagiste,aucun,274,medium,/lyon/tassin-la-demi-lune/chauffagiste,a-creer,1,T1-quick-win,oui,"Banlieue grosse (22,100hab) - ocean bleu local, vol significatif"
carreleur saint genis laval,transactional,local-listing,commune-banlieue,carreleur,aucun,274,medium,/lyon/saint-genis-laval/carreleur,a-creer,1,T1-quick-win,oui,"Banlieue grosse (22,000hab) - ocean bleu local, vol significatif"
chauffagiste saint genis laval,transactional,local-listing,commune-banlieue,chauffagiste,aucun,274,medium,/lyon/saint-genis-laval/chauffagiste,a-creer,1,T1-quick-win,oui,"Banlieue grosse (22,000hab) - ocean bleu local, vol significatif"
carreleur annecy le vieux,transactional,local-listing,commune-banlieue,carreleur,aucun,269,medium,/annecy/annecy-le-vieux/carreleur,a-creer,1,T1-quick-win,oui,"Banlieue grosse (21,000hab) - ocean bleu local, vol significatif"
chauffagiste annecy le vieux,transactional,local-listing,commune-banlieue,chauffagiste,aucun,269,medium,/annecy/annecy-le-vieux/chauffagiste,a-creer,1,T1-quick-win,oui,"Banlieue grosse (21,000hab) - ocean bleu local, vol significatif"
macon echirolles,transactional,local-listing,commune-banlieue,macon,aucun,269,medium,/grenoble/echirolles/macon,a-creer,1,T1-quick-win,oui,"Banlieue grosse (36,700hab) - ocean bleu local, vol significatif"
couvreur echirolles,transactional,local-listing,commune-banlieue,couvreur,aucun,269,medium,/grenoble/echirolles/couvreur,a-creer,1,T1-quick-win,oui,"Banlieue grosse (36,700hab) - ocean bleu local, vol significatif"
carreleur seynod,transactional,local-listing,commune-banlieue,carreleur,aucun,263,medium,/annecy/seynod/carreleur,a-creer,1,T1-quick-win,oui,"Banlieue grosse (20,000hab) - ocean bleu local, vol significatif"
chauffagiste seynod,transactional,local-listing,commune-banlieue,chauffagiste,aucun,263,medium,/annecy/seynod/chauffagiste,a-creer,1,T1-quick-win,oui,"Banlieue grosse (20,000hab) - ocean bleu local, vol significatif"
carreleur givors,transactional,local-listing,commune-banlieue,carreleur,aucun,262,medium,/lyon/givors/carreleur,a-creer,1,T1-quick-win,oui,"Banlieue grosse (19,800hab) - ocean bleu local, vol significatif"
chauffagiste givors,transactional,local-listing,commune-banlieue,chauffagiste,aucun,262,medium,/lyon/givors/chauffagiste,a-creer,1,T1-quick-win,oui,"Banlieue grosse (19,800hab) - ocean bleu local, vol significatif"
carreleur bourg les valence,transactional,local-listing,commune-banlieue,carreleur,aucun,262,medium,/valence/bourg-les-valence/carreleur,a-creer,1,T1-quick-win,oui,"Banlieue grosse (19,700hab) - ocean bleu local, vol significatif"
chauffagiste bourg les valence,transactional,local-listing,commune-banlieue,chauffagiste,aucun,262,medium,/valence/bourg-les-valence/chauffagiste,a-creer,1,T1-quick-win,oui,"Banlieue grosse (19,700hab) - ocean bleu local, vol significatif"
macon meyzieu,transactional,local-listing,commune-banlieue,macon,aucun,260,medium,/lyon/meyzieu/macon,a-creer,1,T1-quick-win,oui,"Banlieue grosse (33,700hab) - ocean bleu local, vol significatif"
couvreur meyzieu,transactional,local-listing,commune-banlieue,couvreur,aucun,260,medium,/lyon/meyzieu/couvreur,a-creer,1,T1-quick-win,oui,"Banlieue grosse (33,700hab) - ocean bleu local, vol significatif"
carreleur saint fons,transactional,local-listing,commune-banlieue,carreleur,aucun,259,medium,/lyon/saint-fons/carreleur,a-creer,1,T1-quick-win,oui,"Banlieue grosse (19,200hab) - ocean bleu local, vol significatif"
chauffagiste saint fons,transactional,local-listing,commune-banlieue,chauffagiste,aucun,259,medium,/lyon/saint-fons/chauffagiste,a-creer,1,T1-quick-win,oui,"Banlieue grosse (19,200hab) - ocean bleu local, vol significatif"
carreleur ecully,transactional,local-listing,commune-banlieue,carreleur,aucun,256,medium,/lyon/ecully/carreleur,a-creer,1,T1-quick-win,oui,"Banlieue grosse (18,700hab) - ocean bleu local, vol significatif"
chauffagiste ecully,transactional,local-listing,commune-banlieue,chauffagiste,aucun,256,medium,/lyon/ecully/chauffagiste,a-creer,1,T1-quick-win,oui,"Banlieue grosse (18,700hab) - ocean bleu local, vol significatif"
carreleur cran gevrier,transactional,local-listing,commune-banlieue,carreleur,aucun,253,medium,/annecy/cran-gevrier/carreleur,a-creer,1,T1-quick-win,oui,"Banlieue grosse (18,000hab) - ocean bleu local, vol significatif"
chauffagiste cran gevrier,transactional,local-listing,commune-banlieue,chauffagiste,aucun,253,medium,/annecy/cran-gevrier/chauffagiste,a-creer,1,T1-quick-win,oui,"Banlieue grosse (18,000hab) - ocean bleu local, vol significatif"
macon rillieux la pape,transactional,local-listing,commune-banlieue,macon,aucun,252,medium,/lyon/rillieux-la-pape/macon,a-creer,1,T1-quick-win,oui,"Banlieue grosse (31,200hab) - ocean bleu local, vol significatif"
couvreur rillieux la pape,transactional,local-listing,commune-banlieue,couvreur,aucun,252,medium,/lyon/rillieux-la-pape/couvreur,a-creer,1,T1-quick-win,oui,"Banlieue grosse (31,200hab) - ocean bleu local, vol significatif"
carreleur meylan,transactional,local-listing,commune-banlieue,carreleur,aucun,251,medium,/grenoble/meylan/carreleur,a-creer,1,T1-quick-win,oui,"Banlieue grosse (17,800hab) - ocean bleu local, vol significatif"
chauffagiste meylan,transactional,local-listing,commune-banlieue,chauffagiste,aucun,251,medium,/grenoble/meylan/chauffagiste,a-creer,1,T1-quick-win,oui,"Banlieue grosse (17,800hab) - ocean bleu local, vol significatif"
artisan chambery,transactional,ville-hub,ville-principale,multi,aucun,250,high,/chambery,existante,1,T2-volume-eleve,non,Hub ville - existante a optimiser - SERP dominee par PagesJaunes
artisan valence,transactional,ville-hub,ville-principale,multi,aucun,250,high,/valence,existante,1,T2-volume-eleve,non,Hub ville - existante a optimiser - SERP dominee par PagesJaunes
carreleur annecy,transactional,local-listing,ville-principale,carreleur,aucun,250,high,/annecy/carreleur,existante,1,T2-volume-eleve,non,Top requete metier+ville - existante - SERP saturee top sites nationaux
chauffagiste annecy,transactional,local-listing,ville-principale,chauffagiste,aucun,250,high,/annecy/chauffagiste,existante,1,T2-volume-eleve,non,Top requete metier+ville - existante - SERP saturee top sites nationaux
trouver bon artisan,informational,guide-howto,national,multi,aucun,250,high,/guides/trouver-bon-artisan,existante,1,T4-questions-guides,non,Variante sans 'comment'
recours malfacon artisan,informational,guide-howto,national,multi,aucun,250,medium,/guides/recours-malfacon-artisan,a-creer,1,T4-questions-guides,oui,Top 50 question guide - litige - vol 250
renovation ampleur 2026,informational,guide-howto,national,multi,aucun,250,medium,/guides/renovation-ampleur,a-creer,1,T4-questions-guides,oui,Top 50 question guide - aide - vol 250
prix changement fenetres double vitrage,informational,guide-howto,national,multi,aucun,250,medium,/guides/changement-fenetres-prix,a-creer,1,T4-questions-guides,oui,Top 50 question guide - info - vol 250
carreleur saint egreve,transactional,local-listing,commune-banlieue,carreleur,aucun,245,medium,/grenoble/saint-egreve/carreleur,a-creer,1,T1-quick-win,oui,"Banlieue grosse (16,700hab) - ocean bleu local, vol significatif"
chauffagiste saint egreve,transactional,local-listing,commune-banlieue,chauffagiste,aucun,245,medium,/grenoble/saint-egreve/chauffagiste,a-creer,1,T1-quick-win,oui,"Banlieue grosse (16,700hab) - ocean bleu local, vol significatif"
macon decines charpieu,transactional,local-listing,commune-banlieue,macon,aucun,243,medium,/lyon/decines-charpieu/macon,a-creer,1,T1-quick-win,oui,"Banlieue grosse (28,700hab) - ocean bleu local, vol significatif"
couvreur decines charpieu,transactional,local-listing,commune-banlieue,couvreur,aucun,243,medium,/lyon/decines-charpieu/couvreur,a-creer,1,T1-quick-win,oui,"Banlieue grosse (28,700hab) - ocean bleu local, vol significatif"
peintre chambery,transactional,local-listing,ville-principale,peintre,aucun,240,high,/chambery/peintre,existante,1,T2-volume-eleve,non,Top requete metier+ville - existante - SERP saturee top sites nationaux
menuisier chambery,transactional,local-listing,ville-principale,menuisier,aucun,240,high,/chambery/menuisier,existante,1,T2-volume-eleve,non,Top requete metier+ville - existante - SERP saturee top sites nationaux
macon grenoble,transactional,local-listing,ville-principale,macon,aucun,240,high,/grenoble/macon,existante,1,T2-volume-eleve,non,Top requete metier+ville - existante - SERP saturee top sites nationaux
couvreur grenoble,transactional,local-listing,ville-principale,couvreur,aucun,240,high,/grenoble/couvreur,existante,1,T2-volume-eleve,non,Top requete metier+ville - existante - SERP saturee top sites nationaux
peintre valence,transactional,local-listing,ville-principale,peintre,aucun,240,high,/valence/peintre,existante,1,T2-volume-eleve,non,Top requete metier+ville - existante - SERP saturee top sites nationaux
menuisier valence,transactional,local-listing,ville-principale,menuisier,aucun,240,high,/valence/menuisier,existante,1,T2-volume-eleve,non,Top requete metier+ville - existante - SERP saturee top sites nationaux
macon oullins,transactional,local-listing,commune-banlieue,macon,aucun,236,medium,/lyon/oullins/macon,a-creer,1,T1-quick-win,oui,"Banlieue grosse (26,600hab) - ocean bleu local, vol significatif"
couvreur oullins,transactional,local-listing,commune-banlieue,couvreur,aucun,236,medium,/lyon/oullins/couvreur,a-creer,1,T1-quick-win,oui,"Banlieue grosse (26,600hab) - ocean bleu local, vol significatif"
macon fontaine,transactional,local-listing,commune-banlieue,macon,aucun,224,medium,/grenoble/fontaine/macon,a-creer,1,T1-quick-win,oui,"Banlieue grosse (23,200hab) - ocean bleu local, vol significatif"
couvreur fontaine,transactional,local-listing,commune-banlieue,couvreur,aucun,224,medium,/grenoble/fontaine/couvreur,a-creer,1,T1-quick-win,oui,"Banlieue grosse (23,200hab) - ocean bleu local, vol significatif"
macon sainte foy les lyon,transactional,local-listing,commune-banlieue,macon,aucun,220,medium,/lyon/sainte-foy-les-lyon/macon,a-creer,1,T1-quick-win,oui,"Banlieue grosse (22,400hab) - ocean bleu local, vol significatif"
couvreur sainte foy les lyon,transactional,local-listing,commune-banlieue,couvreur,aucun,220,medium,/lyon/sainte-foy-les-lyon/couvreur,a-creer,1,T1-quick-win,oui,"Banlieue grosse (22,400hab) - ocean bleu local, vol significatif"
macon tassin la demi lune,transactional,local-listing,commune-banlieue,macon,aucun,219,medium,/lyon/tassin-la-demi-lune/macon,a-creer,1,T1-quick-win,oui,"Banlieue grosse (22,100hab) - ocean bleu local, vol significatif"
couvreur tassin la demi lune,transactional,local-listing,commune-banlieue,couvreur,aucun,219,medium,/lyon/tassin-la-demi-lune/couvreur,a-creer,1,T1-quick-win,oui,"Banlieue grosse (22,100hab) - ocean bleu local, vol significatif"
macon saint genis laval,transactional,local-listing,commune-banlieue,macon,aucun,219,medium,/lyon/saint-genis-laval/macon,a-creer,1,T1-quick-win,oui,"Banlieue grosse (22,000hab) - ocean bleu local, vol significatif"
couvreur saint genis laval,transactional,local-listing,commune-banlieue,couvreur,aucun,219,medium,/lyon/saint-genis-laval/couvreur,a-creer,1,T1-quick-win,oui,"Banlieue grosse (22,000hab) - ocean bleu local, vol significatif"
macon annecy le vieux,transactional,local-listing,commune-banlieue,macon,aucun,215,medium,/annecy/annecy-le-vieux/macon,a-creer,1,T1-quick-win,oui,"Banlieue grosse (21,000hab) - ocean bleu local, vol significatif"
couvreur annecy le vieux,transactional,local-listing,commune-banlieue,couvreur,aucun,215,medium,/annecy/annecy-le-vieux/couvreur,a-creer,1,T1-quick-win,oui,"Banlieue grosse (21,000hab) - ocean bleu local, vol significatif"
macon seynod,transactional,local-listing,commune-banlieue,macon,aucun,211,medium,/annecy/seynod/macon,a-creer,1,T1-quick-win,oui,"Banlieue grosse (20,000hab) - ocean bleu local, vol significatif"
couvreur seynod,transactional,local-listing,commune-banlieue,couvreur,aucun,211,medium,/annecy/seynod/couvreur,a-creer,1,T1-quick-win,oui,"Banlieue grosse (20,000hab) - ocean bleu local, vol significatif"
macon givors,transactional,local-listing,commune-banlieue,macon,aucun,210,medium,/lyon/givors/macon,a-creer,1,T1-quick-win,oui,"Banlieue grosse (19,800hab) - ocean bleu local, vol significatif"
couvreur givors,transactional,local-listing,commune-banlieue,couvreur,aucun,210,medium,/lyon/givors/couvreur,a-creer,1,T1-quick-win,oui,"Banlieue grosse (19,800hab) - ocean bleu local, vol significatif"
macon bourg les valence,transactional,local-listing,commune-banlieue,macon,aucun,209,medium,/valence/bourg-les-valence/macon,a-creer,1,T1-quick-win,oui,"Banlieue grosse (19,700hab) - ocean bleu local, vol significatif"
couvreur bourg les valence,transactional,local-listing,commune-banlieue,couvreur,aucun,209,medium,/valence/bourg-les-valence/couvreur,a-creer,1,T1-quick-win,oui,"Banlieue grosse (19,700hab) - ocean bleu local, vol significatif"
macon saint fons,transactional,local-listing,commune-banlieue,macon,aucun,207,medium,/lyon/saint-fons/macon,a-creer,1,T1-quick-win,oui,"Banlieue grosse (19,200hab) - ocean bleu local, vol significatif"
couvreur saint fons,transactional,local-listing,commune-banlieue,couvreur,aucun,207,medium,/lyon/saint-fons/couvreur,a-creer,1,T1-quick-win,oui,"Banlieue grosse (19,200hab) - ocean bleu local, vol significatif"
macon ecully,transactional,local-listing,commune-banlieue,macon,aucun,205,medium,/lyon/ecully/macon,a-creer,1,T1-quick-win,oui,"Banlieue grosse (18,700hab) - ocean bleu local, vol significatif"
couvreur ecully,transactional,local-listing,commune-banlieue,couvreur,aucun,205,medium,/lyon/ecully/couvreur,a-creer,1,T1-quick-win,oui,"Banlieue grosse (18,700hab) - ocean bleu local, vol significatif"
macon cran gevrier,transactional,local-listing,commune-banlieue,macon,aucun,202,medium,/annecy/cran-gevrier/macon,a-creer,1,T1-quick-win,oui,"Banlieue grosse (18,000hab) - ocean bleu local, vol significatif"
couvreur cran gevrier,transactional,local-listing,commune-banlieue,couvreur,aucun,202,medium,/annecy/cran-gevrier/couvreur,a-creer,1,T1-quick-win,oui,"Banlieue grosse (18,000hab) - ocean bleu local, vol significatif"
macon meylan,transactional,local-listing,commune-banlieue,macon,aucun,201,medium,/grenoble/meylan/macon,a-creer,1,T1-quick-win,oui,"Banlieue grosse (17,800hab) - ocean bleu local, vol significatif"
couvreur meylan,transactional,local-listing,commune-banlieue,couvreur,aucun,201,medium,/grenoble/meylan/couvreur,a-creer,1,T1-quick-win,oui,"Banlieue grosse (17,800hab) - ocean bleu local, vol significatif"
plombier urgence valence,transactional,local-listing,ville-principale,plombier,urgence,201,medium,/urgence,existante,1,T1-quick-win,oui,Urgence + metier critique - intent achat immediat
electricien urgence valence,transactional,local-listing,ville-principale,electricien,urgence,201,medium,/urgence,existante,1,T1-quick-win,oui,Urgence + metier critique - intent achat immediat
chauffagiste urgence valence,transactional,local-listing,ville-principale,chauffagiste,urgence,201,medium,/urgence,existante,1,T1-quick-win,oui,Urgence + metier critique - intent achat immediat
artisans chambery,transactional,ville-hub,ville-principale,multi,aucun,200,high,/chambery,existante,1,T2-volume-eleve,non,Pluriel de la requete generique ville
artisans valence,transactional,ville-hub,ville-principale,multi,aucun,200,high,/valence,existante,1,T2-volume-eleve,non,Pluriel de la requete generique ville
carreleur chambery,transactional,local-listing,ville-principale,carreleur,aucun,200,high,/chambery/carreleur,existante,1,T2-volume-eleve,non,Top requete metier+ville - existante - SERP saturee top sites nationaux
chauffagiste chambery,transactional,local-listing,ville-principale,chauffagiste,aucun,200,high,/chambery/chauffagiste,existante,1,T2-volume-eleve,non,Top requete metier+ville - existante - SERP saturee top sites nationaux
macon annecy,transactional,local-listing,ville-principale,macon,aucun,200,high,/annecy/macon,existante,1,T2-volume-eleve,non,Top requete metier+ville - existante - SERP saturee top sites nationaux
couvreur annecy,transactional,local-listing,ville-principale,couvreur,aucun,200,high,/annecy/couvreur,existante,1,T2-volume-eleve,non,Top requete metier+ville - existante - SERP saturee top sites nationaux
carreleur valence,transactional,local-listing,ville-principale,carreleur,aucun,200,high,/valence/carreleur,existante,1,T2-volume-eleve,non,Top requete metier+ville - existante - SERP saturee top sites nationaux
chauffagiste valence,transactional,local-listing,ville-principale,chauffagiste,aucun,200,high,/valence/chauffagiste,existante,1,T2-volume-eleve,non,Top requete metier+ville - existante - SERP saturee top sites nationaux
prix horaire plombier,informational,prix-tarif,national,plombier,tarif-horaire,200,medium,/prix/plombier,existante,1,T2-volume-eleve,oui,Match exact requete forte (Bing+DDG)
prix horaire electricien,informational,prix-tarif,national,electricien,tarif-horaire,200,medium,/prix/electricien,existante,1,T2-volume-eleve,oui,Match exact requete forte (Bing+DDG)
prix horaire peintre,informational,prix-tarif,national,peintre,tarif-horaire,200,medium,/prix/peintre,existante,1,T2-volume-eleve,oui,Match exact requete forte (Bing+DDG)
prix horaire macon,informational,prix-tarif,national,macon,tarif-horaire,200,medium,/prix/macon,existante,1,T2-volume-eleve,oui,Match exact requete forte (Bing+DDG)
prix horaire carreleur,informational,prix-tarif,national,carreleur,tarif-horaire,200,medium,/prix/carreleur,existante,1,T2-volume-eleve,oui,Match exact requete forte (Bing+DDG)
prix horaire menuisier,informational,prix-tarif,national,menuisier,tarif-horaire,200,medium,/prix/menuisier,existante,1,T2-volume-eleve,oui,Match exact requete forte (Bing+DDG)
prix horaire couvreur,informational,prix-tarif,national,couvreur,tarif-horaire,200,medium,/prix/couvreur,existante,1,T2-volume-eleve,oui,Match exact requete forte (Bing+DDG)
prix horaire chauffagiste,informational,prix-tarif,national,chauffagiste,tarif-horaire,200,medium,/prix/chauffagiste,existante,1,T2-volume-eleve,oui,Match exact requete forte (Bing+DDG)
verifier rge artisan,informational,guide-howto,national,multi,aucun,200,medium,/guides/verifier-rge-artisan,a-creer,1,T4-questions-guides,oui,Top 50 question guide - aide - vol 200
comparer devis travaux,informational,guide-howto,national,multi,aucun,200,medium,/guides/comparer-devis-travaux,a-creer,1,T4-questions-guides,oui,Top 50 question guide - info - vol 200
acompte travaux legal,informational,guide-howto,national,multi,aucun,200,medium,/guides/acompte-travaux-legal,a-creer,1,T4-questions-guides,oui,Top 50 question guide - info - vol 200
serrurier urgence prix,transactional,guide-howto,national,multi,aucun,200,medium,/guides/serrurier-urgence-prix,a-creer,1,T4-questions-guides,oui,Top 50 question guide - urgence - vol 200
isolation exterieure vs interieure,informational,guide-howto,national,multi,aucun,200,medium,/guides/ite-vs-iti,a-creer,1,T4-questions-guides,oui,Top 50 question guide - info - vol 200
mise en demeure artisan modele,informational,guide-howto,national,multi,aucun,200,medium,/guides/mise-en-demeure-artisan,a-creer,1,T4-questions-guides,oui,Top 50 question guide - litige - vol 200
reception chantier reserves,informational,guide-howto,national,multi,aucun,200,medium,/guides/reception-chantier-reserves,a-creer,1,T4-questions-guides,oui,Top 50 question guide - info - vol 200
travail au noir risques,informational,guide-howto,national,multi,aucun,200,medium,/guides/travail-noir-risques,a-creer,1,T4-questions-guides,oui,Top 50 question guide - info - vol 200
dpe obligatoire avant travaux,informational,guide-howto,national,multi,aucun,200,medium,/guides/dpe-obligatoire-2026,a-creer,1,T4-questions-guides,oui,Top 50 question guide - aide - vol 200
permis de construire ou declaration prealable,informational,guide-howto,national,multi,aucun,200,medium,/guides/permis-vs-declaration,a-creer,1,T4-questions-guides,oui,Top 50 question guide - info - vol 200
remplacer baignoire douche italienne,informational,guide-howto,national,multi,aucun,200,medium,/guides/baignoire-en-douche-italienne,a-creer,1,T4-questions-guides,oui,Top 50 question guide - info - vol 200
comment trouver artisan rge,informational,guide-howto,national,multi,aucun,200,medium,/guides/comment-trouver-artisan-rge,a-creer,1,T4-questions-guides,oui,Top 50 question guide - aide - vol 200
macon saint egreve,transactional,local-listing,commune-banlieue,macon,aucun,196,medium,/grenoble/saint-egreve/macon,a-creer,1,T1-quick-win,oui,"Banlieue grosse (16,700hab) - ocean bleu local, vol significatif"
couvreur saint egreve,transactional,local-listing,commune-banlieue,couvreur,aucun,196,medium,/grenoble/saint-egreve/couvreur,a-creer,1,T1-quick-win,oui,"Banlieue grosse (16,700hab) - ocean bleu local, vol significatif"
plombier urgence chambery,transactional,local-listing,ville-principale,plombier,urgence,193,medium,/urgence,existante,1,T1-quick-win,oui,Urgence + metier critique - intent achat immediat
electricien urgence chambery,transactional,local-listing,ville-principale,electricien,urgence,193,medium,/urgence,existante,1,T1-quick-win,oui,Urgence + metier critique - intent achat immediat
chauffagiste urgence chambery,transactional,local-listing,ville-principale,chauffagiste,urgence,193,medium,/urgence,existante,1,T1-quick-win,oui,Urgence + metier critique - intent achat immediat
macon chambery,transactional,local-listing,ville-principale,macon,aucun,160,high,/chambery/macon,existante,1,T2-volume-eleve,non,Top requete metier+ville - existante - SERP saturee top sites nationaux
couvreur chambery,transactional,local-listing,ville-principale,couvreur,aucun,160,high,/chambery/couvreur,existante,1,T2-volume-eleve,non,Top requete metier+ville - existante - SERP saturee top sites nationaux
macon valence,transactional,local-listing,ville-principale,macon,aucun,160,high,/valence/macon,existante,1,T2-volume-eleve,non,Top requete metier+ville - existante - SERP saturee top sites nationaux
couvreur valence,transactional,local-listing,ville-principale,couvreur,aucun,160,high,/valence/couvreur,existante,1,T2-volume-eleve,non,Top requete metier+ville - existante - SERP saturee top sites nationaux
artisan fiable,informational,guide-howto,national,multi,aucun,150,low,/guides/artisan-fiable,a-creer,1,T4-questions-guides,oui,Top 50 question guide - reassurance - vol 150
negocier devis travaux,informational,guide-howto,national,multi,aucun,150,low,/guides/negocier-devis,a-creer,1,T4-questions-guides,oui,Top 50 question guide - info - vol 150
plombier urgence arnaque,transactional,guide-howto,national,multi,aucun,150,low,/guides/plombier-urgence-arnaque,a-creer,1,T4-questions-guides,oui,Top 50 question guide - urgence - vol 150
eco ptz 2026,informational,guide-howto,national,multi,aucun,150,low,/guides/eco-ptz-comment-obtenir,a-creer,1,T4-questions-guides,oui,Top 50 question guide - aide - vol 150
porter plainte artisan,informational,guide-howto,national,multi,aucun,150,low,/guides/porter-plainte-artisan,a-creer,1,T4-questions-guides,oui,Top 50 question guide - litige - vol 150
annuler devis travaux,informational,guide-howto,national,multi,aucun,150,low,/guides/annuler-devis-travaux,a-creer,1,T4-questions-guides,oui,Top 50 question guide - info - vol 150
travaux supplementaires devis,informational,guide-howto,national,multi,aucun,150,low,/guides/travaux-supplementaires-devis,a-creer,1,T4-questions-guides,oui,Top 50 question guide - litige - vol 150
ouvrir mur porteur autorisation,informational,guide-howto,national,multi,aucun,150,low,/guides/ouvrir-mur-porteur,a-creer,1,T4-questions-guides,oui,Top 50 question guide - info - vol 150
fissure mur maison,informational,guide-howto,national,multi,aucun,150,low,/guides/fissures-murs-grave,a-creer,1,T4-questions-guides,oui,Top 50 question guide - info - vol 150
prix isolation combles 100m2,informational,guide-howto,national,multi,aucun,150,low,/guides/isolation-combles-100m2,a-creer,1,T4-questions-guides,oui,Top 50 question guide - info - vol 150
verifier siret artisan,informational,guide-howto,national,multi,aucun,100,low,/guides/verifier-siret-artisan,a-creer,1,T4-questions-guides,oui,Top 50 question guide - reassurance - vol 100
artisan disparu acompte,informational,guide-howto,national,multi,aucun,100,low,/guides/artisan-disparu-recours,a-creer,1,T4-questions-guides,oui,Top 50 question guide - litige - vol 100
mediateur consommation btp,informational,guide-howto,national,multi,aucun,100,low,/guides/mediateur-consommation-batiment,a-creer,1,T4-questions-guides,oui,Top 50 question guide - litige - vol 100
devis non signe travaux,informational,guide-howto,national,multi,aucun,100,low,/guides/devis-non-signe-travaux,a-creer,1,T4-questions-guides,oui,Top 50 question guide - litige - vol 100
artisan refuse facture,informational,guide-howto,national,multi,aucun,100,low,/guides/artisan-refuse-facture,a-creer,1,T4-questions-guides,oui,Top 50 question guide - litige - vol 100
qualibat qualifelec qualigaz,informational,guide-howto,national,multi,aucun,100,low,/guides/labels-qualibat-qualifelec,a-creer,1,T4-questions-guides,oui,Top 50 question guide - info - vol 100
maitre d oeuvre vs architecte,informational,guide-howto,national,multi,aucun,100,low,/guides/maitre-oeuvre-vs-architecte,a-creer,1,T4-questions-guides,oui,Top 50 question guide - info - vol 100
norme nf c 15-100 renovation,informational,guide-howto,national,multi,aucun,100,low,/guides/norme-electrique-renovation,a-creer,1,T4-questions-guides,oui,Top 50 question guide - info - vol 100
remontees capillaires traitement,informational,guide-howto,national,multi,aucun,100,low,/guides/humidite-remontees-capillaires,a-creer,1,T4-questions-guides,oui,Top 50 question guide - info - vol 100
prix pose carrelage 50m2,informational,guide-howto,national,multi,aucun,100,low,/guides/pose-carrelage-50m2,a-creer,1,T4-questions-guides,oui,Top 50 question guide - info - vol 100
prix peinture appartement 70m2,informational,guide-howto,national,multi,aucun,100,low,/guides/peinture-appartement-70m2,a-creer,1,T4-questions-guides,oui,Top 50 question guide - info - vol 100
artisan pas rge aide perdue,informational,guide-howto,national,multi,aucun,100,low,/guides/artisan-rge-pas-aide,a-creer,1,T4-questions-guides,oui,Top 50 question guide - aide - vol 100
50% acompte artisan normal,informational,guide-howto,national,multi,aucun,100,low,/guides/acompte-50-normal,a-creer,1,T4-questions-guides,oui,Top 50 question guide - info - vol 100
artisan fournir materiaux soi meme,informational,guide-howto,national,multi,aucun,80,low,/guides/fournir-materiaux-soi-meme,a-creer,1,T4-questions-guides,oui,Top 50 question guide - info - vol 80
expertise judiciaire travaux,informational,guide-howto,national,multi,aucun,80,low,/guides/expertise-judiciaire-travaux,a-creer,1,T4-questions-guides,oui,Top 50 question guide - info - vol 80
artisan auto entrepreneur ou societe,informational,guide-howto,national,multi,aucun,60,low,/guides/artisan-ae-vs-societe,a-creer,1,T4-questions-guides,oui,Top 50 question guide - info - vol 60
premier rdv artisan questions,informational,guide-howto,national,multi,aucun,60,low,/guides/premier-rdv-artisan,a-creer,1,T4-questions-guides,oui,Top 50 question guide - info - vol 60
expert batiment particulier prix,informational,guide-howto,national,multi,aucun,60,low,/guides/expert-batiment-prix,a-creer,1,T4-questions-guides,oui,Top 50 question guide - info - vol 60
vivre dans la maison pendant travaux,informational,guide-howto,national,multi,aucun,50,low,/guides/vivre-pendant-travaux,a-creer,1,T4-questions-guides,oui,Top 50 question guide - info - vol 50
avis google artisans fiables,informational,guide-howto,national,multi,aucun,50,low,/guides/avis-google-vs-bao,a-creer,1,T4-questions-guides,oui,Top 50 question guide - reassurance - vol 50
artisan local ou loin,informational,guide-howto,national,multi,aucun,30,low,/guides/artisan-local-vs-loin,a-creer,1,T4-questions-guides,oui,Top 50 question guide - info - vol 30
serrurier lyon,transactional,local-listing,ville-principale,multi,aucun,976,medium,/lyon/serrurier,a-creer,2,T2-volume-eleve,oui,Metier etendu hors V1 - serrurier fort vol urgence
vitrier lyon,transactional,local-listing,ville-principale,multi,aucun,651,medium,/lyon/vitrier,a-creer,2,T2-volume-eleve,oui,Metier etendu hors V1 - vitrier fort vol urgence
peintre urgence lyon,transactional,local-listing,ville-principale,peintre,urgence,575,medium,/urgence,existante,2,T1-quick-win,oui,Urgence + metier critique - intent achat immediat
macon urgence lyon,transactional,local-listing,ville-principale,macon,urgence,575,medium,/urgence,existante,2,T1-quick-win,oui,Urgence + metier critique - intent achat immediat
carreleur urgence lyon,transactional,local-listing,ville-principale,carreleur,urgence,575,medium,/urgence,existante,2,T1-quick-win,oui,Urgence + metier critique - intent achat immediat
menuisier urgence lyon,transactional,local-listing,ville-principale,menuisier,urgence,575,medium,/urgence,existante,2,T1-quick-win,oui,Urgence + metier critique - intent achat immediat
couvreur urgence lyon,transactional,local-listing,ville-principale,couvreur,urgence,575,medium,/urgence,existante,2,T1-quick-win,oui,Urgence + metier critique - intent achat immediat
serrurier grenoble,transactional,local-listing,ville-principale,multi,aucun,533,medium,/grenoble/serrurier,a-creer,2,T2-volume-eleve,oui,Metier etendu hors V1 - serrurier fort vol urgence
serrurier urgence lyon,transactional,urgence,ville-principale,multi,urgence,488,medium,/lyon/serrurier,a-creer,2,T1-quick-win,oui,Serrurier urgence - fort intent achat immediat
plombier romans sur isere,transactional,local-listing,commune-agglo,plombier,aucun,487,low,/valence/romans-sur-isere/plombier,a-creer,2,T2-volume-eleve,oui,"Agglo grosse (33,700hab) - peu de concurrence locale"
serrurier annecy,transactional,local-listing,ville-principale,multi,aucun,483,medium,/annecy/serrurier,a-creer,2,T2-volume-eleve,oui,Metier etendu hors V1 - serrurier fort vol urgence
plombier aix les bains,transactional,local-listing,commune-agglo,plombier,aucun,470,low,/chambery/aix-les-bains/plombier,a-creer,2,T2-volume-eleve,oui,"Agglo grosse (30,800hab) - peu de concurrence locale"
plombier depannage lyon,transactional,local-listing,ville-principale,plombier,urgence,460,medium,/lyon/plombier,a-creer,2,T1-quick-win,oui,Modificateur urgence/dispo - vol direct intent
electricien depannage lyon,transactional,local-listing,ville-principale,electricien,urgence,460,medium,/lyon/electricien,a-creer,2,T1-quick-win,oui,Modificateur urgence/dispo - vol direct intent
peintre depannage lyon,transactional,local-listing,ville-principale,peintre,urgence,460,medium,/lyon/peintre,a-creer,2,T1-quick-win,oui,Modificateur urgence/dispo - vol direct intent
macon depannage lyon,transactional,local-listing,ville-principale,macon,urgence,460,medium,/lyon/macon,a-creer,2,T1-quick-win,oui,Modificateur urgence/dispo - vol direct intent
carreleur depannage lyon,transactional,local-listing,ville-principale,carreleur,urgence,460,medium,/lyon/carreleur,a-creer,2,T1-quick-win,oui,Modificateur urgence/dispo - vol direct intent
menuisier depannage lyon,transactional,local-listing,ville-principale,menuisier,urgence,460,medium,/lyon/menuisier,a-creer,2,T1-quick-win,oui,Modificateur urgence/dispo - vol direct intent
couvreur depannage lyon,transactional,local-listing,ville-principale,couvreur,urgence,460,medium,/lyon/couvreur,a-creer,2,T1-quick-win,oui,Modificateur urgence/dispo - vol direct intent
chauffagiste depannage lyon,transactional,local-listing,ville-principale,chauffagiste,urgence,460,medium,/lyon/chauffagiste,a-creer,2,T1-quick-win,oui,Modificateur urgence/dispo - vol direct intent
plombier mions,transactional,local-listing,commune-banlieue,plombier,aucun,431,low,/lyon/mions/plombier,a-creer,2,T1-quick-win,oui,"Banlieue moyenne (14,200hab) - quick win local pur"
plombier francheville,transactional,local-listing,commune-banlieue,plombier,aucun,426,low,/lyon/francheville/plombier,a-creer,2,T1-quick-win,oui,"Banlieue moyenne (13,800hab) - quick win local pur"
plombier genas,transactional,local-listing,commune-banlieue,plombier,aucun,417,low,/lyon/genas/plombier,a-creer,2,T1-quick-win,oui,"Banlieue moyenne (13,100hab) - quick win local pur"
plombier la motte servolex,transactional,local-listing,commune-banlieue,plombier,aucun,406,low,/chambery/la-motte-servolex/plombier,a-creer,2,T1-quick-win,oui,"Banlieue moyenne (12,200hab) - quick win local pur"
plombier seyssinet pariset,transactional,local-listing,commune-banlieue,plombier,aucun,406,low,/grenoble/seyssinet-pariset/plombier,a-creer,2,T1-quick-win,oui,"Banlieue moyenne (12,200hab) - quick win local pur"
plombier pont de claix,transactional,local-listing,commune-banlieue,plombier,aucun,403,low,/grenoble/pont-de-claix/plombier,a-creer,2,T1-quick-win,oui,"Banlieue moyenne (12,000hab) - quick win local pur"
plombier voiron,transactional,local-listing,commune-agglo,plombier,aucun,403,low,/grenoble/voiron/plombier,a-creer,2,T2-volume-eleve,oui,"Agglo grosse (21,000hab) - peu de concurrence locale"
facture electronique 2026,informational,guide-howto,national,multi,aucun,400,high,/facturation-electronique,existante,2,T4-questions-guides,non,Vol fort - mais SERP gov-dominee
plombier sassenage,transactional,local-listing,commune-banlieue,plombier,aucun,399,low,/grenoble/sassenage/plombier,a-creer,2,T1-quick-win,oui,"Banlieue moyenne (11,700hab) - quick win local pur"
plombier corbas,transactional,local-listing,commune-banlieue,plombier,aucun,399,low,/lyon/corbas/plombier,a-creer,2,T1-quick-win,oui,"Banlieue moyenne (11,700hab) - quick win local pur"
plombier craponne,transactional,local-listing,commune-banlieue,plombier,aucun,397,low,/lyon/craponne/plombier,a-creer,2,T1-quick-win,oui,"Banlieue moyenne (11,600hab) - quick win local pur"
plombier guilherand granges,transactional,local-listing,commune-banlieue,plombier,aucun,397,low,/valence/guilherand-granges/plombier,a-creer,2,T1-quick-win,oui,"Banlieue moyenne (11,600hab) - quick win local pur"
plombier chassieu,transactional,local-listing,commune-banlieue,plombier,aucun,390,low,/lyon/chassieu/plombier,a-creer,2,T1-quick-win,oui,"Banlieue moyenne (11,100hab) - quick win local pur"
electricien romans sur isere,transactional,local-listing,commune-agglo,electricien,aucun,390,low,/valence/romans-sur-isere/electricien,a-creer,2,T2-volume-eleve,oui,"Agglo grosse (33,700hab) - peu de concurrence locale"
plombier pierre benite,transactional,local-listing,commune-banlieue,plombier,aucun,385,low,/lyon/pierre-benite/plombier,a-creer,2,T1-quick-win,oui,"Banlieue moyenne (10,700hab) - quick win local pur"
plombier bourg de peage,transactional,local-listing,commune-banlieue,plombier,aucun,383,low,/valence/bourg-de-peage/plombier,a-creer,2,T1-quick-win,oui,"Banlieue moyenne (10,600hab) - quick win local pur"
plombier portes les valence,transactional,local-listing,commune-banlieue,plombier,aucun,380,low,/valence/portes-les-valence/plombier,a-creer,2,T1-quick-win,oui,"Banlieue moyenne (10,400hab) - quick win local pur"
electricien aix les bains,transactional,local-listing,commune-agglo,electricien,aucun,376,low,/chambery/aix-les-bains/electricien,a-creer,2,T2-volume-eleve,oui,"Agglo grosse (30,800hab) - peu de concurrence locale"
plombier feyzin,transactional,local-listing,commune-banlieue,plombier,aucun,376,low,/lyon/feyzin/plombier,a-creer,2,T1-quick-win,oui,"Banlieue moyenne (10,100hab) - quick win local pur"
plombier eybens,transactional,local-listing,commune-banlieue,plombier,aucun,373,low,/grenoble/eybens/plombier,a-creer,2,T1-quick-win,oui,"Banlieue moyenne (9,900hab) - quick win local pur"
plombier rumilly,transactional,local-listing,commune-agglo,plombier,aucun,362,low,/annecy/rumilly/plombier,a-creer,2,T2-volume-eleve,oui,"Agglo grosse (16,000hab) - peu de concurrence locale"
plombier dardilly,transactional,local-listing,commune-banlieue,plombier,aucun,357,low,/lyon/dardilly/plombier,a-creer,2,T1-quick-win,oui,"Banlieue moyenne (8,900hab) - quick win local pur"
plombier la ravoire,transactional,local-listing,commune-banlieue,plombier,aucun,356,low,/chambery/la-ravoire/plombier,a-creer,2,T1-quick-win,oui,"Banlieue moyenne (8,800hab) - quick win local pur"
plombier grigny,transactional,local-listing,commune-banlieue,plombier,aucun,356,low,/lyon/grigny/plombier,a-creer,2,T1-quick-win,oui,"Banlieue moyenne (8,800hab) - quick win local pur"
vitrier grenoble,transactional,local-listing,ville-principale,multi,aucun,355,medium,/grenoble/vitrier,a-creer,2,T2-volume-eleve,oui,Metier etendu hors V1 - vitrier fort vol urgence
plombier meythet,transactional,local-listing,commune-banlieue,plombier,aucun,354,low,/annecy/meythet/plombier,a-creer,2,T1-quick-win,oui,"Banlieue moyenne (8,700hab) - quick win local pur"
plombier irigny,transactional,local-listing,commune-banlieue,plombier,aucun,354,low,/lyon/irigny/plombier,a-creer,2,T1-quick-win,oui,"Banlieue moyenne (8,700hab) - quick win local pur"
plombier lyon 3e 69003,transactional,local-listing,arrondissement-lyon,plombier,aucun,345,medium,/lyon/lyon-3e/plombier,a-creer,2,T3-longue-traine,non,Variante avec code postal - signal local hyper-precis
electricien mions,transactional,local-listing,commune-banlieue,electricien,aucun,345,low,/lyon/mions/electricien,a-creer,2,T1-quick-win,oui,"Banlieue moyenne (14,200hab) - quick win local pur"
plombier poisy,transactional,local-listing,commune-banlieue,plombier,aucun,342,low,/annecy/poisy/plombier,a-creer,2,T1-quick-win,oui,"Banlieue moyenne (8,000hab) - quick win local pur"
serrurier valence,transactional,local-listing,ville-principale,multi,aucun,342,medium,/valence/serrurier,a-creer,2,T2-volume-eleve,oui,Metier etendu hors V1 - serrurier fort vol urgence
electricien francheville,transactional,local-listing,commune-banlieue,electricien,aucun,341,low,/lyon/francheville/electricien,a-creer,2,T1-quick-win,oui,"Banlieue moyenne (13,800hab) - quick win local pur"
plombier saint peray,transactional,local-listing,commune-banlieue,plombier,aucun,339,low,/valence/saint-peray/plombier,a-creer,2,T1-quick-win,oui,"Banlieue moyenne (7,800hab) - quick win local pur"
plombier epagny metz tessy,transactional,local-listing,commune-banlieue,plombier,aucun,337,low,/annecy/epagny-metz-tessy/plombier,a-creer,2,T1-quick-win,oui,"Banlieue moyenne (7,700hab) - quick win local pur"
electricien genas,transactional,local-listing,commune-banlieue,electricien,aucun,334,low,/lyon/genas/electricien,a-creer,2,T1-quick-win,oui,"Banlieue moyenne (13,100hab) - quick win local pur"
plombier seyssins,transactional,local-listing,commune-banlieue,plombier,aucun,328,low,/grenoble/seyssins/plombier,a-creer,2,T1-quick-win,oui,"Banlieue moyenne (7,200hab) - quick win local pur"
plombier saint didier au mont d or,transactional,local-listing,commune-banlieue,plombier,aucun,328,low,/lyon/saint-didier-au-mont-d-or/plombier,a-creer,2,T1-quick-win,oui,"Banlieue moyenne (7,200hab) - quick win local pur"
serrurier chambery,transactional,local-listing,ville-principale,multi,aucun,328,medium,/chambery/serrurier,a-creer,2,T2-volume-eleve,oui,Metier etendu hors V1 - serrurier fort vol urgence
plombier fontaines sur saone,transactional,local-listing,commune-banlieue,plombier,aucun,326,low,/lyon/fontaines-sur-saone/plombier,a-creer,2,T1-quick-win,oui,"Banlieue moyenne (7,100hab) - quick win local pur"
plombier chabeuil,transactional,local-listing,commune-banlieue,plombier,aucun,326,low,/valence/chabeuil/plombier,a-creer,2,T1-quick-win,oui,"Banlieue moyenne (7,100hab) - quick win local pur"
plombier la tronche,transactional,local-listing,commune-banlieue,plombier,aucun,325,low,/grenoble/la-tronche/plombier,a-creer,2,T1-quick-win,oui,"Banlieue moyenne (7,000hab) - quick win local pur"
plombier autour de moi,transactional,local-listing,ville-principale,plombier,proche,325,high,/lyon/plombier,a-creer,2,T2-volume-eleve,non,Geolocalise - 'autour de moi' fort vol nationaux
electricien autour de moi,transactional,local-listing,ville-principale,electricien,proche,325,high,/lyon/electricien,a-creer,2,T2-volume-eleve,non,Geolocalise - 'autour de moi' fort vol nationaux
peintre autour de moi,transactional,local-listing,ville-principale,peintre,proche,325,high,/lyon/peintre,a-creer,2,T2-volume-eleve,non,Geolocalise - 'autour de moi' fort vol nationaux
macon autour de moi,transactional,local-listing,ville-principale,macon,proche,325,high,/lyon/macon,a-creer,2,T2-volume-eleve,non,Geolocalise - 'autour de moi' fort vol nationaux
carreleur autour de moi,transactional,local-listing,ville-principale,carreleur,proche,325,high,/lyon/carreleur,a-creer,2,T2-volume-eleve,non,Geolocalise - 'autour de moi' fort vol nationaux
menuisier autour de moi,transactional,local-listing,ville-principale,menuisier,proche,325,high,/lyon/menuisier,a-creer,2,T2-volume-eleve,non,Geolocalise - 'autour de moi' fort vol nationaux
couvreur autour de moi,transactional,local-listing,ville-principale,couvreur,proche,325,high,/lyon/couvreur,a-creer,2,T2-volume-eleve,non,Geolocalise - 'autour de moi' fort vol nationaux
chauffagiste autour de moi,transactional,local-listing,ville-principale,chauffagiste,proche,325,high,/lyon/chauffagiste,a-creer,2,T2-volume-eleve,non,Geolocalise - 'autour de moi' fort vol nationaux
electricien la motte servolex,transactional,local-listing,commune-banlieue,electricien,aucun,324,low,/chambery/la-motte-servolex/electricien,a-creer,2,T1-quick-win,oui,"Banlieue moyenne (12,200hab) - quick win local pur"
electricien seyssinet pariset,transactional,local-listing,commune-banlieue,electricien,aucun,324,low,/grenoble/seyssinet-pariset/electricien,a-creer,2,T1-quick-win,oui,"Banlieue moyenne (12,200hab) - quick win local pur"
electricien pont de claix,transactional,local-listing,commune-banlieue,electricien,aucun,322,low,/grenoble/pont-de-claix/electricien,a-creer,2,T1-quick-win,oui,"Banlieue moyenne (12,000hab) - quick win local pur"
electricien voiron,transactional,local-listing,commune-agglo,electricien,aucun,322,low,/grenoble/voiron/electricien,a-creer,2,T2-volume-eleve,oui,"Agglo grosse (21,000hab) - peu de concurrence locale"
vitrier annecy,transactional,local-listing,ville-principale,multi,aucun,322,medium,/annecy/vitrier,a-creer,2,T2-volume-eleve,oui,Metier etendu hors V1 - vitrier fort vol urgence
plombier lyon 7e 69007,transactional,local-listing,arrondissement-lyon,plombier,aucun,320,medium,/lyon/lyon-7e/plombier,a-creer,2,T3-longue-traine,non,Variante avec code postal - signal local hyper-precis
plombier la roche sur foron,transactional,local-listing,commune-agglo,plombier,aucun,319,low,/annecy/la-roche-sur-foron/plombier,a-creer,2,T2-volume-eleve,oui,"Agglo grosse (11,700hab) - peu de concurrence locale"
electricien sassenage,transactional,local-listing,commune-banlieue,electricien,aucun,319,low,/grenoble/sassenage/electricien,a-creer,2,T1-quick-win,oui,"Banlieue moyenne (11,700hab) - quick win local pur"
plombier gieres,transactional,local-listing,commune-banlieue,plombier,aucun,319,low,/grenoble/gieres/plombier,a-creer,2,T1-quick-win,oui,"Banlieue moyenne (6,700hab) - quick win local pur"
plombier lyon 8e 69008,transactional,local-listing,arrondissement-lyon,plombier,aucun,319,medium,/lyon/lyon-8e/plombier,a-creer,2,T3-longue-traine,non,Variante avec code postal - signal local hyper-precis
electricien corbas,transactional,local-listing,commune-banlieue,electricien,aucun,319,low,/lyon/corbas/electricien,a-creer,2,T1-quick-win,oui,"Banlieue moyenne (11,700hab) - quick win local pur"
electricien craponne,transactional,local-listing,commune-banlieue,electricien,aucun,318,low,/lyon/craponne/electricien,a-creer,2,T1-quick-win,oui,"Banlieue moyenne (11,600hab) - quick win local pur"
electricien guilherand granges,transactional,local-listing,commune-banlieue,electricien,aucun,318,low,/valence/guilherand-granges/electricien,a-creer,2,T1-quick-win,oui,"Banlieue moyenne (11,600hab) - quick win local pur"
peintre urgence grenoble,transactional,local-listing,ville-principale,peintre,urgence,314,medium,/urgence,existante,2,T1-quick-win,oui,Urgence + metier critique - intent achat immediat
macon urgence grenoble,transactional,local-listing,ville-principale,macon,urgence,314,medium,/urgence,existante,2,T1-quick-win,oui,Urgence + metier critique - intent achat immediat
carreleur urgence grenoble,transactional,local-listing,ville-principale,carreleur,urgence,314,medium,/urgence,existante,2,T1-quick-win,oui,Urgence + metier critique - intent achat immediat
menuisier urgence grenoble,transactional,local-listing,ville-principale,menuisier,urgence,314,medium,/urgence,existante,2,T1-quick-win,oui,Urgence + metier critique - intent achat immediat
couvreur urgence grenoble,transactional,local-listing,ville-principale,couvreur,urgence,314,medium,/urgence,existante,2,T1-quick-win,oui,Urgence + metier critique - intent achat immediat
peintre urgence villeurbanne,transactional,local-listing,commune-banlieue,peintre,urgence,313,medium,/urgence,existante,2,T1-quick-win,oui,Urgence + metier critique - intent achat immediat
macon urgence villeurbanne,transactional,local-listing,commune-banlieue,macon,urgence,313,medium,/urgence,existante,2,T1-quick-win,oui,Urgence + metier critique - intent achat immediat
carreleur urgence villeurbanne,transactional,local-listing,commune-banlieue,carreleur,urgence,313,medium,/urgence,existante,2,T1-quick-win,oui,Urgence + metier critique - intent achat immediat
menuisier urgence villeurbanne,transactional,local-listing,commune-banlieue,menuisier,urgence,313,medium,/urgence,existante,2,T1-quick-win,oui,Urgence + metier critique - intent achat immediat
couvreur urgence villeurbanne,transactional,local-listing,commune-banlieue,couvreur,urgence,313,medium,/urgence,existante,2,T1-quick-win,oui,Urgence + metier critique - intent achat immediat
electricien chassieu,transactional,local-listing,commune-banlieue,electricien,aucun,312,low,/lyon/chassieu/electricien,a-creer,2,T1-quick-win,oui,"Banlieue moyenne (11,100hab) - quick win local pur"
plombier tournon sur rhone,transactional,local-listing,commune-agglo,plombier,aucun,312,low,/valence/tournon-sur-rhone/plombier,a-creer,2,T2-volume-eleve,oui,"Agglo grosse (11,100hab) - peu de concurrence locale"
plombier cognin,transactional,local-listing,commune-banlieue,plombier,aucun,309,low,/chambery/cognin/plombier,a-creer,2,T1-quick-win,oui,"Banlieue moyenne (6,200hab) - quick win local pur"
electricien pierre benite,transactional,local-listing,commune-banlieue,electricien,aucun,308,low,/lyon/pierre-benite/electricien,a-creer,2,T1-quick-win,oui,"Banlieue moyenne (10,700hab) - quick win local pur"
plombier saint jorioz,transactional,local-listing,commune-banlieue,plombier,aucun,307,low,/annecy/saint-jorioz/plombier,a-creer,2,T1-quick-win,oui,"Banlieue moyenne (6,100hab) - quick win local pur"
plombier lentilly,transactional,local-listing,commune-banlieue,plombier,aucun,307,low,/lyon/lentilly/plombier,a-creer,2,T1-quick-win,oui,"Banlieue moyenne (6,100hab) - quick win local pur"
plombier l arbresle,transactional,local-listing,commune-banlieue,plombier,aucun,307,low,/lyon/l-arbresle/plombier,a-creer,2,T1-quick-win,oui,"Banlieue moyenne (6,100hab) - quick win local pur"
electricien bourg de peage,transactional,local-listing,commune-banlieue,electricien,aucun,307,low,/valence/bourg-de-peage/electricien,a-creer,2,T1-quick-win,oui,"Banlieue moyenne (10,600hab) - quick win local pur"
electricien portes les valence,transactional,local-listing,commune-banlieue,electricien,aucun,304,low,/valence/portes-les-valence/electricien,a-creer,2,T1-quick-win,oui,"Banlieue moyenne (10,400hab) - quick win local pur"
plombier saint alban leysse,transactional,local-listing,commune-banlieue,plombier,aucun,301,low,/chambery/saint-alban-leysse/plombier,a-creer,2,T1-quick-win,oui,"Banlieue moyenne (5,800hab) - quick win local pur"
plombier saint martin le vinoux,transactional,local-listing,commune-banlieue,plombier,aucun,301,low,/grenoble/saint-martin-le-vinoux/plombier,a-creer,2,T1-quick-win,oui,"Banlieue moyenne (5,800hab) - quick win local pur"
plombier saint cyr au mont d or,transactional,local-listing,commune-banlieue,plombier,aucun,301,low,/lyon/saint-cyr-au-mont-d-or/plombier,a-creer,2,T1-quick-win,oui,"Banlieue moyenne (5,800hab) - quick win local pur"
electricien feyzin,transactional,local-listing,commune-banlieue,electricien,aucun,301,low,/lyon/feyzin/electricien,a-creer,2,T1-quick-win,oui,"Banlieue moyenne (10,100hab) - quick win local pur"
plombier saint marcel les valence,transactional,local-listing,commune-banlieue,plombier,aucun,301,low,/valence/saint-marcel-les-valence/plombier,a-creer,2,T1-quick-win,oui,"Banlieue moyenne (5,800hab) - quick win local pur"
maprimerenov plafond 2026,informational,guide-howto,national,n/a,aucun,300,high,/guides/maprimerenov-demarches,existante,2,T4-questions-guides,non,Variante plafond - intent admin
rénovation salle de bain,informational,guide-howto,national,multi,aucun,300,high,/travaux/renovation-salle-de-bain,existante,2,T4-questions-guides,non,"Existante - travaux type, hub multi-metier"
pompe à chaleur,informational,guide-howto,national,multi,aucun,300,high,/travaux/pompe-a-chaleur,existante,2,T4-questions-guides,non,"Existante - travaux type, hub multi-metier"
peinture intérieure,informational,guide-howto,national,multi,aucun,300,high,/travaux/peinture-interieure,existante,2,T4-questions-guides,non,"Existante - travaux type, hub multi-metier"
isolation combles,informational,guide-howto,national,multi,aucun,300,high,/travaux/isolation-combles,existante,2,T4-questions-guides,non,"Existante - travaux type, hub multi-metier"
isolation extérieure,informational,guide-howto,national,multi,aucun,300,high,/travaux/isolation-exterieure,existante,2,T4-questions-guides,non,"Existante - travaux type, hub multi-metier"
rénovation cuisine,informational,guide-howto,national,multi,aucun,300,high,/travaux/renovation-cuisine,existante,2,T4-questions-guides,non,"Existante - travaux type, hub multi-metier"
changement fenêtres,informational,guide-howto,national,multi,aucun,300,high,/travaux/changement-fenetres,existante,2,T4-questions-guides,non,"Existante - travaux type, hub multi-metier"
toiture,informational,guide-howto,national,multi,aucun,300,high,/travaux/toiture,existante,2,T4-questions-guides,non,"Existante - travaux type, hub multi-metier"
ravalement façade,informational,guide-howto,national,multi,aucun,300,high,/travaux/ravalement-facade,existante,2,T4-questions-guides,non,"Existante - travaux type, hub multi-metier"
électricité rénovation,informational,guide-howto,national,multi,aucun,300,high,/travaux/electricite-renovation,existante,2,T4-questions-guides,non,"Existante - travaux type, hub multi-metier"
chauffage,informational,guide-howto,national,multi,aucun,300,high,/travaux/chauffage,existante,2,T4-questions-guides,non,"Existante - travaux type, hub multi-metier"
douche italienne,informational,guide-howto,national,multi,aucun,300,high,/travaux/douche-italienne,existante,2,T4-questions-guides,non,"Existante - travaux type, hub multi-metier"
prix renovation toiture complete,informational,prix-tarif,national,couvreur,prix,300,medium,/prix/couvreur/renovation-toiture,a-creer,2,T2-volume-eleve,oui,Sous-page prix par type de travaux - intent achat fort
combien coute renovation maison 100m2,informational,guide-howto,national,multi,aucun,300,medium,/guides/cout-renovation-maison-100m2,a-creer,2,T4-questions-guides,oui,Question naturelle - matching Google Suggest
combien coute renovation maison 80m2,informational,guide-howto,national,multi,aucun,300,medium,/guides/cout-renovation-maison-80m2,a-creer,2,T4-questions-guides,oui,Question naturelle - matching Google Suggest
plombier champagne au mont d or,transactional,local-listing,commune-banlieue,plombier,aucun,299,low,/lyon/champagne-au-mont-d-or/plombier,a-creer,2,T1-quick-win,oui,"Banlieue moyenne (5,700hab) - quick win local pur"
plombier sathonay camp,transactional,local-listing,commune-banlieue,plombier,aucun,299,low,/lyon/sathonay-camp/plombier,a-creer,2,T1-quick-win,oui,"Banlieue moyenne (5,700hab) - quick win local pur"
plombier avis lyon,commercial,local-listing,ville-principale,plombier,avis,299,medium,/lyon/plombier,a-creer,2,T2-volume-eleve,oui,Modificateur commercial - intent compare/decide
electricien avis lyon,commercial,local-listing,ville-principale,electricien,avis,299,medium,/lyon/electricien,a-creer,2,T2-volume-eleve,oui,Modificateur commercial - intent compare/decide
peintre avis lyon,commercial,local-listing,ville-principale,peintre,avis,299,medium,/lyon/peintre,a-creer,2,T2-volume-eleve,oui,Modificateur commercial - intent compare/decide
macon avis lyon,commercial,local-listing,ville-principale,macon,avis,299,medium,/lyon/macon,a-creer,2,T2-volume-eleve,oui,Modificateur commercial - intent compare/decide
carreleur avis lyon,commercial,local-listing,ville-principale,carreleur,avis,299,medium,/lyon/carreleur,a-creer,2,T2-volume-eleve,oui,Modificateur commercial - intent compare/decide
menuisier avis lyon,commercial,local-listing,ville-principale,menuisier,avis,299,medium,/lyon/menuisier,a-creer,2,T2-volume-eleve,oui,Modificateur commercial - intent compare/decide
couvreur avis lyon,commercial,local-listing,ville-principale,couvreur,avis,299,medium,/lyon/couvreur,a-creer,2,T2-volume-eleve,oui,Modificateur commercial - intent compare/decide
chauffagiste avis lyon,commercial,local-listing,ville-principale,chauffagiste,avis,299,medium,/lyon/chauffagiste,a-creer,2,T2-volume-eleve,oui,Modificateur commercial - intent compare/decide
electricien eybens,transactional,local-listing,commune-banlieue,electricien,aucun,298,low,/grenoble/eybens/electricien,a-creer,2,T1-quick-win,oui,"Banlieue moyenne (9,900hab) - quick win local pur"
serrurier 24h lyon,transactional,urgence,ville-principale,multi,ouvert-24h,292,medium,/lyon/serrurier,a-creer,2,T1-quick-win,oui,Serrurier 24h - intent panique porte
plombier vernaison,transactional,local-listing,commune-banlieue,plombier,aucun,290,low,/lyon/vernaison/plombier,a-creer,2,T1-quick-win,oui,"Banlieue moyenne (5,300hab) - quick win local pur"
plombier etoile sur rhone,transactional,local-listing,commune-banlieue,plombier,aucun,290,low,/valence/etoile-sur-rhone/plombier,a-creer,2,T1-quick-win,oui,"Banlieue moyenne (5,300hab) - quick win local pur"
electricien rumilly,transactional,local-listing,commune-agglo,electricien,aucun,289,low,/annecy/rumilly/electricien,a-creer,2,T2-volume-eleve,oui,"Agglo grosse (16,000hab) - peu de concurrence locale"
plombier challes les eaux,transactional,local-listing,commune-banlieue,plombier,aucun,288,low,/chambery/challes-les-eaux/plombier,a-creer,2,T1-quick-win,oui,"Banlieue moyenne (5,200hab) - quick win local pur"
plombier charbonnieres les bains,transactional,local-listing,commune-banlieue,plombier,aucun,288,low,/lyon/charbonnieres-les-bains/plombier,a-creer,2,T1-quick-win,oui,"Banlieue moyenne (5,200hab) - quick win local pur"
electricien dardilly,transactional,local-listing,commune-banlieue,electricien,aucun,286,low,/lyon/dardilly/electricien,a-creer,2,T1-quick-win,oui,"Banlieue moyenne (8,900hab) - quick win local pur"
electricien la ravoire,transactional,local-listing,commune-banlieue,electricien,aucun,285,low,/chambery/la-ravoire/electricien,a-creer,2,T1-quick-win,oui,"Banlieue moyenne (8,800hab) - quick win local pur"
electricien grigny,transactional,local-listing,commune-banlieue,electricien,aucun,285,low,/lyon/grigny/electricien,a-creer,2,T1-quick-win,oui,"Banlieue moyenne (8,800hab) - quick win local pur"
peintre urgence annecy,transactional,local-listing,ville-principale,peintre,urgence,285,medium,/urgence,existante,2,T1-quick-win,oui,Urgence + metier critique - intent achat immediat
macon urgence annecy,transactional,local-listing,ville-principale,macon,urgence,285,medium,/urgence,existante,2,T1-quick-win,oui,Urgence + metier critique - intent achat immediat
carreleur urgence annecy,transactional,local-listing,ville-principale,carreleur,urgence,285,medium,/urgence,existante,2,T1-quick-win,oui,Urgence + metier critique - intent achat immediat
menuisier urgence annecy,transactional,local-listing,ville-principale,menuisier,urgence,285,medium,/urgence,existante,2,T1-quick-win,oui,Urgence + metier critique - intent achat immediat
couvreur urgence annecy,transactional,local-listing,ville-principale,couvreur,urgence,285,medium,/urgence,existante,2,T1-quick-win,oui,Urgence + metier critique - intent achat immediat
electricien meythet,transactional,local-listing,commune-banlieue,electricien,aucun,283,low,/annecy/meythet/electricien,a-creer,2,T1-quick-win,oui,"Banlieue moyenne (8,700hab) - quick win local pur"
electricien irigny,transactional,local-listing,commune-banlieue,electricien,aucun,283,low,/lyon/irigny/electricien,a-creer,2,T1-quick-win,oui,"Banlieue moyenne (8,700hab) - quick win local pur"
electricien lyon 3e 69003,transactional,local-listing,arrondissement-lyon,electricien,aucun,276,medium,/lyon/lyon-3e/electricien,a-creer,2,T3-longue-traine,non,Variante avec code postal - signal local hyper-precis
electricien poisy,transactional,local-listing,commune-banlieue,electricien,aucun,274,low,/annecy/poisy/electricien,a-creer,2,T1-quick-win,oui,"Banlieue moyenne (8,000hab) - quick win local pur"
electricien saint peray,transactional,local-listing,commune-banlieue,electricien,aucun,271,low,/valence/saint-peray/electricien,a-creer,2,T1-quick-win,oui,"Banlieue moyenne (7,800hab) - quick win local pur"
electricien epagny metz tessy,transactional,local-listing,commune-banlieue,electricien,aucun,270,low,/annecy/epagny-metz-tessy/electricien,a-creer,2,T1-quick-win,oui,"Banlieue moyenne (7,700hab) - quick win local pur"
plombier villeurbanne 69100,transactional,local-listing,commune-banlieue,plombier,aucun,270,medium,/lyon/villeurbanne/plombier,a-creer,2,T3-longue-traine,non,Variante avec code postal - signal local hyper-precis
serrurier urgence grenoble,transactional,urgence,ville-principale,multi,urgence,266,medium,/grenoble/serrurier,a-creer,2,T1-quick-win,oui,Serrurier urgence - fort intent achat immediat
renovation salle de bain lyon,transactional,local-listing,ville-principale,multi,aucun,265,medium,/travaux/renovation-salle-de-bain/lyon,a-creer,2,T2-volume-eleve,oui,Travaux + ville - intent project achat
pompe a chaleur lyon,transactional,local-listing,ville-principale,multi,aucun,265,medium,/travaux/pompe-a-chaleur/lyon,a-creer,2,T2-volume-eleve,oui,Travaux + ville - intent project achat
electricien seyssins,transactional,local-listing,commune-banlieue,electricien,aucun,263,low,/grenoble/seyssins/electricien,a-creer,2,T1-quick-win,oui,"Banlieue moyenne (7,200hab) - quick win local pur"
electricien saint didier au mont d or,transactional,local-listing,commune-banlieue,electricien,aucun,263,low,/lyon/saint-didier-au-mont-d-or/electricien,a-creer,2,T1-quick-win,oui,"Banlieue moyenne (7,200hab) - quick win local pur"
electricien fontaines sur saone,transactional,local-listing,commune-banlieue,electricien,aucun,261,low,/lyon/fontaines-sur-saone/electricien,a-creer,2,T1-quick-win,oui,"Banlieue moyenne (7,100hab) - quick win local pur"
electricien chabeuil,transactional,local-listing,commune-banlieue,electricien,aucun,261,low,/valence/chabeuil/electricien,a-creer,2,T1-quick-win,oui,"Banlieue moyenne (7,100hab) - quick win local pur"
electricien la tronche,transactional,local-listing,commune-banlieue,electricien,aucun,260,low,/grenoble/la-tronche/electricien,a-creer,2,T1-quick-win,oui,"Banlieue moyenne (7,000hab) - quick win local pur"
plombier lyon 9e 69009,transactional,local-listing,arrondissement-lyon,plombier,aucun,260,medium,/lyon/lyon-9e/plombier,a-creer,2,T3-longue-traine,non,Variante avec code postal - signal local hyper-precis
plombier lyon 6e 69006,transactional,local-listing,arrondissement-lyon,plombier,aucun,259,medium,/lyon/lyon-6e/plombier,a-creer,2,T3-longue-traine,non,Variante avec code postal - signal local hyper-precis
electricien lyon 7e 69007,transactional,local-listing,arrondissement-lyon,electricien,aucun,256,medium,/lyon/lyon-7e/electricien,a-creer,2,T3-longue-traine,non,Variante avec code postal - signal local hyper-precis
electricien la roche sur foron,transactional,local-listing,commune-agglo,electricien,aucun,255,low,/annecy/la-roche-sur-foron/electricien,a-creer,2,T2-volume-eleve,oui,"Agglo grosse (11,700hab) - peu de concurrence locale"
electricien gieres,transactional,local-listing,commune-banlieue,electricien,aucun,255,low,/grenoble/gieres/electricien,a-creer,2,T1-quick-win,oui,"Banlieue moyenne (6,700hab) - quick win local pur"
electricien lyon 8e 69008,transactional,local-listing,arrondissement-lyon,electricien,aucun,255,medium,/lyon/lyon-8e/electricien,a-creer,2,T3-longue-traine,non,Variante avec code postal - signal local hyper-precis
plombier lyon 5e 69005,transactional,local-listing,arrondissement-lyon,plombier,aucun,251,medium,/lyon/lyon-5e/plombier,a-creer,2,T3-longue-traine,non,Variante avec code postal - signal local hyper-precis
plombier depannage grenoble,transactional,local-listing,ville-principale,plombier,urgence,251,medium,/grenoble/plombier,a-creer,2,T1-quick-win,oui,Modificateur urgence/dispo - vol direct intent
electricien depannage grenoble,transactional,local-listing,ville-principale,electricien,urgence,251,medium,/grenoble/electricien,a-creer,2,T1-quick-win,oui,Modificateur urgence/dispo - vol direct intent
peintre depannage grenoble,transactional,local-listing,ville-principale,peintre,urgence,251,medium,/grenoble/peintre,a-creer,2,T1-quick-win,oui,Modificateur urgence/dispo - vol direct intent
macon depannage grenoble,transactional,local-listing,ville-principale,macon,urgence,251,medium,/grenoble/macon,a-creer,2,T1-quick-win,oui,Modificateur urgence/dispo - vol direct intent
carreleur depannage grenoble,transactional,local-listing,ville-principale,carreleur,urgence,251,medium,/grenoble/carreleur,a-creer,2,T1-quick-win,oui,Modificateur urgence/dispo - vol direct intent
menuisier depannage grenoble,transactional,local-listing,ville-principale,menuisier,urgence,251,medium,/grenoble/menuisier,a-creer,2,T1-quick-win,oui,Modificateur urgence/dispo - vol direct intent
couvreur depannage grenoble,transactional,local-listing,ville-principale,couvreur,urgence,251,medium,/grenoble/couvreur,a-creer,2,T1-quick-win,oui,Modificateur urgence/dispo - vol direct intent
chauffagiste depannage grenoble,transactional,local-listing,ville-principale,chauffagiste,urgence,251,medium,/grenoble/chauffagiste,a-creer,2,T1-quick-win,oui,Modificateur urgence/dispo - vol direct intent
electricien tournon sur rhone,transactional,local-listing,commune-agglo,electricien,aucun,250,low,/valence/tournon-sur-rhone/electricien,a-creer,2,T2-volume-eleve,oui,"Agglo grosse (11,100hab) - peu de concurrence locale"
plombier depannage villeurbanne,transactional,local-listing,commune-banlieue,plombier,urgence,250,medium,/lyon/villeurbanne/plombier,a-creer,2,T1-quick-win,oui,Modificateur urgence/dispo - vol direct intent
electricien depannage villeurbanne,transactional,local-listing,commune-banlieue,electricien,urgence,250,medium,/lyon/villeurbanne/electricien,a-creer,2,T1-quick-win,oui,Modificateur urgence/dispo - vol direct intent
peintre depannage villeurbanne,transactional,local-listing,commune-banlieue,peintre,urgence,250,medium,/lyon/villeurbanne/peintre,a-creer,2,T1-quick-win,oui,Modificateur urgence/dispo - vol direct intent
macon depannage villeurbanne,transactional,local-listing,commune-banlieue,macon,urgence,250,medium,/lyon/villeurbanne/macon,a-creer,2,T1-quick-win,oui,Modificateur urgence/dispo - vol direct intent
carreleur depannage villeurbanne,transactional,local-listing,commune-banlieue,carreleur,urgence,250,medium,/lyon/villeurbanne/carreleur,a-creer,2,T1-quick-win,oui,Modificateur urgence/dispo - vol direct intent
menuisier depannage villeurbanne,transactional,local-listing,commune-banlieue,menuisier,urgence,250,medium,/lyon/villeurbanne/menuisier,a-creer,2,T1-quick-win,oui,Modificateur urgence/dispo - vol direct intent
couvreur depannage villeurbanne,transactional,local-listing,commune-banlieue,couvreur,urgence,250,medium,/lyon/villeurbanne/couvreur,a-creer,2,T1-quick-win,oui,Modificateur urgence/dispo - vol direct intent
chauffagiste depannage villeurbanne,transactional,local-listing,commune-banlieue,chauffagiste,urgence,250,medium,/lyon/villeurbanne/chauffagiste,a-creer,2,T1-quick-win,oui,Modificateur urgence/dispo - vol direct intent
prix renovation complete electrique,informational,prix-tarif,national,electricien,prix,250,medium,/prix/electricien/renovation-electrique,a-creer,2,T2-volume-eleve,oui,Sous-page prix par type de travaux - intent achat fort
prix changement fenetres double vitrage,informational,prix-tarif,national,menuisier,prix,250,medium,/prix/menuisier/fenetres,a-creer,2,T2-volume-eleve,oui,Sous-page prix par type de travaux - intent achat fort
electricien cognin,transactional,local-listing,commune-banlieue,electricien,aucun,247,low,/chambery/cognin/electricien,a-creer,2,T1-quick-win,oui,"Banlieue moyenne (6,200hab) - quick win local pur"
electricien saint jorioz,transactional,local-listing,commune-banlieue,electricien,aucun,246,low,/annecy/saint-jorioz/electricien,a-creer,2,T1-quick-win,oui,"Banlieue moyenne (6,100hab) - quick win local pur"
electricien lentilly,transactional,local-listing,commune-banlieue,electricien,aucun,246,low,/lyon/lentilly/electricien,a-creer,2,T1-quick-win,oui,"Banlieue moyenne (6,100hab) - quick win local pur"
electricien l arbresle,transactional,local-listing,commune-banlieue,electricien,aucun,246,low,/lyon/l-arbresle/electricien,a-creer,2,T1-quick-win,oui,"Banlieue moyenne (6,100hab) - quick win local pur"
plombier pres de moi,transactional,local-listing,ville-principale,plombier,proche,244,high,/lyon/plombier,a-creer,2,T2-volume-eleve,non,Geolocalise - 'autour de moi' fort vol nationaux
electricien pres de moi,transactional,local-listing,ville-principale,electricien,proche,244,high,/lyon/electricien,a-creer,2,T2-volume-eleve,non,Geolocalise - 'autour de moi' fort vol nationaux
peintre pres de moi,transactional,local-listing,ville-principale,peintre,proche,244,high,/lyon/peintre,a-creer,2,T2-volume-eleve,non,Geolocalise - 'autour de moi' fort vol nationaux
macon pres de moi,transactional,local-listing,ville-principale,macon,proche,244,high,/lyon/macon,a-creer,2,T2-volume-eleve,non,Geolocalise - 'autour de moi' fort vol nationaux
carreleur pres de moi,transactional,local-listing,ville-principale,carreleur,proche,244,high,/lyon/carreleur,a-creer,2,T2-volume-eleve,non,Geolocalise - 'autour de moi' fort vol nationaux
menuisier pres de moi,transactional,local-listing,ville-principale,menuisier,proche,244,high,/lyon/menuisier,a-creer,2,T2-volume-eleve,non,Geolocalise - 'autour de moi' fort vol nationaux
couvreur pres de moi,transactional,local-listing,ville-principale,couvreur,proche,244,high,/lyon/couvreur,a-creer,2,T2-volume-eleve,non,Geolocalise - 'autour de moi' fort vol nationaux
chauffagiste pres de moi,transactional,local-listing,ville-principale,chauffagiste,proche,244,high,/lyon/chauffagiste,a-creer,2,T2-volume-eleve,non,Geolocalise - 'autour de moi' fort vol nationaux
electricien saint alban leysse,transactional,local-listing,commune-banlieue,electricien,aucun,241,low,/chambery/saint-alban-leysse/electricien,a-creer,2,T1-quick-win,oui,"Banlieue moyenne (5,800hab) - quick win local pur"
electricien saint martin le vinoux,transactional,local-listing,commune-banlieue,electricien,aucun,241,low,/grenoble/saint-martin-le-vinoux/electricien,a-creer,2,T1-quick-win,oui,"Banlieue moyenne (5,800hab) - quick win local pur"
electricien saint cyr au mont d or,transactional,local-listing,commune-banlieue,electricien,aucun,241,low,/lyon/saint-cyr-au-mont-d-or/electricien,a-creer,2,T1-quick-win,oui,"Banlieue moyenne (5,800hab) - quick win local pur"
electricien saint marcel les valence,transactional,local-listing,commune-banlieue,electricien,aucun,241,low,/valence/saint-marcel-les-valence/electricien,a-creer,2,T1-quick-win,oui,"Banlieue moyenne (5,800hab) - quick win local pur"
serrurier urgence annecy,transactional,urgence,ville-principale,multi,urgence,241,medium,/annecy/serrurier,a-creer,2,T1-quick-win,oui,Serrurier urgence - fort intent achat immediat
comment fuite eau que faire,transactional,guide-howto,national,multi,aucun,240,medium,/guides/que-faire-fuite-eau,a-creer,2,T4-questions-guides,oui,Variante 'comment' - PAA-friendly
comment pompe a chaleur ou chaudiere gaz,informational,guide-howto,national,multi,aucun,240,medium,/guides/pompe-chaleur-vs-gaz,a-creer,2,T4-questions-guides,oui,Variante 'comment' - PAA-friendly
electricien champagne au mont d or,transactional,local-listing,commune-banlieue,electricien,aucun,239,low,/lyon/champagne-au-mont-d-or/electricien,a-creer,2,T1-quick-win,oui,"Banlieue moyenne (5,700hab) - quick win local pur"
electricien sathonay camp,transactional,local-listing,commune-banlieue,electricien,aucun,239,low,/lyon/sathonay-camp/electricien,a-creer,2,T1-quick-win,oui,"Banlieue moyenne (5,700hab) - quick win local pur"
electricien vernaison,transactional,local-listing,commune-banlieue,electricien,aucun,232,low,/lyon/vernaison/electricien,a-creer,2,T1-quick-win,oui,"Banlieue moyenne (5,300hab) - quick win local pur"
electricien etoile sur rhone,transactional,local-listing,commune-banlieue,electricien,aucun,232,low,/valence/etoile-sur-rhone/electricien,a-creer,2,T1-quick-win,oui,"Banlieue moyenne (5,300hab) - quick win local pur"
electricien challes les eaux,transactional,local-listing,commune-banlieue,electricien,aucun,230,low,/chambery/challes-les-eaux/electricien,a-creer,2,T1-quick-win,oui,"Banlieue moyenne (5,200hab) - quick win local pur"
electricien charbonnieres les bains,transactional,local-listing,commune-banlieue,electricien,aucun,230,low,/lyon/charbonnieres-les-bains/electricien,a-creer,2,T1-quick-win,oui,"Banlieue moyenne (5,200hab) - quick win local pur"
plombier 24h lyon,transactional,local-listing,ville-principale,plombier,ouvert-24h,230,medium,/lyon/plombier,a-creer,2,T1-quick-win,oui,Modificateur urgence/dispo - vol direct intent
plombier prix lyon,informational,prix-tarif,ville-principale,plombier,prix,230,medium,/lyon/plombier,a-creer,2,T2-volume-eleve,oui,Modificateur commercial - intent compare/decide
plombier pas cher lyon,commercial,local-listing,ville-principale,plombier,pas-cher,230,medium,/lyon/plombier,a-creer,2,T2-volume-eleve,oui,Modificateur commercial - intent compare/decide
electricien 24h lyon,transactional,local-listing,ville-principale,electricien,ouvert-24h,230,medium,/lyon/electricien,a-creer,2,T1-quick-win,oui,Modificateur urgence/dispo - vol direct intent
electricien prix lyon,informational,prix-tarif,ville-principale,electricien,prix,230,medium,/lyon/electricien,a-creer,2,T2-volume-eleve,oui,Modificateur commercial - intent compare/decide
electricien pas cher lyon,commercial,local-listing,ville-principale,electricien,pas-cher,230,medium,/lyon/electricien,a-creer,2,T2-volume-eleve,oui,Modificateur commercial - intent compare/decide
peintre 24h lyon,transactional,local-listing,ville-principale,peintre,ouvert-24h,230,medium,/lyon/peintre,a-creer,2,T1-quick-win,oui,Modificateur urgence/dispo - vol direct intent
peintre prix lyon,informational,prix-tarif,ville-principale,peintre,prix,230,medium,/lyon/peintre,a-creer,2,T2-volume-eleve,oui,Modificateur commercial - intent compare/decide
peintre pas cher lyon,commercial,local-listing,ville-principale,peintre,pas-cher,230,medium,/lyon/peintre,a-creer,2,T2-volume-eleve,oui,Modificateur commercial - intent compare/decide
macon 24h lyon,transactional,local-listing,ville-principale,macon,ouvert-24h,230,medium,/lyon/macon,a-creer,2,T1-quick-win,oui,Modificateur urgence/dispo - vol direct intent
macon prix lyon,informational,prix-tarif,ville-principale,macon,prix,230,medium,/lyon/macon,a-creer,2,T2-volume-eleve,oui,Modificateur commercial - intent compare/decide
macon pas cher lyon,commercial,local-listing,ville-principale,macon,pas-cher,230,medium,/lyon/macon,a-creer,2,T2-volume-eleve,oui,Modificateur commercial - intent compare/decide
carreleur 24h lyon,transactional,local-listing,ville-principale,carreleur,ouvert-24h,230,medium,/lyon/carreleur,a-creer,2,T1-quick-win,oui,Modificateur urgence/dispo - vol direct intent
carreleur prix lyon,informational,prix-tarif,ville-principale,carreleur,prix,230,medium,/lyon/carreleur,a-creer,2,T2-volume-eleve,oui,Modificateur commercial - intent compare/decide
carreleur pas cher lyon,commercial,local-listing,ville-principale,carreleur,pas-cher,230,medium,/lyon/carreleur,a-creer,2,T2-volume-eleve,oui,Modificateur commercial - intent compare/decide
menuisier 24h lyon,transactional,local-listing,ville-principale,menuisier,ouvert-24h,230,medium,/lyon/menuisier,a-creer,2,T1-quick-win,oui,Modificateur urgence/dispo - vol direct intent
menuisier prix lyon,informational,prix-tarif,ville-principale,menuisier,prix,230,medium,/lyon/menuisier,a-creer,2,T2-volume-eleve,oui,Modificateur commercial - intent compare/decide
menuisier pas cher lyon,commercial,local-listing,ville-principale,menuisier,pas-cher,230,medium,/lyon/menuisier,a-creer,2,T2-volume-eleve,oui,Modificateur commercial - intent compare/decide
couvreur 24h lyon,transactional,local-listing,ville-principale,couvreur,ouvert-24h,230,medium,/lyon/couvreur,a-creer,2,T1-quick-win,oui,Modificateur urgence/dispo - vol direct intent
couvreur prix lyon,informational,prix-tarif,ville-principale,couvreur,prix,230,medium,/lyon/couvreur,a-creer,2,T2-volume-eleve,oui,Modificateur commercial - intent compare/decide
couvreur pas cher lyon,commercial,local-listing,ville-principale,couvreur,pas-cher,230,medium,/lyon/couvreur,a-creer,2,T2-volume-eleve,oui,Modificateur commercial - intent compare/decide
chauffagiste 24h lyon,transactional,local-listing,ville-principale,chauffagiste,ouvert-24h,230,medium,/lyon/chauffagiste,a-creer,2,T1-quick-win,oui,Modificateur urgence/dispo - vol direct intent
chauffagiste prix lyon,informational,prix-tarif,ville-principale,chauffagiste,prix,230,medium,/lyon/chauffagiste,a-creer,2,T2-volume-eleve,oui,Modificateur commercial - intent compare/decide
chauffagiste pas cher lyon,commercial,local-listing,ville-principale,chauffagiste,pas-cher,230,medium,/lyon/chauffagiste,a-creer,2,T2-volume-eleve,oui,Modificateur commercial - intent compare/decide
plombier depannage annecy,transactional,local-listing,ville-principale,plombier,urgence,228,medium,/annecy/plombier,a-creer,2,T1-quick-win,oui,Modificateur urgence/dispo - vol direct intent
electricien depannage annecy,transactional,local-listing,ville-principale,electricien,urgence,228,medium,/annecy/electricien,a-creer,2,T1-quick-win,oui,Modificateur urgence/dispo - vol direct intent
peintre depannage annecy,transactional,local-listing,ville-principale,peintre,urgence,228,medium,/annecy/peintre,a-creer,2,T1-quick-win,oui,Modificateur urgence/dispo - vol direct intent
macon depannage annecy,transactional,local-listing,ville-principale,macon,urgence,228,medium,/annecy/macon,a-creer,2,T1-quick-win,oui,Modificateur urgence/dispo - vol direct intent
carreleur depannage annecy,transactional,local-listing,ville-principale,carreleur,urgence,228,medium,/annecy/carreleur,a-creer,2,T1-quick-win,oui,Modificateur urgence/dispo - vol direct intent
menuisier depannage annecy,transactional,local-listing,ville-principale,menuisier,urgence,228,medium,/annecy/menuisier,a-creer,2,T1-quick-win,oui,Modificateur urgence/dispo - vol direct intent
couvreur depannage annecy,transactional,local-listing,ville-principale,couvreur,urgence,228,medium,/annecy/couvreur,a-creer,2,T1-quick-win,oui,Modificateur urgence/dispo - vol direct intent
chauffagiste depannage annecy,transactional,local-listing,ville-principale,chauffagiste,urgence,228,medium,/annecy/chauffagiste,a-creer,2,T1-quick-win,oui,Modificateur urgence/dispo - vol direct intent
vitrier valence,transactional,local-listing,ville-principale,multi,aucun,228,medium,/valence/vitrier,a-creer,2,T2-volume-eleve,oui,Metier etendu hors V1 - vitrier fort vol urgence
plombier lyon 4e 69004,transactional,local-listing,arrondissement-lyon,plombier,aucun,226,medium,/lyon/lyon-4e/plombier,a-creer,2,T3-longue-traine,non,Variante avec code postal - signal local hyper-precis
plombier lyon avis,commercial,local-listing,ville-principale,plombier,avis,225,medium,/lyon/plombier,existante,2,T2-volume-eleve,oui,Modificateur avis - fort intent commercial
vitrier chambery,transactional,local-listing,ville-principale,multi,aucun,219,medium,/chambery/vitrier,a-creer,2,T2-volume-eleve,oui,Metier etendu hors V1 - vitrier fort vol urgence
electricien villeurbanne 69100,transactional,local-listing,commune-banlieue,electricien,aucun,216,medium,/lyon/villeurbanne/electricien,a-creer,2,T3-longue-traine,non,Variante avec code postal - signal local hyper-precis
plombier lyon 2e 69002,transactional,local-listing,arrondissement-lyon,plombier,aucun,215,medium,/lyon/lyon-2e/plombier,a-creer,2,T3-longue-traine,non,Variante avec code postal - signal local hyper-precis
electricien lyon 9e 69009,transactional,local-listing,arrondissement-lyon,electricien,aucun,208,medium,/lyon/lyon-9e/electricien,a-creer,2,T3-longue-traine,non,Variante avec code postal - signal local hyper-precis
electricien lyon 6e 69006,transactional,local-listing,arrondissement-lyon,electricien,aucun,207,medium,/lyon/lyon-6e/electricien,a-creer,2,T3-longue-traine,non,Variante avec code postal - signal local hyper-precis
plombier lyon 1er 69001,transactional,local-listing,arrondissement-lyon,plombier,aucun,206,medium,/lyon/lyon-1er/plombier,a-creer,2,T3-longue-traine,non,Variante avec code postal - signal local hyper-precis
peintre urgence valence,transactional,local-listing,ville-principale,peintre,urgence,201,medium,/urgence,existante,2,T1-quick-win,oui,Urgence + metier critique - intent achat immediat
macon urgence valence,transactional,local-listing,ville-principale,macon,urgence,201,medium,/urgence,existante,2,T1-quick-win,oui,Urgence + metier critique - intent achat immediat
carreleur urgence valence,transactional,local-listing,ville-principale,carreleur,urgence,201,medium,/urgence,existante,2,T1-quick-win,oui,Urgence + metier critique - intent achat immediat
menuisier urgence valence,transactional,local-listing,ville-principale,menuisier,urgence,201,medium,/urgence,existante,2,T1-quick-win,oui,Urgence + metier critique - intent achat immediat
couvreur urgence valence,transactional,local-listing,ville-principale,couvreur,urgence,201,medium,/urgence,existante,2,T1-quick-win,oui,Urgence + metier critique - intent achat immediat
artisan batiment chambery,transactional,ville-hub,ville-principale,multi,aucun,200,medium,/chambery,existante,2,T2-volume-eleve,non,"Variante longue tail, moins concurrence"
artisan batiment annecy,transactional,ville-hub,ville-principale,multi,aucun,200,medium,/annecy,existante,2,T2-volume-eleve,non,"Variante longue tail, moins concurrence"
artisan batiment grenoble,transactional,ville-hub,ville-principale,multi,aucun,200,medium,/grenoble,existante,2,T2-volume-eleve,non,"Variante longue tail, moins concurrence"
artisan batiment lyon,transactional,ville-hub,ville-principale,multi,aucun,200,medium,/lyon,existante,2,T2-volume-eleve,non,"Variante longue tail, moins concurrence"
artisan batiment valence,transactional,ville-hub,ville-principale,multi,aucun,200,medium,/valence,existante,2,T2-volume-eleve,non,"Variante longue tail, moins concurrence"
comment choisir artisan,informational,guide-howto,national,multi,aucun,200,high,/guides/trouver-bon-artisan,existante,2,T4-questions-guides,non,Synonyme choisir/trouver
prix renovation salle de bain m2,informational,guide-howto,national,n/a,prix,200,high,/guides/prix-renovation-salle-bain,existante,2,T4-questions-guides,non,Variante m2
prix rénovation salle de bain,informational,guide-howto,national,multi,prix,200,high,/travaux/renovation-salle-de-bain,existante,2,T4-questions-guides,non,Variante prix
prix pompe à chaleur,informational,guide-howto,national,multi,prix,200,high,/travaux/pompe-a-chaleur,existante,2,T4-questions-guides,non,Variante prix
prix peinture intérieure,informational,guide-howto,national,multi,prix,200,high,/travaux/peinture-interieure,existante,2,T4-questions-guides,non,Variante prix
prix isolation combles,informational,guide-howto,national,multi,prix,200,high,/travaux/isolation-combles,existante,2,T4-questions-guides,non,Variante prix
prix isolation extérieure,informational,guide-howto,national,multi,prix,200,high,/travaux/isolation-exterieure,existante,2,T4-questions-guides,non,Variante prix
prix rénovation cuisine,informational,guide-howto,national,multi,prix,200,high,/travaux/renovation-cuisine,existante,2,T4-questions-guides,non,Variante prix
prix changement fenêtres,informational,guide-howto,national,multi,prix,200,high,/travaux/changement-fenetres,existante,2,T4-questions-guides,non,Variante prix
prix toiture,informational,guide-howto,national,multi,prix,200,high,/travaux/toiture,existante,2,T4-questions-guides,non,Variante prix
prix ravalement façade,informational,guide-howto,national,multi,prix,200,high,/travaux/ravalement-facade,existante,2,T4-questions-guides,non,Variante prix
prix électricité rénovation,informational,guide-howto,national,multi,prix,200,high,/travaux/electricite-renovation,existante,2,T4-questions-guides,non,Variante prix
prix chauffage,informational,guide-howto,national,multi,prix,200,high,/travaux/chauffage,existante,2,T4-questions-guides,non,Variante prix
prix douche italienne,informational,guide-howto,national,multi,prix,200,high,/travaux/douche-italienne,existante,2,T4-questions-guides,non,Variante prix
electricien lyon 5e 69005,transactional,local-listing,arrondissement-lyon,electricien,aucun,200,medium,/lyon/lyon-5e/electricien,a-creer,2,T3-longue-traine,non,Variante avec code postal - signal local hyper-precis
prix recherche fuite eau,informational,prix-tarif,national,plombier,prix,200,medium,/prix/plombier/fuite,a-creer,2,T2-volume-eleve,oui,Sous-page prix par type de travaux - intent achat fort
prix douche italienne pose,informational,prix-tarif,national,plombier,prix,200,medium,/prix/plombier/douche-italienne,a-creer,2,T2-volume-eleve,oui,Sous-page prix par type de travaux - intent achat fort
cout renovation salle de bain,informational,prix-tarif,national,plombier,prix,200,medium,/prix/plombier/salle-de-bain,a-creer,2,T3-longue-traine,oui,Synonyme cout - capture verbatim utilisateur
prix tableau electrique aux normes,informational,prix-tarif,national,electricien,prix,200,medium,/prix/electricien/tableau-electrique,a-creer,2,T2-volume-eleve,oui,Sous-page prix par type de travaux - intent achat fort
prix borne recharge irve,informational,prix-tarif,national,electricien,prix,200,medium,/prix/electricien/irve,a-creer,2,T2-volume-eleve,oui,Sous-page prix par type de travaux - intent achat fort
prix carrelage salle de bain,informational,prix-tarif,national,carreleur,prix,200,medium,/prix/carreleur/salle-de-bain,a-creer,2,T2-volume-eleve,oui,Sous-page prix par type de travaux - intent achat fort
cout installation pompe a chaleur,informational,prix-tarif,national,chauffagiste,prix,200,medium,/prix/chauffagiste/pompe-a-chaleur,a-creer,2,T3-longue-traine,oui,Synonyme cout - capture verbatim utilisateur
prix remplacement chaudiere gaz,informational,prix-tarif,national,chauffagiste,prix,200,medium,/prix/chauffagiste/chaudiere-gaz,a-creer,2,T2-volume-eleve,oui,Sous-page prix par type de travaux - intent achat fort
prix poele a granules,informational,prix-tarif,national,chauffagiste,prix,200,medium,/prix/chauffagiste/poele-granules,a-creer,2,T2-volume-eleve,oui,Sous-page prix par type de travaux - intent achat fort
qui appeler urgence plomberie,informational,guide-howto,national,multi,aucun,200,medium,/guides/qui-appeler-urgence-plomberie,a-creer,2,T4-questions-guides,oui,Question naturelle - matching Google Suggest
qui appeler en cas de panne electrique,informational,guide-howto,national,multi,aucun,200,medium,/guides/qui-appeler-panne-electrique,a-creer,2,T4-questions-guides,oui,Question naturelle - matching Google Suggest
qui appeler en cas de fuite gaz,informational,guide-howto,national,multi,aucun,200,medium,/guides/qui-appeler-fuite-gaz,a-creer,2,T4-questions-guides,oui,Question naturelle - matching Google Suggest
qui appeler chauffage en panne hiver,informational,guide-howto,national,multi,aucun,200,medium,/guides/qui-appeler-chauffage-panne,a-creer,2,T4-questions-guides,oui,Question naturelle - matching Google Suggest
qui contacter pour devis travaux gratuit,informational,guide-howto,national,multi,aucun,200,medium,/guides/qui-contacter-devis-gratuit,a-creer,2,T4-questions-guides,oui,Question naturelle - matching Google Suggest
comment couper arrivee eau generale,informational,guide-howto,national,multi,aucun,200,medium,/guides/couper-arrivee-eau,a-creer,2,T4-questions-guides,oui,Question naturelle - matching Google Suggest
comment lire un devis travaux,informational,guide-howto,national,multi,aucun,200,medium,/guides/comment-lire-devis,a-creer,2,T4-questions-guides,oui,Question naturelle - matching Google Suggest
combien coute renovation maison,informational,guide-howto,national,multi,aucun,200,medium,/guides/cout-renovation-maison,a-creer,2,T4-questions-guides,oui,Question naturelle - matching Google Suggest
combien coute renovation maison 120m2,informational,guide-howto,national,multi,aucun,200,medium,/guides/cout-renovation-maison-120m2,a-creer,2,T4-questions-guides,oui,Question naturelle - matching Google Suggest
combien coute renovation maison 150m2,informational,guide-howto,national,multi,aucun,200,medium,/guides/cout-renovation-maison-150m2,a-creer,2,T4-questions-guides,oui,Question naturelle - matching Google Suggest
combien coute construction maison,informational,guide-howto,national,multi,aucun,200,medium,/guides/cout-construction-maison,a-creer,2,T4-questions-guides,oui,Question naturelle - matching Google Suggest
combien coute pompe a chaleur posee,informational,guide-howto,national,multi,aucun,200,medium,/guides/cout-pompe-chaleur-posee,a-creer,2,T4-questions-guides,oui,Question naturelle - matching Google Suggest
combien coute changement de fenetres,informational,guide-howto,national,multi,aucun,200,medium,/guides/cout-changement-fenetres,a-creer,2,T4-questions-guides,oui,Question naturelle - matching Google Suggest
combien coute refaire toiture,informational,guide-howto,national,multi,aucun,200,medium,/guides/cout-refaire-toiture,a-creer,2,T4-questions-guides,oui,Question naturelle - matching Google Suggest
combien coute refaire electricite,informational,guide-howto,national,multi,aucun,200,medium,/guides/cout-refaire-electricite,a-creer,2,T4-questions-guides,oui,Question naturelle - matching Google Suggest
renovation cuisine lyon,transactional,local-listing,ville-principale,multi,aucun,199,medium,/travaux/renovation-cuisine/lyon,a-creer,2,T2-volume-eleve,oui,Travaux + ville - intent project achat
peintre romans sur isere,transactional,local-listing,commune-agglo,peintre,aucun,195,low,/valence/romans-sur-isere/peintre,a-creer,2,T2-volume-eleve,oui,"Agglo grosse (33,700hab) - peu de concurrence locale"
menuisier romans sur isere,transactional,local-listing,commune-agglo,menuisier,aucun,195,low,/valence/romans-sur-isere/menuisier,a-creer,2,T2-volume-eleve,oui,"Agglo grosse (33,700hab) - peu de concurrence locale"
peintre urgence chambery,transactional,local-listing,ville-principale,peintre,urgence,193,medium,/urgence,existante,2,T1-quick-win,oui,Urgence + metier critique - intent achat immediat
macon urgence chambery,transactional,local-listing,ville-principale,macon,urgence,193,medium,/urgence,existante,2,T1-quick-win,oui,Urgence + metier critique - intent achat immediat
carreleur urgence chambery,transactional,local-listing,ville-principale,carreleur,urgence,193,medium,/urgence,existante,2,T1-quick-win,oui,Urgence + metier critique - intent achat immediat
menuisier urgence chambery,transactional,local-listing,ville-principale,menuisier,urgence,193,medium,/urgence,existante,2,T1-quick-win,oui,Urgence + metier critique - intent achat immediat
couvreur urgence chambery,transactional,local-listing,ville-principale,couvreur,urgence,193,medium,/urgence,existante,2,T1-quick-win,oui,Urgence + metier critique - intent achat immediat
plombier venissieux 69200,transactional,local-listing,commune-banlieue,plombier,aucun,190,medium,/lyon/venissieux/plombier,a-creer,2,T3-longue-traine,non,Variante avec code postal - signal local hyper-precis
peintre aix les bains,transactional,local-listing,commune-agglo,peintre,aucun,188,low,/chambery/aix-les-bains/peintre,a-creer,2,T2-volume-eleve,oui,"Agglo grosse (30,800hab) - peu de concurrence locale"
menuisier aix les bains,transactional,local-listing,commune-agglo,menuisier,aucun,188,low,/chambery/aix-les-bains/menuisier,a-creer,2,T2-volume-eleve,oui,"Agglo grosse (30,800hab) - peu de concurrence locale"
plombier devis gratuit lyon,transactional,local-listing,ville-principale,plombier,devis,184,medium,/lyon/plombier,a-creer,2,T2-volume-eleve,oui,Modificateur commercial - intent compare/decide
electricien devis gratuit lyon,transactional,local-listing,ville-principale,electricien,devis,184,medium,/lyon/electricien,a-creer,2,T2-volume-eleve,oui,Modificateur commercial - intent compare/decide
peintre devis gratuit lyon,transactional,local-listing,ville-principale,peintre,devis,184,medium,/lyon/peintre,a-creer,2,T2-volume-eleve,oui,Modificateur commercial - intent compare/decide
macon devis gratuit lyon,transactional,local-listing,ville-principale,macon,devis,184,medium,/lyon/macon,a-creer,2,T2-volume-eleve,oui,Modificateur commercial - intent compare/decide
carreleur devis gratuit lyon,transactional,local-listing,ville-principale,carreleur,devis,184,medium,/lyon/carreleur,a-creer,2,T2-volume-eleve,oui,Modificateur commercial - intent compare/decide
menuisier devis gratuit lyon,transactional,local-listing,ville-principale,menuisier,devis,184,medium,/lyon/menuisier,a-creer,2,T2-volume-eleve,oui,Modificateur commercial - intent compare/decide
couvreur devis gratuit lyon,transactional,local-listing,ville-principale,couvreur,devis,184,medium,/lyon/couvreur,a-creer,2,T2-volume-eleve,oui,Modificateur commercial - intent compare/decide
chauffagiste devis gratuit lyon,transactional,local-listing,ville-principale,chauffagiste,devis,184,medium,/lyon/chauffagiste,a-creer,2,T2-volume-eleve,oui,Modificateur commercial - intent compare/decide
electricien lyon 4e 69004,transactional,local-listing,arrondissement-lyon,electricien,aucun,181,medium,/lyon/lyon-4e/electricien,a-creer,2,T3-longue-traine,non,Variante avec code postal - signal local hyper-precis
electricien lyon avis,commercial,local-listing,ville-principale,electricien,avis,180,medium,/lyon/electricien,existante,2,T2-volume-eleve,oui,Modificateur avis - fort intent commercial
comment garanties travaux decennale,informational,guide-howto,national,multi,aucun,180,medium,/guides/garanties-travaux,a-creer,2,T4-questions-guides,oui,Variante 'comment' - PAA-friendly
comment tva 5.5 travaux,informational,guide-howto,national,multi,aucun,180,medium,/guides/tva-reduite-travaux,a-creer,2,T4-questions-guides,oui,Variante 'comment' - PAA-friendly
plombier autour de moi,transactional,local-listing,ville-principale,plombier,proche,177,high,/grenoble/plombier,a-creer,2,T2-volume-eleve,non,Geolocalise - 'autour de moi' fort vol nationaux
electricien autour de moi,transactional,local-listing,ville-principale,electricien,proche,177,high,/grenoble/electricien,a-creer,2,T2-volume-eleve,non,Geolocalise - 'autour de moi' fort vol nationaux
peintre autour de moi,transactional,local-listing,ville-principale,peintre,proche,177,high,/grenoble/peintre,a-creer,2,T2-volume-eleve,non,Geolocalise - 'autour de moi' fort vol nationaux
macon autour de moi,transactional,local-listing,ville-principale,macon,proche,177,high,/grenoble/macon,a-creer,2,T2-volume-eleve,non,Geolocalise - 'autour de moi' fort vol nationaux
carreleur autour de moi,transactional,local-listing,ville-principale,carreleur,proche,177,high,/grenoble/carreleur,a-creer,2,T2-volume-eleve,non,Geolocalise - 'autour de moi' fort vol nationaux
menuisier autour de moi,transactional,local-listing,ville-principale,menuisier,proche,177,high,/grenoble/menuisier,a-creer,2,T2-volume-eleve,non,Geolocalise - 'autour de moi' fort vol nationaux
couvreur autour de moi,transactional,local-listing,ville-principale,couvreur,proche,177,high,/grenoble/couvreur,a-creer,2,T2-volume-eleve,non,Geolocalise - 'autour de moi' fort vol nationaux
chauffagiste autour de moi,transactional,local-listing,ville-principale,chauffagiste,proche,177,high,/grenoble/chauffagiste,a-creer,2,T2-volume-eleve,non,Geolocalise - 'autour de moi' fort vol nationaux
plombier vaulx en velin 69120,transactional,local-listing,commune-banlieue,plombier,aucun,175,medium,/lyon/vaulx-en-velin/plombier,a-creer,2,T3-longue-traine,non,Variante avec code postal - signal local hyper-precis
electricien lyon 2e 69002,transactional,local-listing,arrondissement-lyon,electricien,aucun,172,medium,/lyon/lyon-2e/electricien,a-creer,2,T3-longue-traine,non,Variante avec code postal - signal local hyper-precis
peintre mions,transactional,local-listing,commune-banlieue,peintre,aucun,172,low,/lyon/mions/peintre,a-creer,2,T1-quick-win,oui,"Banlieue moyenne (14,200hab) - quick win local pur"
menuisier mions,transactional,local-listing,commune-banlieue,menuisier,aucun,172,low,/lyon/mions/menuisier,a-creer,2,T1-quick-win,oui,"Banlieue moyenne (14,200hab) - quick win local pur"
serrurier urgence valence,transactional,urgence,ville-principale,multi,urgence,171,medium,/valence/serrurier,a-creer,2,T1-quick-win,oui,Serrurier urgence - fort intent achat immediat
peintre francheville,transactional,local-listing,commune-banlieue,peintre,aucun,170,low,/lyon/francheville/peintre,a-creer,2,T1-quick-win,oui,"Banlieue moyenne (13,800hab) - quick win local pur"
menuisier francheville,transactional,local-listing,commune-banlieue,menuisier,aucun,170,low,/lyon/francheville/menuisier,a-creer,2,T1-quick-win,oui,"Banlieue moyenne (13,800hab) - quick win local pur"
plombier saint priest 69800,transactional,local-listing,commune-banlieue,plombier,aucun,168,medium,/lyon/saint-priest/plombier,a-creer,2,T3-longue-traine,non,Variante avec code postal - signal local hyper-precis
peintre genas,transactional,local-listing,commune-banlieue,peintre,aucun,167,low,/lyon/genas/peintre,a-creer,2,T1-quick-win,oui,"Banlieue moyenne (13,100hab) - quick win local pur"
menuisier genas,transactional,local-listing,commune-banlieue,menuisier,aucun,167,low,/lyon/genas/menuisier,a-creer,2,T1-quick-win,oui,"Banlieue moyenne (13,100hab) - quick win local pur"
electricien lyon 1er 69001,transactional,local-listing,arrondissement-lyon,electricien,aucun,164,medium,/lyon/lyon-1er/electricien,a-creer,2,T3-longue-traine,non,Variante avec code postal - signal local hyper-precis
serrurier urgence chambery,transactional,urgence,ville-principale,multi,urgence,164,medium,/chambery/serrurier,a-creer,2,T1-quick-win,oui,Serrurier urgence - fort intent achat immediat
plombier avis grenoble,commercial,local-listing,ville-principale,plombier,avis,163,medium,/grenoble/plombier,a-creer,2,T2-volume-eleve,oui,Modificateur commercial - intent compare/decide
electricien avis grenoble,commercial,local-listing,ville-principale,electricien,avis,163,medium,/grenoble/electricien,a-creer,2,T2-volume-eleve,oui,Modificateur commercial - intent compare/decide
peintre avis grenoble,commercial,local-listing,ville-principale,peintre,avis,163,medium,/grenoble/peintre,a-creer,2,T2-volume-eleve,oui,Modificateur commercial - intent compare/decide
macon avis grenoble,commercial,local-listing,ville-principale,macon,avis,163,medium,/grenoble/macon,a-creer,2,T2-volume-eleve,oui,Modificateur commercial - intent compare/decide
carreleur avis grenoble,commercial,local-listing,ville-principale,carreleur,avis,163,medium,/grenoble/carreleur,a-creer,2,T2-volume-eleve,oui,Modificateur commercial - intent compare/decide
menuisier avis grenoble,commercial,local-listing,ville-principale,menuisier,avis,163,medium,/grenoble/menuisier,a-creer,2,T2-volume-eleve,oui,Modificateur commercial - intent compare/decide
couvreur avis grenoble,commercial,local-listing,ville-principale,couvreur,avis,163,medium,/grenoble/couvreur,a-creer,2,T2-volume-eleve,oui,Modificateur commercial - intent compare/decide
chauffagiste avis grenoble,commercial,local-listing,ville-principale,chauffagiste,avis,163,medium,/grenoble/chauffagiste,a-creer,2,T2-volume-eleve,oui,Modificateur commercial - intent compare/decide
peintre la motte servolex,transactional,local-listing,commune-banlieue,peintre,aucun,162,low,/chambery/la-motte-servolex/peintre,a-creer,2,T1-quick-win,oui,"Banlieue moyenne (12,200hab) - quick win local pur"
menuisier la motte servolex,transactional,local-listing,commune-banlieue,menuisier,aucun,162,low,/chambery/la-motte-servolex/menuisier,a-creer,2,T1-quick-win,oui,"Banlieue moyenne (12,200hab) - quick win local pur"
peintre seyssinet pariset,transactional,local-listing,commune-banlieue,peintre,aucun,162,low,/grenoble/seyssinet-pariset/peintre,a-creer,2,T1-quick-win,oui,"Banlieue moyenne (12,200hab) - quick win local pur"
menuisier seyssinet pariset,transactional,local-listing,commune-banlieue,menuisier,aucun,162,low,/grenoble/seyssinet-pariset/menuisier,a-creer,2,T1-quick-win,oui,"Banlieue moyenne (12,200hab) - quick win local pur"
carreleur romans sur isere,transactional,local-listing,commune-agglo,carreleur,aucun,162,low,/valence/romans-sur-isere/carreleur,a-creer,2,T2-volume-eleve,oui,"Agglo grosse (33,700hab) - peu de concurrence locale"
chauffagiste romans sur isere,transactional,local-listing,commune-agglo,chauffagiste,aucun,162,low,/valence/romans-sur-isere/chauffagiste,a-creer,2,T2-volume-eleve,oui,"Agglo grosse (33,700hab) - peu de concurrence locale"
plombier proche,transactional,local-listing,ville-principale,plombier,proche,162,high,/lyon/plombier,a-creer,2,T2-volume-eleve,non,Geolocalise - 'autour de moi' fort vol nationaux
electricien proche,transactional,local-listing,ville-principale,electricien,proche,162,high,/lyon/electricien,a-creer,2,T2-volume-eleve,non,Geolocalise - 'autour de moi' fort vol nationaux
peintre proche,transactional,local-listing,ville-principale,peintre,proche,162,high,/lyon/peintre,a-creer,2,T2-volume-eleve,non,Geolocalise - 'autour de moi' fort vol nationaux
macon proche,transactional,local-listing,ville-principale,macon,proche,162,high,/lyon/macon,a-creer,2,T2-volume-eleve,non,Geolocalise - 'autour de moi' fort vol nationaux
carreleur proche,transactional,local-listing,ville-principale,carreleur,proche,162,high,/lyon/carreleur,a-creer,2,T2-volume-eleve,non,Geolocalise - 'autour de moi' fort vol nationaux
menuisier proche,transactional,local-listing,ville-principale,menuisier,proche,162,high,/lyon/menuisier,a-creer,2,T2-volume-eleve,non,Geolocalise - 'autour de moi' fort vol nationaux
couvreur proche,transactional,local-listing,ville-principale,couvreur,proche,162,high,/lyon/couvreur,a-creer,2,T2-volume-eleve,non,Geolocalise - 'autour de moi' fort vol nationaux
chauffagiste proche,transactional,local-listing,ville-principale,chauffagiste,proche,162,high,/lyon/chauffagiste,a-creer,2,T2-volume-eleve,non,Geolocalise - 'autour de moi' fort vol nationaux
plombier avis villeurbanne,commercial,local-listing,commune-banlieue,plombier,avis,162,medium,/lyon/villeurbanne/plombier,a-creer,2,T2-volume-eleve,oui,Modificateur commercial - intent compare/decide
electricien avis villeurbanne,commercial,local-listing,commune-banlieue,electricien,avis,162,medium,/lyon/villeurbanne/electricien,a-creer,2,T2-volume-eleve,oui,Modificateur commercial - intent compare/decide
peintre avis villeurbanne,commercial,local-listing,commune-banlieue,peintre,avis,162,medium,/lyon/villeurbanne/peintre,a-creer,2,T2-volume-eleve,oui,Modificateur commercial - intent compare/decide
macon avis villeurbanne,commercial,local-listing,commune-banlieue,macon,avis,162,medium,/lyon/villeurbanne/macon,a-creer,2,T2-volume-eleve,oui,Modificateur commercial - intent compare/decide
carreleur avis villeurbanne,commercial,local-listing,commune-banlieue,carreleur,avis,162,medium,/lyon/villeurbanne/carreleur,a-creer,2,T2-volume-eleve,oui,Modificateur commercial - intent compare/decide
menuisier avis villeurbanne,commercial,local-listing,commune-banlieue,menuisier,avis,162,medium,/lyon/villeurbanne/menuisier,a-creer,2,T2-volume-eleve,oui,Modificateur commercial - intent compare/decide
couvreur avis villeurbanne,commercial,local-listing,commune-banlieue,couvreur,avis,162,medium,/lyon/villeurbanne/couvreur,a-creer,2,T2-volume-eleve,oui,Modificateur commercial - intent compare/decide
chauffagiste avis villeurbanne,commercial,local-listing,commune-banlieue,chauffagiste,avis,162,medium,/lyon/villeurbanne/chauffagiste,a-creer,2,T2-volume-eleve,oui,Modificateur commercial - intent compare/decide
peintre pont de claix,transactional,local-listing,commune-banlieue,peintre,aucun,161,low,/grenoble/pont-de-claix/peintre,a-creer,2,T1-quick-win,oui,"Banlieue moyenne (12,000hab) - quick win local pur"
menuisier pont de claix,transactional,local-listing,commune-banlieue,menuisier,aucun,161,low,/grenoble/pont-de-claix/menuisier,a-creer,2,T1-quick-win,oui,"Banlieue moyenne (12,000hab) - quick win local pur"
peintre voiron,transactional,local-listing,commune-agglo,peintre,aucun,161,low,/grenoble/voiron/peintre,a-creer,2,T2-volume-eleve,oui,"Agglo grosse (21,000hab) - peu de concurrence locale"
menuisier voiron,transactional,local-listing,commune-agglo,menuisier,aucun,161,low,/grenoble/voiron/menuisier,a-creer,2,T2-volume-eleve,oui,"Agglo grosse (21,000hab) - peu de concurrence locale"
plombier caluire et cuire 69300,transactional,local-listing,commune-banlieue,plombier,aucun,161,medium,/lyon/caluire-et-cuire/plombier,a-creer,2,T3-longue-traine,non,Variante avec code postal - signal local hyper-precis
plombier autour de moi,transactional,local-listing,ville-principale,plombier,proche,161,high,/annecy/plombier,a-creer,2,T2-volume-eleve,non,Geolocalise - 'autour de moi' fort vol nationaux
electricien autour de moi,transactional,local-listing,ville-principale,electricien,proche,161,high,/annecy/electricien,a-creer,2,T2-volume-eleve,non,Geolocalise - 'autour de moi' fort vol nationaux
peintre autour de moi,transactional,local-listing,ville-principale,peintre,proche,161,high,/annecy/peintre,a-creer,2,T2-volume-eleve,non,Geolocalise - 'autour de moi' fort vol nationaux
macon autour de moi,transactional,local-listing,ville-principale,macon,proche,161,high,/annecy/macon,a-creer,2,T2-volume-eleve,non,Geolocalise - 'autour de moi' fort vol nationaux
carreleur autour de moi,transactional,local-listing,ville-principale,carreleur,proche,161,high,/annecy/carreleur,a-creer,2,T2-volume-eleve,non,Geolocalise - 'autour de moi' fort vol nationaux
menuisier autour de moi,transactional,local-listing,ville-principale,menuisier,proche,161,high,/annecy/menuisier,a-creer,2,T2-volume-eleve,non,Geolocalise - 'autour de moi' fort vol nationaux
couvreur autour de moi,transactional,local-listing,ville-principale,couvreur,proche,161,high,/annecy/couvreur,a-creer,2,T2-volume-eleve,non,Geolocalise - 'autour de moi' fort vol nationaux
chauffagiste autour de moi,transactional,local-listing,ville-principale,chauffagiste,proche,161,high,/annecy/chauffagiste,a-creer,2,T2-volume-eleve,non,Geolocalise - 'autour de moi' fort vol nationaux
plombier depannage valence,transactional,local-listing,ville-principale,plombier,urgence,161,medium,/valence/plombier,a-creer,2,T1-quick-win,oui,Modificateur urgence/dispo - vol direct intent
electricien depannage valence,transactional,local-listing,ville-principale,electricien,urgence,161,medium,/valence/electricien,a-creer,2,T1-quick-win,oui,Modificateur urgence/dispo - vol direct intent
peintre depannage valence,transactional,local-listing,ville-principale,peintre,urgence,161,medium,/valence/peintre,a-creer,2,T1-quick-win,oui,Modificateur urgence/dispo - vol direct intent
macon depannage valence,transactional,local-listing,ville-principale,macon,urgence,161,medium,/valence/macon,a-creer,2,T1-quick-win,oui,Modificateur urgence/dispo - vol direct intent
carreleur depannage valence,transactional,local-listing,ville-principale,carreleur,urgence,161,medium,/valence/carreleur,a-creer,2,T1-quick-win,oui,Modificateur urgence/dispo - vol direct intent
menuisier depannage valence,transactional,local-listing,ville-principale,menuisier,urgence,161,medium,/valence/menuisier,a-creer,2,T1-quick-win,oui,Modificateur urgence/dispo - vol direct intent
couvreur depannage valence,transactional,local-listing,ville-principale,couvreur,urgence,161,medium,/valence/couvreur,a-creer,2,T1-quick-win,oui,Modificateur urgence/dispo - vol direct intent
chauffagiste depannage valence,transactional,local-listing,ville-principale,chauffagiste,urgence,161,medium,/valence/chauffagiste,a-creer,2,T1-quick-win,oui,Modificateur urgence/dispo - vol direct intent
que faire fuite d eau,transactional,guide-howto,national,multi,aucun,160,medium,/guides/que-faire-fuite-eau,a-creer,2,T4-questions-guides,oui,Variante reformulation H1
pompe a chaleur vs gaz,informational,guide-howto,national,multi,aucun,160,medium,/guides/pompe-chaleur-vs-gaz,a-creer,2,T4-questions-guides,oui,Variante reformulation H1
peintre sassenage,transactional,local-listing,commune-banlieue,peintre,aucun,159,low,/grenoble/sassenage/peintre,a-creer,2,T1-quick-win,oui,"Banlieue moyenne (11,700hab) - quick win local pur"
menuisier sassenage,transactional,local-listing,commune-banlieue,menuisier,aucun,159,low,/grenoble/sassenage/menuisier,a-creer,2,T1-quick-win,oui,"Banlieue moyenne (11,700hab) - quick win local pur"
peintre craponne,transactional,local-listing,commune-banlieue,peintre,aucun,159,low,/lyon/craponne/peintre,a-creer,2,T1-quick-win,oui,"Banlieue moyenne (11,600hab) - quick win local pur"
menuisier craponne,transactional,local-listing,commune-banlieue,menuisier,aucun,159,low,/lyon/craponne/menuisier,a-creer,2,T1-quick-win,oui,"Banlieue moyenne (11,600hab) - quick win local pur"
peintre corbas,transactional,local-listing,commune-banlieue,peintre,aucun,159,low,/lyon/corbas/peintre,a-creer,2,T1-quick-win,oui,"Banlieue moyenne (11,700hab) - quick win local pur"
menuisier corbas,transactional,local-listing,commune-banlieue,menuisier,aucun,159,low,/lyon/corbas/menuisier,a-creer,2,T1-quick-win,oui,"Banlieue moyenne (11,700hab) - quick win local pur"
peintre guilherand granges,transactional,local-listing,commune-banlieue,peintre,aucun,159,low,/valence/guilherand-granges/peintre,a-creer,2,T1-quick-win,oui,"Banlieue moyenne (11,600hab) - quick win local pur"
menuisier guilherand granges,transactional,local-listing,commune-banlieue,menuisier,aucun,159,low,/valence/guilherand-granges/menuisier,a-creer,2,T1-quick-win,oui,"Banlieue moyenne (11,600hab) - quick win local pur"
serrurier 24h grenoble,transactional,urgence,ville-principale,multi,ouvert-24h,159,medium,/grenoble/serrurier,a-creer,2,T1-quick-win,oui,Serrurier 24h - intent panique porte
plombier bron 69500,transactional,local-listing,commune-banlieue,plombier,aucun,158,medium,/lyon/bron/plombier,a-creer,2,T3-longue-traine,non,Variante avec code postal - signal local hyper-precis
carreleur aix les bains,transactional,local-listing,commune-agglo,carreleur,aucun,156,low,/chambery/aix-les-bains/carreleur,a-creer,2,T2-volume-eleve,oui,"Agglo grosse (30,800hab) - peu de concurrence locale"
chauffagiste aix les bains,transactional,local-listing,commune-agglo,chauffagiste,aucun,156,low,/chambery/aix-les-bains/chauffagiste,a-creer,2,T2-volume-eleve,oui,"Agglo grosse (30,800hab) - peu de concurrence locale"
peintre chassieu,transactional,local-listing,commune-banlieue,peintre,aucun,156,low,/lyon/chassieu/peintre,a-creer,2,T1-quick-win,oui,"Banlieue moyenne (11,100hab) - quick win local pur"
menuisier chassieu,transactional,local-listing,commune-banlieue,menuisier,aucun,156,low,/lyon/chassieu/menuisier,a-creer,2,T1-quick-win,oui,"Banlieue moyenne (11,100hab) - quick win local pur"
plombier saint martin d heres 38400,transactional,local-listing,commune-banlieue,plombier,aucun,154,medium,/grenoble/saint-martin-d-heres/plombier,a-creer,2,T3-longue-traine,non,Variante avec code postal - signal local hyper-precis
peintre pierre benite,transactional,local-listing,commune-banlieue,peintre,aucun,154,low,/lyon/pierre-benite/peintre,a-creer,2,T1-quick-win,oui,"Banlieue moyenne (10,700hab) - quick win local pur"
menuisier pierre benite,transactional,local-listing,commune-banlieue,menuisier,aucun,154,low,/lyon/pierre-benite/menuisier,a-creer,2,T1-quick-win,oui,"Banlieue moyenne (10,700hab) - quick win local pur"
plombier depannage chambery,transactional,local-listing,ville-principale,plombier,urgence,154,medium,/chambery/plombier,a-creer,2,T1-quick-win,oui,Modificateur urgence/dispo - vol direct intent
electricien depannage chambery,transactional,local-listing,ville-principale,electricien,urgence,154,medium,/chambery/electricien,a-creer,2,T1-quick-win,oui,Modificateur urgence/dispo - vol direct intent
peintre depannage chambery,transactional,local-listing,ville-principale,peintre,urgence,154,medium,/chambery/peintre,a-creer,2,T1-quick-win,oui,Modificateur urgence/dispo - vol direct intent
macon depannage chambery,transactional,local-listing,ville-principale,macon,urgence,154,medium,/chambery/macon,a-creer,2,T1-quick-win,oui,Modificateur urgence/dispo - vol direct intent
carreleur depannage chambery,transactional,local-listing,ville-principale,carreleur,urgence,154,medium,/chambery/carreleur,a-creer,2,T1-quick-win,oui,Modificateur urgence/dispo - vol direct intent
menuisier depannage chambery,transactional,local-listing,ville-principale,menuisier,urgence,154,medium,/chambery/menuisier,a-creer,2,T1-quick-win,oui,Modificateur urgence/dispo - vol direct intent
couvreur depannage chambery,transactional,local-listing,ville-principale,couvreur,urgence,154,medium,/chambery/couvreur,a-creer,2,T1-quick-win,oui,Modificateur urgence/dispo - vol direct intent
chauffagiste depannage chambery,transactional,local-listing,ville-principale,chauffagiste,urgence,154,medium,/chambery/chauffagiste,a-creer,2,T1-quick-win,oui,Modificateur urgence/dispo - vol direct intent
peintre bourg de peage,transactional,local-listing,commune-banlieue,peintre,aucun,153,low,/valence/bourg-de-peage/peintre,a-creer,2,T1-quick-win,oui,"Banlieue moyenne (10,600hab) - quick win local pur"
menuisier bourg de peage,transactional,local-listing,commune-banlieue,menuisier,aucun,153,low,/valence/bourg-de-peage/menuisier,a-creer,2,T1-quick-win,oui,"Banlieue moyenne (10,600hab) - quick win local pur"
electricien venissieux 69200,transactional,local-listing,commune-banlieue,electricien,aucun,152,medium,/lyon/venissieux/electricien,a-creer,2,T3-longue-traine,non,Variante avec code postal - signal local hyper-precis
peintre portes les valence,transactional,local-listing,commune-banlieue,peintre,aucun,152,low,/valence/portes-les-valence/peintre,a-creer,2,T1-quick-win,oui,"Banlieue moyenne (10,400hab) - quick win local pur"
menuisier portes les valence,transactional,local-listing,commune-banlieue,menuisier,aucun,152,low,/valence/portes-les-valence/menuisier,a-creer,2,T1-quick-win,oui,"Banlieue moyenne (10,400hab) - quick win local pur"
plombier echirolles 38130,transactional,local-listing,commune-banlieue,plombier,aucun,151,medium,/grenoble/echirolles/plombier,a-creer,2,T3-longue-traine,non,Variante avec code postal - signal local hyper-precis
meilleur plombier lyon,commercial,local-listing,ville-principale,plombier,meilleur,150,medium,/lyon/plombier,existante,2,T2-volume-eleve,oui,Modificateur meilleur/top - capte intent reassurance
artisan plombier lyon,transactional,local-listing,ville-principale,plombier,aucun,150,medium,/lyon/plombier,existante,2,T2-volume-eleve,oui,Variante 'artisan' prefix
artisan electricien lyon,transactional,local-listing,ville-principale,electricien,aucun,150,medium,/lyon/electricien,existante,2,T2-volume-eleve,oui,Variante 'artisan' prefix
artisan peintre lyon,transactional,local-listing,ville-principale,peintre,aucun,150,medium,/lyon/peintre,existante,2,T2-volume-eleve,oui,Variante 'artisan' prefix
artisan macon lyon,transactional,local-listing,ville-principale,macon,aucun,150,medium,/lyon/macon,existante,2,T2-volume-eleve,oui,Variante 'artisan' prefix
artisan carreleur lyon,transactional,local-listing,ville-principale,carreleur,aucun,150,medium,/lyon/carreleur,existante,2,T2-volume-eleve,oui,Variante 'artisan' prefix
artisan menuisier lyon,transactional,local-listing,ville-principale,menuisier,aucun,150,medium,/lyon/menuisier,existante,2,T2-volume-eleve,oui,Variante 'artisan' prefix
artisan couvreur lyon,transactional,local-listing,ville-principale,couvreur,aucun,150,medium,/lyon/couvreur,existante,2,T2-volume-eleve,oui,Variante 'artisan' prefix
artisan chauffagiste lyon,transactional,local-listing,ville-principale,chauffagiste,aucun,150,medium,/lyon/chauffagiste,existante,2,T2-volume-eleve,oui,Variante 'artisan' prefix
tarif horaire plombier,informational,prix-tarif,national,plombier,tarif-horaire,150,medium,/prix/plombier,existante,2,T2-volume-eleve,oui,Synonyme tarif horaire
tarif horaire electricien,informational,prix-tarif,national,electricien,tarif-horaire,150,medium,/prix/electricien,existante,2,T2-volume-eleve,oui,Synonyme tarif horaire
tarif horaire peintre,informational,prix-tarif,national,peintre,tarif-horaire,150,medium,/prix/peintre,existante,2,T2-volume-eleve,oui,Synonyme tarif horaire
tarif horaire macon,informational,prix-tarif,national,macon,tarif-horaire,150,medium,/prix/macon,existante,2,T2-volume-eleve,oui,Synonyme tarif horaire
tarif horaire carreleur,informational,prix-tarif,national,carreleur,tarif-horaire,150,medium,/prix/carreleur,existante,2,T2-volume-eleve,oui,Synonyme tarif horaire
tarif horaire menuisier,informational,prix-tarif,national,menuisier,tarif-horaire,150,medium,/prix/menuisier,existante,2,T2-volume-eleve,oui,Synonyme tarif horaire
tarif horaire couvreur,informational,prix-tarif,national,couvreur,tarif-horaire,150,medium,/prix/couvreur,existante,2,T2-volume-eleve,oui,Synonyme tarif horaire
tarif horaire chauffagiste,informational,prix-tarif,national,chauffagiste,tarif-horaire,150,medium,/prix/chauffagiste,existante,2,T2-volume-eleve,oui,Synonyme tarif horaire
artisan fiable,informational,guide-howto,national,multi,aucun,150,medium,/guides/trouver-bon-artisan,existante,2,T4-questions-guides,oui,Top requete reassurance forum-construire
renovation salle de bain prix moyen,informational,guide-howto,national,n/a,prix,150,medium,/guides/prix-renovation-salle-bain,existante,2,T4-questions-guides,oui,Variante prix moyen
maprimerenov demarches,informational,guide-howto,national,n/a,aucun,150,medium,/guides/maprimerenov-demarches,existante,2,T4-questions-guides,oui,Match slug exact
maprimerenov pour qui,informational,guide-howto,national,n/a,aucun,150,medium,/guides/maprimerenov-demarches,existante,2,T4-questions-guides,oui,Question naturelle - PAA
peintre feyzin,transactional,local-listing,commune-banlieue,peintre,aucun,150,low,/lyon/feyzin/peintre,a-creer,2,T1-quick-win,oui,"Banlieue moyenne (10,100hab) - quick win local pur"
menuisier feyzin,transactional,local-listing,commune-banlieue,menuisier,aucun,150,low,/lyon/feyzin/menuisier,a-creer,2,T1-quick-win,oui,"Banlieue moyenne (10,100hab) - quick win local pur"
prix pose chauffe-eau,informational,prix-tarif,national,plombier,prix,150,low,/prix/plombier/chauffe-eau,a-creer,2,T3-longue-traine,oui,Sous-page prix par type de travaux - intent achat fort
prix pose panneau solaire,informational,prix-tarif,national,electricien,prix,150,low,/prix/electricien/panneau-solaire,a-creer,2,T3-longue-traine,oui,Sous-page prix par type de travaux - intent achat fort
prix peinture appartement complet,informational,prix-tarif,national,peintre,prix,150,low,/prix/peintre/appartement,a-creer,2,T3-longue-traine,oui,Sous-page prix par type de travaux - intent achat fort
prix extension maison,informational,prix-tarif,national,macon,prix,150,low,/prix/macon/extension,a-creer,2,T3-longue-traine,oui,Sous-page prix par type de travaux - intent achat fort
prix pose carrelage,informational,prix-tarif,national,carreleur,prix,150,low,/prix/carreleur/pose-carrelage,a-creer,2,T3-longue-traine,oui,Sous-page prix par type de travaux - intent achat fort
prix chaudiere a granules,informational,prix-tarif,national,chauffagiste,prix,150,low,/prix/chauffagiste/chaudiere-granules,a-creer,2,T3-longue-traine,oui,Sous-page prix par type de travaux - intent achat fort
comment recours malfacon artisan,informational,guide-howto,national,multi,aucun,150,medium,/guides/recours-malfacon-artisan,a-creer,2,T4-questions-guides,oui,Variante 'comment' - PAA-friendly
comment renovation ampleur 2026,informational,guide-howto,national,multi,aucun,150,medium,/guides/renovation-ampleur,a-creer,2,T4-questions-guides,oui,Variante 'comment' - PAA-friendly
comment prix changement fenetres double vitrage,informational,guide-howto,national,multi,aucun,150,medium,/guides/changement-fenetres-prix,a-creer,2,T4-questions-guides,oui,Variante 'comment' - PAA-friendly
peintre eybens,transactional,local-listing,commune-banlieue,peintre,aucun,149,low,/grenoble/eybens/peintre,a-creer,2,T1-quick-win,oui,"Banlieue moyenne (9,900hab) - quick win local pur"
menuisier eybens,transactional,local-listing,commune-banlieue,menuisier,aucun,149,low,/grenoble/eybens/menuisier,a-creer,2,T1-quick-win,oui,"Banlieue moyenne (9,900hab) - quick win local pur"
plombier avis annecy,commercial,local-listing,ville-principale,plombier,avis,148,medium,/annecy/plombier,a-creer,2,T2-volume-eleve,oui,Modificateur commercial - intent compare/decide
electricien avis annecy,commercial,local-listing,ville-principale,electricien,avis,148,medium,/annecy/electricien,a-creer,2,T2-volume-eleve,oui,Modificateur commercial - intent compare/decide
peintre avis annecy,commercial,local-listing,ville-principale,peintre,avis,148,medium,/annecy/peintre,a-creer,2,T2-volume-eleve,oui,Modificateur commercial - intent compare/decide
macon avis annecy,commercial,local-listing,ville-principale,macon,avis,148,medium,/annecy/macon,a-creer,2,T2-volume-eleve,oui,Modificateur commercial - intent compare/decide
carreleur avis annecy,commercial,local-listing,ville-principale,carreleur,avis,148,medium,/annecy/carreleur,a-creer,2,T2-volume-eleve,oui,Modificateur commercial - intent compare/decide
menuisier avis annecy,commercial,local-listing,ville-principale,menuisier,avis,148,medium,/annecy/menuisier,a-creer,2,T2-volume-eleve,oui,Modificateur commercial - intent compare/decide
couvreur avis annecy,commercial,local-listing,ville-principale,couvreur,avis,148,medium,/annecy/couvreur,a-creer,2,T2-volume-eleve,oui,Modificateur commercial - intent compare/decide
chauffagiste avis annecy,commercial,local-listing,ville-principale,chauffagiste,avis,148,medium,/annecy/chauffagiste,a-creer,2,T2-volume-eleve,oui,Modificateur commercial - intent compare/decide
plombier meyzieu 69330,transactional,local-listing,commune-banlieue,plombier,aucun,146,medium,/lyon/meyzieu/plombier,a-creer,2,T3-longue-traine,non,Variante avec code postal - signal local hyper-precis
renovation salle de bain grenoble,transactional,local-listing,ville-principale,multi,aucun,145,medium,/travaux/renovation-salle-de-bain/grenoble,a-creer,2,T2-volume-eleve,oui,Travaux + ville - intent project achat
pompe a chaleur grenoble,transactional,local-listing,ville-principale,multi,aucun,145,medium,/travaux/pompe-a-chaleur/grenoble,a-creer,2,T2-volume-eleve,oui,Travaux + ville - intent project achat
peintre rumilly,transactional,local-listing,commune-agglo,peintre,aucun,144,low,/annecy/rumilly/peintre,a-creer,2,T2-volume-eleve,oui,"Agglo grosse (16,000hab) - peu de concurrence locale"
menuisier rumilly,transactional,local-listing,commune-agglo,menuisier,aucun,144,low,/annecy/rumilly/menuisier,a-creer,2,T2-volume-eleve,oui,"Agglo grosse (16,000hab) - peu de concurrence locale"
serrurier 24h annecy,transactional,urgence,ville-principale,multi,ouvert-24h,144,medium,/annecy/serrurier,a-creer,2,T1-quick-win,oui,Serrurier 24h - intent panique porte
peintre dardilly,transactional,local-listing,commune-banlieue,peintre,aucun,143,low,/lyon/dardilly/peintre,a-creer,2,T1-quick-win,oui,"Banlieue moyenne (8,900hab) - quick win local pur"
menuisier dardilly,transactional,local-listing,commune-banlieue,menuisier,aucun,143,low,/lyon/dardilly/menuisier,a-creer,2,T1-quick-win,oui,"Banlieue moyenne (8,900hab) - quick win local pur"
carreleur mions,transactional,local-listing,commune-banlieue,carreleur,aucun,143,low,/lyon/mions/carreleur,a-creer,2,T1-quick-win,oui,"Banlieue moyenne (14,200hab) - quick win local pur"
chauffagiste mions,transactional,local-listing,commune-banlieue,chauffagiste,aucun,143,low,/lyon/mions/chauffagiste,a-creer,2,T1-quick-win,oui,"Banlieue moyenne (14,200hab) - quick win local pur"
peintre la ravoire,transactional,local-listing,commune-banlieue,peintre,aucun,142,low,/chambery/la-ravoire/peintre,a-creer,2,T1-quick-win,oui,"Banlieue moyenne (8,800hab) - quick win local pur"
menuisier la ravoire,transactional,local-listing,commune-banlieue,menuisier,aucun,142,low,/chambery/la-ravoire/menuisier,a-creer,2,T1-quick-win,oui,"Banlieue moyenne (8,800hab) - quick win local pur"
carreleur francheville,transactional,local-listing,commune-banlieue,carreleur,aucun,142,low,/lyon/francheville/carreleur,a-creer,2,T1-quick-win,oui,"Banlieue moyenne (13,800hab) - quick win local pur"
chauffagiste francheville,transactional,local-listing,commune-banlieue,chauffagiste,aucun,142,low,/lyon/francheville/chauffagiste,a-creer,2,T1-quick-win,oui,"Banlieue moyenne (13,800hab) - quick win local pur"
peintre grigny,transactional,local-listing,commune-banlieue,peintre,aucun,142,low,/lyon/grigny/peintre,a-creer,2,T1-quick-win,oui,"Banlieue moyenne (8,800hab) - quick win local pur"
menuisier grigny,transactional,local-listing,commune-banlieue,menuisier,aucun,142,low,/lyon/grigny/menuisier,a-creer,2,T1-quick-win,oui,"Banlieue moyenne (8,800hab) - quick win local pur"
peintre meythet,transactional,local-listing,commune-banlieue,peintre,aucun,141,low,/annecy/meythet/peintre,a-creer,2,T1-quick-win,oui,"Banlieue moyenne (8,700hab) - quick win local pur"
menuisier meythet,transactional,local-listing,commune-banlieue,menuisier,aucun,141,low,/annecy/meythet/menuisier,a-creer,2,T1-quick-win,oui,"Banlieue moyenne (8,700hab) - quick win local pur"
plombier rillieux la pape 69140,transactional,local-listing,commune-banlieue,plombier,aucun,141,medium,/lyon/rillieux-la-pape/plombier,a-creer,2,T3-longue-traine,non,Variante avec code postal - signal local hyper-precis
peintre irigny,transactional,local-listing,commune-banlieue,peintre,aucun,141,low,/lyon/irigny/peintre,a-creer,2,T1-quick-win,oui,"Banlieue moyenne (8,700hab) - quick win local pur"
menuisier irigny,transactional,local-listing,commune-banlieue,menuisier,aucun,141,low,/lyon/irigny/menuisier,a-creer,2,T1-quick-win,oui,"Banlieue moyenne (8,700hab) - quick win local pur"
electricien vaulx en velin 69120,transactional,local-listing,commune-banlieue,electricien,aucun,140,medium,/lyon/vaulx-en-velin/electricien,a-creer,2,T3-longue-traine,non,Variante avec code postal - signal local hyper-precis
carreleur genas,transactional,local-listing,commune-banlieue,carreleur,aucun,139,low,/lyon/genas/carreleur,a-creer,2,T1-quick-win,oui,"Banlieue moyenne (13,100hab) - quick win local pur"
chauffagiste genas,transactional,local-listing,commune-banlieue,chauffagiste,aucun,139,low,/lyon/genas/chauffagiste,a-creer,2,T1-quick-win,oui,"Banlieue moyenne (13,100hab) - quick win local pur"
peintre lyon 3e 69003,transactional,local-listing,arrondissement-lyon,peintre,aucun,138,medium,/lyon/lyon-3e/peintre,a-creer,2,T3-longue-traine,non,Variante avec code postal - signal local hyper-precis
menuisier lyon 3e 69003,transactional,local-listing,arrondissement-lyon,menuisier,aucun,138,medium,/lyon/lyon-3e/menuisier,a-creer,2,T3-longue-traine,non,Variante avec code postal - signal local hyper-precis
plombier ouvert actuellement lyon,transactional,local-listing,ville-principale,plombier,ouvert-24h,138,medium,/lyon/plombier,a-creer,2,T1-quick-win,oui,Modificateur urgence/dispo - vol direct intent
electricien ouvert actuellement lyon,transactional,local-listing,ville-principale,electricien,ouvert-24h,138,medium,/lyon/electricien,a-creer,2,T1-quick-win,oui,Modificateur urgence/dispo - vol direct intent
peintre ouvert actuellement lyon,transactional,local-listing,ville-principale,peintre,ouvert-24h,138,medium,/lyon/peintre,a-creer,2,T1-quick-win,oui,Modificateur urgence/dispo - vol direct intent
macon ouvert actuellement lyon,transactional,local-listing,ville-principale,macon,ouvert-24h,138,medium,/lyon/macon,a-creer,2,T1-quick-win,oui,Modificateur urgence/dispo - vol direct intent
carreleur ouvert actuellement lyon,transactional,local-listing,ville-principale,carreleur,ouvert-24h,138,medium,/lyon/carreleur,a-creer,2,T1-quick-win,oui,Modificateur urgence/dispo - vol direct intent
menuisier ouvert actuellement lyon,transactional,local-listing,ville-principale,menuisier,ouvert-24h,138,medium,/lyon/menuisier,a-creer,2,T1-quick-win,oui,Modificateur urgence/dispo - vol direct intent
couvreur ouvert actuellement lyon,transactional,local-listing,ville-principale,couvreur,ouvert-24h,138,medium,/lyon/couvreur,a-creer,2,T1-quick-win,oui,Modificateur urgence/dispo - vol direct intent
chauffagiste ouvert actuellement lyon,transactional,local-listing,ville-principale,chauffagiste,ouvert-24h,138,medium,/lyon/chauffagiste,a-creer,2,T1-quick-win,oui,Modificateur urgence/dispo - vol direct intent
peintre poisy,transactional,local-listing,commune-banlieue,peintre,aucun,137,low,/annecy/poisy/peintre,a-creer,2,T1-quick-win,oui,"Banlieue moyenne (8,000hab) - quick win local pur"
menuisier poisy,transactional,local-listing,commune-banlieue,menuisier,aucun,137,low,/annecy/poisy/menuisier,a-creer,2,T1-quick-win,oui,"Banlieue moyenne (8,000hab) - quick win local pur"
plombier decines charpieu 69150,transactional,local-listing,commune-banlieue,plombier,aucun,137,medium,/lyon/decines-charpieu/plombier,a-creer,2,T3-longue-traine,non,Variante avec code postal - signal local hyper-precis
plombier grenoble avis,commercial,local-listing,ville-principale,plombier,avis,135,medium,/grenoble/plombier,existante,2,T2-volume-eleve,oui,Modificateur avis - fort intent commercial
carreleur la motte servolex,transactional,local-listing,commune-banlieue,carreleur,aucun,135,low,/chambery/la-motte-servolex/carreleur,a-creer,2,T1-quick-win,oui,"Banlieue moyenne (12,200hab) - quick win local pur"
chauffagiste la motte servolex,transactional,local-listing,commune-banlieue,chauffagiste,aucun,135,low,/chambery/la-motte-servolex/chauffagiste,a-creer,2,T1-quick-win,oui,"Banlieue moyenne (12,200hab) - quick win local pur"
peintre epagny metz tessy,transactional,local-listing,commune-banlieue,peintre,aucun,135,low,/annecy/epagny-metz-tessy/peintre,a-creer,2,T1-quick-win,oui,"Banlieue moyenne (7,700hab) - quick win local pur"
menuisier epagny metz tessy,transactional,local-listing,commune-banlieue,menuisier,aucun,135,low,/annecy/epagny-metz-tessy/menuisier,a-creer,2,T1-quick-win,oui,"Banlieue moyenne (7,700hab) - quick win local pur"
carreleur seyssinet pariset,transactional,local-listing,commune-banlieue,carreleur,aucun,135,low,/grenoble/seyssinet-pariset/carreleur,a-creer,2,T1-quick-win,oui,"Banlieue moyenne (12,200hab) - quick win local pur"
chauffagiste seyssinet pariset,transactional,local-listing,commune-banlieue,chauffagiste,aucun,135,low,/grenoble/seyssinet-pariset/chauffagiste,a-creer,2,T1-quick-win,oui,"Banlieue moyenne (12,200hab) - quick win local pur"
peintre saint peray,transactional,local-listing,commune-banlieue,peintre,aucun,135,low,/valence/saint-peray/peintre,a-creer,2,T1-quick-win,oui,"Banlieue moyenne (7,800hab) - quick win local pur"
menuisier saint peray,transactional,local-listing,commune-banlieue,menuisier,aucun,135,low,/valence/saint-peray/menuisier,a-creer,2,T1-quick-win,oui,"Banlieue moyenne (7,800hab) - quick win local pur"
carreleur pont de claix,transactional,local-listing,commune-banlieue,carreleur,aucun,134,low,/grenoble/pont-de-claix/carreleur,a-creer,2,T1-quick-win,oui,"Banlieue moyenne (12,000hab) - quick win local pur"
chauffagiste pont de claix,transactional,local-listing,commune-banlieue,chauffagiste,aucun,134,low,/grenoble/pont-de-claix/chauffagiste,a-creer,2,T1-quick-win,oui,"Banlieue moyenne (12,000hab) - quick win local pur"
carreleur voiron,transactional,local-listing,commune-agglo,carreleur,aucun,134,low,/grenoble/voiron/carreleur,a-creer,2,T2-volume-eleve,oui,"Agglo grosse (21,000hab) - peu de concurrence locale"
chauffagiste voiron,transactional,local-listing,commune-agglo,chauffagiste,aucun,134,low,/grenoble/voiron/chauffagiste,a-creer,2,T2-volume-eleve,oui,"Agglo grosse (21,000hab) - peu de concurrence locale"
electricien saint priest 69800,transactional,local-listing,commune-banlieue,electricien,aucun,134,medium,/lyon/saint-priest/electricien,a-creer,2,T3-longue-traine,non,Variante avec code postal - signal local hyper-precis
carreleur sassenage,transactional,local-listing,commune-banlieue,carreleur,aucun,133,low,/grenoble/sassenage/carreleur,a-creer,2,T1-quick-win,oui,"Banlieue moyenne (11,700hab) - quick win local pur"
chauffagiste sassenage,transactional,local-listing,commune-banlieue,chauffagiste,aucun,133,low,/grenoble/sassenage/chauffagiste,a-creer,2,T1-quick-win,oui,"Banlieue moyenne (11,700hab) - quick win local pur"
plombier oullins 69600,transactional,local-listing,commune-banlieue,plombier,aucun,133,medium,/lyon/oullins/plombier,a-creer,2,T3-longue-traine,non,Variante avec code postal - signal local hyper-precis
carreleur corbas,transactional,local-listing,commune-banlieue,carreleur,aucun,133,low,/lyon/corbas/carreleur,a-creer,2,T1-quick-win,oui,"Banlieue moyenne (11,700hab) - quick win local pur"
chauffagiste corbas,transactional,local-listing,commune-banlieue,chauffagiste,aucun,133,low,/lyon/corbas/chauffagiste,a-creer,2,T1-quick-win,oui,"Banlieue moyenne (11,700hab) - quick win local pur"
plombier pres de moi,transactional,local-listing,ville-principale,plombier,proche,133,high,/grenoble/plombier,a-creer,2,T2-volume-eleve,non,Geolocalise - 'autour de moi' fort vol nationaux
electricien pres de moi,transactional,local-listing,ville-principale,electricien,proche,133,high,/grenoble/electricien,a-creer,2,T2-volume-eleve,non,Geolocalise - 'autour de moi' fort vol nationaux
peintre pres de moi,transactional,local-listing,ville-principale,peintre,proche,133,high,/grenoble/peintre,a-creer,2,T2-volume-eleve,non,Geolocalise - 'autour de moi' fort vol nationaux
macon pres de moi,transactional,local-listing,ville-principale,macon,proche,133,high,/grenoble/macon,a-creer,2,T2-volume-eleve,non,Geolocalise - 'autour de moi' fort vol nationaux
carreleur pres de moi,transactional,local-listing,ville-principale,carreleur,proche,133,high,/grenoble/carreleur,a-creer,2,T2-volume-eleve,non,Geolocalise - 'autour de moi' fort vol nationaux
menuisier pres de moi,transactional,local-listing,ville-principale,menuisier,proche,133,high,/grenoble/menuisier,a-creer,2,T2-volume-eleve,non,Geolocalise - 'autour de moi' fort vol nationaux
couvreur pres de moi,transactional,local-listing,ville-principale,couvreur,proche,133,high,/grenoble/couvreur,a-creer,2,T2-volume-eleve,non,Geolocalise - 'autour de moi' fort vol nationaux
chauffagiste pres de moi,transactional,local-listing,ville-principale,chauffagiste,proche,133,high,/grenoble/chauffagiste,a-creer,2,T2-volume-eleve,non,Geolocalise - 'autour de moi' fort vol nationaux
carreleur craponne,transactional,local-listing,commune-banlieue,carreleur,aucun,132,low,/lyon/craponne/carreleur,a-creer,2,T1-quick-win,oui,"Banlieue moyenne (11,600hab) - quick win local pur"
chauffagiste craponne,transactional,local-listing,commune-banlieue,chauffagiste,aucun,132,low,/lyon/craponne/chauffagiste,a-creer,2,T1-quick-win,oui,"Banlieue moyenne (11,600hab) - quick win local pur"
carreleur guilherand granges,transactional,local-listing,commune-banlieue,carreleur,aucun,132,low,/valence/guilherand-granges/carreleur,a-creer,2,T1-quick-win,oui,"Banlieue moyenne (11,600hab) - quick win local pur"
chauffagiste guilherand granges,transactional,local-listing,commune-banlieue,chauffagiste,aucun,132,low,/valence/guilherand-granges/chauffagiste,a-creer,2,T1-quick-win,oui,"Banlieue moyenne (11,600hab) - quick win local pur"
isolation combles lyon,transactional,local-listing,ville-principale,multi,aucun,132,medium,/travaux/isolation-combles/lyon,a-creer,2,T2-volume-eleve,oui,Travaux + ville - intent project achat
isolation exterieure lyon,transactional,local-listing,ville-principale,multi,aucun,132,medium,/travaux/isolation-exterieure/lyon,a-creer,2,T2-volume-eleve,oui,Travaux + ville - intent project achat
douche italienne lyon,transactional,local-listing,ville-principale,multi,aucun,132,medium,/travaux/douche-italienne/lyon,a-creer,2,T2-volume-eleve,oui,Travaux + ville - intent project achat
depannage electrique lyon,transactional,local-listing,ville-principale,multi,aucun,132,medium,/travaux/depannage-electrique/lyon,a-creer,2,T2-volume-eleve,oui,Travaux + ville - intent project achat
peintre seyssins,transactional,local-listing,commune-banlieue,peintre,aucun,131,low,/grenoble/seyssins/peintre,a-creer,2,T1-quick-win,oui,"Banlieue moyenne (7,200hab) - quick win local pur"
menuisier seyssins,transactional,local-listing,commune-banlieue,menuisier,aucun,131,low,/grenoble/seyssins/menuisier,a-creer,2,T1-quick-win,oui,"Banlieue moyenne (7,200hab) - quick win local pur"
peintre saint didier au mont d or,transactional,local-listing,commune-banlieue,peintre,aucun,131,low,/lyon/saint-didier-au-mont-d-or/peintre,a-creer,2,T1-quick-win,oui,"Banlieue moyenne (7,200hab) - quick win local pur"
menuisier saint didier au mont d or,transactional,local-listing,commune-banlieue,menuisier,aucun,131,low,/lyon/saint-didier-au-mont-d-or/menuisier,a-creer,2,T1-quick-win,oui,"Banlieue moyenne (7,200hab) - quick win local pur"
renovation salle de bain annecy,transactional,local-listing,ville-principale,multi,aucun,131,medium,/travaux/renovation-salle-de-bain/annecy,a-creer,2,T2-volume-eleve,oui,Travaux + ville - intent project achat
pompe a chaleur annecy,transactional,local-listing,ville-principale,multi,aucun,131,medium,/travaux/pompe-a-chaleur/annecy,a-creer,2,T2-volume-eleve,oui,Travaux + ville - intent project achat
peintre la tronche,transactional,local-listing,commune-banlieue,peintre,aucun,130,low,/grenoble/la-tronche/peintre,a-creer,2,T1-quick-win,oui,"Banlieue moyenne (7,000hab) - quick win local pur"
menuisier la tronche,transactional,local-listing,commune-banlieue,menuisier,aucun,130,low,/grenoble/la-tronche/menuisier,a-creer,2,T1-quick-win,oui,"Banlieue moyenne (7,000hab) - quick win local pur"
peintre fontaines sur saone,transactional,local-listing,commune-banlieue,peintre,aucun,130,low,/lyon/fontaines-sur-saone/peintre,a-creer,2,T1-quick-win,oui,"Banlieue moyenne (7,100hab) - quick win local pur"
menuisier fontaines sur saone,transactional,local-listing,commune-banlieue,menuisier,aucun,130,low,/lyon/fontaines-sur-saone/menuisier,a-creer,2,T1-quick-win,oui,"Banlieue moyenne (7,100hab) - quick win local pur"
carreleur chassieu,transactional,local-listing,commune-banlieue,carreleur,aucun,130,low,/lyon/chassieu/carreleur,a-creer,2,T1-quick-win,oui,"Banlieue moyenne (11,100hab) - quick win local pur"
chauffagiste chassieu,transactional,local-listing,commune-banlieue,chauffagiste,aucun,130,low,/lyon/chassieu/chauffagiste,a-creer,2,T1-quick-win,oui,"Banlieue moyenne (11,100hab) - quick win local pur"
peintre chabeuil,transactional,local-listing,commune-banlieue,peintre,aucun,130,low,/valence/chabeuil/peintre,a-creer,2,T1-quick-win,oui,"Banlieue moyenne (7,100hab) - quick win local pur"
menuisier chabeuil,transactional,local-listing,commune-banlieue,menuisier,aucun,130,low,/valence/chabeuil/menuisier,a-creer,2,T1-quick-win,oui,"Banlieue moyenne (7,100hab) - quick win local pur"
macon romans sur isere,transactional,local-listing,commune-agglo,macon,aucun,130,low,/valence/romans-sur-isere/macon,a-creer,2,T2-volume-eleve,oui,"Agglo grosse (33,700hab) - peu de concurrence locale"
couvreur romans sur isere,transactional,local-listing,commune-agglo,couvreur,aucun,130,low,/valence/romans-sur-isere/couvreur,a-creer,2,T2-volume-eleve,oui,"Agglo grosse (33,700hab) - peu de concurrence locale"
electricien caluire et cuire 69300,transactional,local-listing,commune-banlieue,electricien,aucun,129,medium,/lyon/caluire-et-cuire/electricien,a-creer,2,T3-longue-traine,non,Variante avec code postal - signal local hyper-precis
peintre lyon 7e 69007,transactional,local-listing,arrondissement-lyon,peintre,aucun,128,medium,/lyon/lyon-7e/peintre,a-creer,2,T3-longue-traine,non,Variante avec code postal - signal local hyper-precis
menuisier lyon 7e 69007,transactional,local-listing,arrondissement-lyon,menuisier,aucun,128,medium,/lyon/lyon-7e/menuisier,a-creer,2,T3-longue-traine,non,Variante avec code postal - signal local hyper-precis
carreleur pierre benite,transactional,local-listing,commune-banlieue,carreleur,aucun,128,low,/lyon/pierre-benite/carreleur,a-creer,2,T1-quick-win,oui,"Banlieue moyenne (10,700hab) - quick win local pur"
chauffagiste pierre benite,transactional,local-listing,commune-banlieue,chauffagiste,aucun,128,low,/lyon/pierre-benite/chauffagiste,a-creer,2,T1-quick-win,oui,"Banlieue moyenne (10,700hab) - quick win local pur"
peintre la roche sur foron,transactional,local-listing,commune-agglo,peintre,aucun,127,low,/annecy/la-roche-sur-foron/peintre,a-creer,2,T2-volume-eleve,oui,"Agglo grosse (11,700hab) - peu de concurrence locale"
menuisier la roche sur foron,transactional,local-listing,commune-agglo,menuisier,aucun,127,low,/annecy/la-roche-sur-foron/menuisier,a-creer,2,T2-volume-eleve,oui,"Agglo grosse (11,700hab) - peu de concurrence locale"
peintre gieres,transactional,local-listing,commune-banlieue,peintre,aucun,127,low,/grenoble/gieres/peintre,a-creer,2,T1-quick-win,oui,"Banlieue moyenne (6,700hab) - quick win local pur"
menuisier gieres,transactional,local-listing,commune-banlieue,menuisier,aucun,127,low,/grenoble/gieres/menuisier,a-creer,2,T1-quick-win,oui,"Banlieue moyenne (6,700hab) - quick win local pur"
peintre lyon 8e 69008,transactional,local-listing,arrondissement-lyon,peintre,aucun,127,medium,/lyon/lyon-8e/peintre,a-creer,2,T3-longue-traine,non,Variante avec code postal - signal local hyper-precis
menuisier lyon 8e 69008,transactional,local-listing,arrondissement-lyon,menuisier,aucun,127,medium,/lyon/lyon-8e/menuisier,a-creer,2,T3-longue-traine,non,Variante avec code postal - signal local hyper-precis
carreleur bourg de peage,transactional,local-listing,commune-banlieue,carreleur,aucun,127,low,/valence/bourg-de-peage/carreleur,a-creer,2,T1-quick-win,oui,"Banlieue moyenne (10,600hab) - quick win local pur"
chauffagiste bourg de peage,transactional,local-listing,commune-banlieue,chauffagiste,aucun,127,low,/valence/bourg-de-peage/chauffagiste,a-creer,2,T1-quick-win,oui,"Banlieue moyenne (10,600hab) - quick win local pur"
plombier fontaine 38600,transactional,local-listing,commune-banlieue,plombier,aucun,126,medium,/grenoble/fontaine/plombier,a-creer,2,T3-longue-traine,non,Variante avec code postal - signal local hyper-precis
electricien bron 69500,transactional,local-listing,commune-banlieue,electricien,aucun,126,medium,/lyon/bron/electricien,a-creer,2,T3-longue-traine,non,Variante avec code postal - signal local hyper-precis
carreleur portes les valence,transactional,local-listing,commune-banlieue,carreleur,aucun,126,low,/valence/portes-les-valence/carreleur,a-creer,2,T1-quick-win,oui,"Banlieue moyenne (10,400hab) - quick win local pur"
chauffagiste portes les valence,transactional,local-listing,commune-banlieue,chauffagiste,aucun,126,low,/valence/portes-les-valence/chauffagiste,a-creer,2,T1-quick-win,oui,"Banlieue moyenne (10,400hab) - quick win local pur"
macon aix les bains,transactional,local-listing,commune-agglo,macon,aucun,125,low,/chambery/aix-les-bains/macon,a-creer,2,T2-volume-eleve,oui,"Agglo grosse (30,800hab) - peu de concurrence locale"
couvreur aix les bains,transactional,local-listing,commune-agglo,couvreur,aucun,125,low,/chambery/aix-les-bains/couvreur,a-creer,2,T2-volume-eleve,oui,"Agglo grosse (30,800hab) - peu de concurrence locale"
carreleur feyzin,transactional,local-listing,commune-banlieue,carreleur,aucun,125,low,/lyon/feyzin/carreleur,a-creer,2,T1-quick-win,oui,"Banlieue moyenne (10,100hab) - quick win local pur"
chauffagiste feyzin,transactional,local-listing,commune-banlieue,chauffagiste,aucun,125,low,/lyon/feyzin/chauffagiste,a-creer,2,T1-quick-win,oui,"Banlieue moyenne (10,100hab) - quick win local pur"
peintre tournon sur rhone,transactional,local-listing,commune-agglo,peintre,aucun,125,low,/valence/tournon-sur-rhone/peintre,a-creer,2,T2-volume-eleve,oui,"Agglo grosse (11,100hab) - peu de concurrence locale"
menuisier tournon sur rhone,transactional,local-listing,commune-agglo,menuisier,aucun,125,low,/valence/tournon-sur-rhone/menuisier,a-creer,2,T2-volume-eleve,oui,"Agglo grosse (11,100hab) - peu de concurrence locale"
plombier 24h grenoble,transactional,local-listing,ville-principale,plombier,ouvert-24h,125,medium,/grenoble/plombier,a-creer,2,T1-quick-win,oui,Modificateur urgence/dispo - vol direct intent
plombier prix grenoble,informational,prix-tarif,ville-principale,plombier,prix,125,medium,/grenoble/plombier,a-creer,2,T2-volume-eleve,oui,Modificateur commercial - intent compare/decide
plombier pas cher grenoble,commercial,local-listing,ville-principale,plombier,pas-cher,125,medium,/grenoble/plombier,a-creer,2,T2-volume-eleve,oui,Modificateur commercial - intent compare/decide
electricien 24h grenoble,transactional,local-listing,ville-principale,electricien,ouvert-24h,125,medium,/grenoble/electricien,a-creer,2,T1-quick-win,oui,Modificateur urgence/dispo - vol direct intent
electricien prix grenoble,informational,prix-tarif,ville-principale,electricien,prix,125,medium,/grenoble/electricien,a-creer,2,T2-volume-eleve,oui,Modificateur commercial - intent compare/decide
electricien pas cher grenoble,commercial,local-listing,ville-principale,electricien,pas-cher,125,medium,/grenoble/electricien,a-creer,2,T2-volume-eleve,oui,Modificateur commercial - intent compare/decide
peintre 24h grenoble,transactional,local-listing,ville-principale,peintre,ouvert-24h,125,medium,/grenoble/peintre,a-creer,2,T1-quick-win,oui,Modificateur urgence/dispo - vol direct intent
peintre prix grenoble,informational,prix-tarif,ville-principale,peintre,prix,125,medium,/grenoble/peintre,a-creer,2,T2-volume-eleve,oui,Modificateur commercial - intent compare/decide
peintre pas cher grenoble,commercial,local-listing,ville-principale,peintre,pas-cher,125,medium,/grenoble/peintre,a-creer,2,T2-volume-eleve,oui,Modificateur commercial - intent compare/decide
macon 24h grenoble,transactional,local-listing,ville-principale,macon,ouvert-24h,125,medium,/grenoble/macon,a-creer,2,T1-quick-win,oui,Modificateur urgence/dispo - vol direct intent
macon prix grenoble,informational,prix-tarif,ville-principale,macon,prix,125,medium,/grenoble/macon,a-creer,2,T2-volume-eleve,oui,Modificateur commercial - intent compare/decide
macon pas cher grenoble,commercial,local-listing,ville-principale,macon,pas-cher,125,medium,/grenoble/macon,a-creer,2,T2-volume-eleve,oui,Modificateur commercial - intent compare/decide
carreleur 24h grenoble,transactional,local-listing,ville-principale,carreleur,ouvert-24h,125,medium,/grenoble/carreleur,a-creer,2,T1-quick-win,oui,Modificateur urgence/dispo - vol direct intent
carreleur prix grenoble,informational,prix-tarif,ville-principale,carreleur,prix,125,medium,/grenoble/carreleur,a-creer,2,T2-volume-eleve,oui,Modificateur commercial - intent compare/decide
carreleur pas cher grenoble,commercial,local-listing,ville-principale,carreleur,pas-cher,125,medium,/grenoble/carreleur,a-creer,2,T2-volume-eleve,oui,Modificateur commercial - intent compare/decide
menuisier 24h grenoble,transactional,local-listing,ville-principale,menuisier,ouvert-24h,125,medium,/grenoble/menuisier,a-creer,2,T1-quick-win,oui,Modificateur urgence/dispo - vol direct intent
menuisier prix grenoble,informational,prix-tarif,ville-principale,menuisier,prix,125,medium,/grenoble/menuisier,a-creer,2,T2-volume-eleve,oui,Modificateur commercial - intent compare/decide
menuisier pas cher grenoble,commercial,local-listing,ville-principale,menuisier,pas-cher,125,medium,/grenoble/menuisier,a-creer,2,T2-volume-eleve,oui,Modificateur commercial - intent compare/decide
couvreur 24h grenoble,transactional,local-listing,ville-principale,couvreur,ouvert-24h,125,medium,/grenoble/couvreur,a-creer,2,T1-quick-win,oui,Modificateur urgence/dispo - vol direct intent
couvreur prix grenoble,informational,prix-tarif,ville-principale,couvreur,prix,125,medium,/grenoble/couvreur,a-creer,2,T2-volume-eleve,oui,Modificateur commercial - intent compare/decide
couvreur pas cher grenoble,commercial,local-listing,ville-principale,couvreur,pas-cher,125,medium,/grenoble/couvreur,a-creer,2,T2-volume-eleve,oui,Modificateur commercial - intent compare/decide
chauffagiste 24h grenoble,transactional,local-listing,ville-principale,chauffagiste,ouvert-24h,125,medium,/grenoble/chauffagiste,a-creer,2,T1-quick-win,oui,Modificateur urgence/dispo - vol direct intent
chauffagiste prix grenoble,informational,prix-tarif,ville-principale,chauffagiste,prix,125,medium,/grenoble/chauffagiste,a-creer,2,T2-volume-eleve,oui,Modificateur commercial - intent compare/decide
chauffagiste pas cher grenoble,commercial,local-listing,ville-principale,chauffagiste,pas-cher,125,medium,/grenoble/chauffagiste,a-creer,2,T2-volume-eleve,oui,Modificateur commercial - intent compare/decide
plombier 24h villeurbanne,transactional,local-listing,commune-banlieue,plombier,ouvert-24h,125,medium,/lyon/villeurbanne/plombier,a-creer,2,T1-quick-win,oui,Modificateur urgence/dispo - vol direct intent
plombier prix villeurbanne,informational,prix-tarif,commune-banlieue,plombier,prix,125,medium,/lyon/villeurbanne/plombier,a-creer,2,T2-volume-eleve,oui,Modificateur commercial - intent compare/decide
plombier pas cher villeurbanne,commercial,local-listing,commune-banlieue,plombier,pas-cher,125,medium,/lyon/villeurbanne/plombier,a-creer,2,T2-volume-eleve,oui,Modificateur commercial - intent compare/decide
electricien 24h villeurbanne,transactional,local-listing,commune-banlieue,electricien,ouvert-24h,125,medium,/lyon/villeurbanne/electricien,a-creer,2,T1-quick-win,oui,Modificateur urgence/dispo - vol direct intent
electricien prix villeurbanne,informational,prix-tarif,commune-banlieue,electricien,prix,125,medium,/lyon/villeurbanne/electricien,a-creer,2,T2-volume-eleve,oui,Modificateur commercial - intent compare/decide
electricien pas cher villeurbanne,commercial,local-listing,commune-banlieue,electricien,pas-cher,125,medium,/lyon/villeurbanne/electricien,a-creer,2,T2-volume-eleve,oui,Modificateur commercial - intent compare/decide
peintre 24h villeurbanne,transactional,local-listing,commune-banlieue,peintre,ouvert-24h,125,medium,/lyon/villeurbanne/peintre,a-creer,2,T1-quick-win,oui,Modificateur urgence/dispo - vol direct intent
peintre prix villeurbanne,informational,prix-tarif,commune-banlieue,peintre,prix,125,medium,/lyon/villeurbanne/peintre,a-creer,2,T2-volume-eleve,oui,Modificateur commercial - intent compare/decide
peintre pas cher villeurbanne,commercial,local-listing,commune-banlieue,peintre,pas-cher,125,medium,/lyon/villeurbanne/peintre,a-creer,2,T2-volume-eleve,oui,Modificateur commercial - intent compare/decide
macon 24h villeurbanne,transactional,local-listing,commune-banlieue,macon,ouvert-24h,125,medium,/lyon/villeurbanne/macon,a-creer,2,T1-quick-win,oui,Modificateur urgence/dispo - vol direct intent
macon prix villeurbanne,informational,prix-tarif,commune-banlieue,macon,prix,125,medium,/lyon/villeurbanne/macon,a-creer,2,T2-volume-eleve,oui,Modificateur commercial - intent compare/decide
macon pas cher villeurbanne,commercial,local-listing,commune-banlieue,macon,pas-cher,125,medium,/lyon/villeurbanne/macon,a-creer,2,T2-volume-eleve,oui,Modificateur commercial - intent compare/decide
carreleur 24h villeurbanne,transactional,local-listing,commune-banlieue,carreleur,ouvert-24h,125,medium,/lyon/villeurbanne/carreleur,a-creer,2,T1-quick-win,oui,Modificateur urgence/dispo - vol direct intent
carreleur prix villeurbanne,informational,prix-tarif,commune-banlieue,carreleur,prix,125,medium,/lyon/villeurbanne/carreleur,a-creer,2,T2-volume-eleve,oui,Modificateur commercial - intent compare/decide
carreleur pas cher villeurbanne,commercial,local-listing,commune-banlieue,carreleur,pas-cher,125,medium,/lyon/villeurbanne/carreleur,a-creer,2,T2-volume-eleve,oui,Modificateur commercial - intent compare/decide
menuisier 24h villeurbanne,transactional,local-listing,commune-banlieue,menuisier,ouvert-24h,125,medium,/lyon/villeurbanne/menuisier,a-creer,2,T1-quick-win,oui,Modificateur urgence/dispo - vol direct intent
menuisier prix villeurbanne,informational,prix-tarif,commune-banlieue,menuisier,prix,125,medium,/lyon/villeurbanne/menuisier,a-creer,2,T2-volume-eleve,oui,Modificateur commercial - intent compare/decide
menuisier pas cher villeurbanne,commercial,local-listing,commune-banlieue,menuisier,pas-cher,125,medium,/lyon/villeurbanne/menuisier,a-creer,2,T2-volume-eleve,oui,Modificateur commercial - intent compare/decide
couvreur 24h villeurbanne,transactional,local-listing,commune-banlieue,couvreur,ouvert-24h,125,medium,/lyon/villeurbanne/couvreur,a-creer,2,T1-quick-win,oui,Modificateur urgence/dispo - vol direct intent
couvreur prix villeurbanne,informational,prix-tarif,commune-banlieue,couvreur,prix,125,medium,/lyon/villeurbanne/couvreur,a-creer,2,T2-volume-eleve,oui,Modificateur commercial - intent compare/decide
couvreur pas cher villeurbanne,commercial,local-listing,commune-banlieue,couvreur,pas-cher,125,medium,/lyon/villeurbanne/couvreur,a-creer,2,T2-volume-eleve,oui,Modificateur commercial - intent compare/decide
chauffagiste 24h villeurbanne,transactional,local-listing,commune-banlieue,chauffagiste,ouvert-24h,125,medium,/lyon/villeurbanne/chauffagiste,a-creer,2,T1-quick-win,oui,Modificateur urgence/dispo - vol direct intent
chauffagiste prix villeurbanne,informational,prix-tarif,commune-banlieue,chauffagiste,prix,125,medium,/lyon/villeurbanne/chauffagiste,a-creer,2,T2-volume-eleve,oui,Modificateur commercial - intent compare/decide
chauffagiste pas cher villeurbanne,commercial,local-listing,commune-banlieue,chauffagiste,pas-cher,125,medium,/lyon/villeurbanne/chauffagiste,a-creer,2,T2-volume-eleve,oui,Modificateur commercial - intent compare/decide
carreleur eybens,transactional,local-listing,commune-banlieue,carreleur,aucun,124,low,/grenoble/eybens/carreleur,a-creer,2,T1-quick-win,oui,"Banlieue moyenne (9,900hab) - quick win local pur"
chauffagiste eybens,transactional,local-listing,commune-banlieue,chauffagiste,aucun,124,low,/grenoble/eybens/chauffagiste,a-creer,2,T1-quick-win,oui,"Banlieue moyenne (9,900hab) - quick win local pur"
plombier sainte foy les lyon 69110,transactional,local-listing,commune-banlieue,plombier,aucun,124,medium,/lyon/sainte-foy-les-lyon/plombier,a-creer,2,T3-longue-traine,non,Variante avec code postal - signal local hyper-precis
peintre cognin,transactional,local-listing,commune-banlieue,peintre,aucun,123,low,/chambery/cognin/peintre,a-creer,2,T1-quick-win,oui,"Banlieue moyenne (6,200hab) - quick win local pur"
menuisier cognin,transactional,local-listing,commune-banlieue,menuisier,aucun,123,low,/chambery/cognin/menuisier,a-creer,2,T1-quick-win,oui,"Banlieue moyenne (6,200hab) - quick win local pur"
peintre saint jorioz,transactional,local-listing,commune-banlieue,peintre,aucun,123,low,/annecy/saint-jorioz/peintre,a-creer,2,T1-quick-win,oui,"Banlieue moyenne (6,100hab) - quick win local pur"
menuisier saint jorioz,transactional,local-listing,commune-banlieue,menuisier,aucun,123,low,/annecy/saint-jorioz/menuisier,a-creer,2,T1-quick-win,oui,"Banlieue moyenne (6,100hab) - quick win local pur"
electricien saint martin d heres 38400,transactional,local-listing,commune-banlieue,electricien,aucun,123,medium,/grenoble/saint-martin-d-heres/electricien,a-creer,2,T3-longue-traine,non,Variante avec code postal - signal local hyper-precis
plombier tassin la demi lune 69160,transactional,local-listing,commune-banlieue,plombier,aucun,123,medium,/lyon/tassin-la-demi-lune/plombier,a-creer,2,T3-longue-traine,non,Variante avec code postal - signal local hyper-precis
plombier saint genis laval 69230,transactional,local-listing,commune-banlieue,plombier,aucun,123,medium,/lyon/saint-genis-laval/plombier,a-creer,2,T3-longue-traine,non,Variante avec code postal - signal local hyper-precis
peintre lentilly,transactional,local-listing,commune-banlieue,peintre,aucun,123,low,/lyon/lentilly/peintre,a-creer,2,T1-quick-win,oui,"Banlieue moyenne (6,100hab) - quick win local pur"
menuisier lentilly,transactional,local-listing,commune-banlieue,menuisier,aucun,123,low,/lyon/lentilly/menuisier,a-creer,2,T1-quick-win,oui,"Banlieue moyenne (6,100hab) - quick win local pur"
peintre l arbresle,transactional,local-listing,commune-banlieue,peintre,aucun,123,low,/lyon/l-arbresle/peintre,a-creer,2,T1-quick-win,oui,"Banlieue moyenne (6,100hab) - quick win local pur"
menuisier l arbresle,transactional,local-listing,commune-banlieue,menuisier,aucun,123,low,/lyon/l-arbresle/menuisier,a-creer,2,T1-quick-win,oui,"Banlieue moyenne (6,100hab) - quick win local pur"
plombier annecy le vieux 74940,transactional,local-listing,commune-banlieue,plombier,aucun,121,medium,/annecy/annecy-le-vieux/plombier,a-creer,2,T3-longue-traine,non,Variante avec code postal - signal local hyper-precis
electricien echirolles 38130,transactional,local-listing,commune-banlieue,electricien,aucun,121,medium,/grenoble/echirolles/electricien,a-creer,2,T3-longue-traine,non,Variante avec code postal - signal local hyper-precis
meilleur electricien lyon,commercial,local-listing,ville-principale,electricien,meilleur,120,medium,/lyon/electricien,existante,2,T2-volume-eleve,oui,Modificateur meilleur/top - capte intent reassurance
peintre saint alban leysse,transactional,local-listing,commune-banlieue,peintre,aucun,120,low,/chambery/saint-alban-leysse/peintre,a-creer,2,T1-quick-win,oui,"Banlieue moyenne (5,800hab) - quick win local pur"
menuisier saint alban leysse,transactional,local-listing,commune-banlieue,menuisier,aucun,120,low,/chambery/saint-alban-leysse/menuisier,a-creer,2,T1-quick-win,oui,"Banlieue moyenne (5,800hab) - quick win local pur"
carreleur rumilly,transactional,local-listing,commune-agglo,carreleur,aucun,120,low,/annecy/rumilly/carreleur,a-creer,2,T2-volume-eleve,oui,"Agglo grosse (16,000hab) - peu de concurrence locale"
chauffagiste rumilly,transactional,local-listing,commune-agglo,chauffagiste,aucun,120,low,/annecy/rumilly/chauffagiste,a-creer,2,T2-volume-eleve,oui,"Agglo grosse (16,000hab) - peu de concurrence locale"
peintre saint martin le vinoux,transactional,local-listing,commune-banlieue,peintre,aucun,120,low,/grenoble/saint-martin-le-vinoux/peintre,a-creer,2,T1-quick-win,oui,"Banlieue moyenne (5,800hab) - quick win local pur"
menuisier saint martin le vinoux,transactional,local-listing,commune-banlieue,menuisier,aucun,120,low,/grenoble/saint-martin-le-vinoux/menuisier,a-creer,2,T1-quick-win,oui,"Banlieue moyenne (5,800hab) - quick win local pur"
peintre saint cyr au mont d or,transactional,local-listing,commune-banlieue,peintre,aucun,120,low,/lyon/saint-cyr-au-mont-d-or/peintre,a-creer,2,T1-quick-win,oui,"Banlieue moyenne (5,800hab) - quick win local pur"
menuisier saint cyr au mont d or,transactional,local-listing,commune-banlieue,menuisier,aucun,120,low,/lyon/saint-cyr-au-mont-d-or/menuisier,a-creer,2,T1-quick-win,oui,"Banlieue moyenne (5,800hab) - quick win local pur"
peintre saint marcel les valence,transactional,local-listing,commune-banlieue,peintre,aucun,120,low,/valence/saint-marcel-les-valence/peintre,a-creer,2,T1-quick-win,oui,"Banlieue moyenne (5,800hab) - quick win local pur"
menuisier saint marcel les valence,transactional,local-listing,commune-banlieue,menuisier,aucun,120,low,/valence/saint-marcel-les-valence/menuisier,a-creer,2,T1-quick-win,oui,"Banlieue moyenne (5,800hab) - quick win local pur"
plombier pres de moi,transactional,local-listing,ville-principale,plombier,proche,120,high,/annecy/plombier,a-creer,2,T2-volume-eleve,non,Geolocalise - 'autour de moi' fort vol nationaux
electricien pres de moi,transactional,local-listing,ville-principale,electricien,proche,120,high,/annecy/electricien,a-creer,2,T2-volume-eleve,non,Geolocalise - 'autour de moi' fort vol nationaux
peintre pres de moi,transactional,local-listing,ville-principale,peintre,proche,120,high,/annecy/peintre,a-creer,2,T2-volume-eleve,non,Geolocalise - 'autour de moi' fort vol nationaux
macon pres de moi,transactional,local-listing,ville-principale,macon,proche,120,high,/annecy/macon,a-creer,2,T2-volume-eleve,non,Geolocalise - 'autour de moi' fort vol nationaux
carreleur pres de moi,transactional,local-listing,ville-principale,carreleur,proche,120,high,/annecy/carreleur,a-creer,2,T2-volume-eleve,non,Geolocalise - 'autour de moi' fort vol nationaux
menuisier pres de moi,transactional,local-listing,ville-principale,menuisier,proche,120,high,/annecy/menuisier,a-creer,2,T2-volume-eleve,non,Geolocalise - 'autour de moi' fort vol nationaux
couvreur pres de moi,transactional,local-listing,ville-principale,couvreur,proche,120,high,/annecy/couvreur,a-creer,2,T2-volume-eleve,non,Geolocalise - 'autour de moi' fort vol nationaux
chauffagiste pres de moi,transactional,local-listing,ville-principale,chauffagiste,proche,120,high,/annecy/chauffagiste,a-creer,2,T2-volume-eleve,non,Geolocalise - 'autour de moi' fort vol nationaux
comment verifier rge artisan,informational,guide-howto,national,multi,aucun,120,medium,/guides/verifier-rge-artisan,a-creer,2,T4-questions-guides,oui,Variante 'comment' - PAA-friendly
comment comparer devis travaux,informational,guide-howto,national,multi,aucun,120,medium,/guides/comparer-devis-travaux,a-creer,2,T4-questions-guides,oui,Variante 'comment' - PAA-friendly
comment acompte travaux legal,informational,guide-howto,national,multi,aucun,120,medium,/guides/acompte-travaux-legal,a-creer,2,T4-questions-guides,oui,Variante 'comment' - PAA-friendly
garantie decennale biennale parfait achevement,informational,guide-howto,national,multi,aucun,120,medium,/guides/garanties-travaux,a-creer,2,T4-questions-guides,oui,Variante reformulation H1
comment serrurier urgence prix,transactional,guide-howto,national,multi,aucun,120,medium,/guides/serrurier-urgence-prix,a-creer,2,T4-questions-guides,oui,Variante 'comment' - PAA-friendly
tva 5.5% conditions travaux,informational,guide-howto,national,multi,aucun,120,medium,/guides/tva-reduite-travaux,a-creer,2,T4-questions-guides,oui,Variante reformulation H1
comment isolation exterieure vs interieure,informational,guide-howto,national,multi,aucun,120,medium,/guides/ite-vs-iti,a-creer,2,T4-questions-guides,oui,Variante 'comment' - PAA-friendly
comment mise en demeure artisan modele,informational,guide-howto,national,multi,aucun,120,medium,/guides/mise-en-demeure-artisan,a-creer,2,T4-questions-guides,oui,Variante 'comment' - PAA-friendly
comment reception chantier reserves,informational,guide-howto,national,multi,aucun,120,medium,/guides/reception-chantier-reserves,a-creer,2,T4-questions-guides,oui,Variante 'comment' - PAA-friendly
comment travail au noir risques,informational,guide-howto,national,multi,aucun,120,medium,/guides/travail-noir-risques,a-creer,2,T4-questions-guides,oui,Variante 'comment' - PAA-friendly
comment dpe obligatoire avant travaux,informational,guide-howto,national,multi,aucun,120,medium,/guides/dpe-obligatoire-2026,a-creer,2,T4-questions-guides,oui,Variante 'comment' - PAA-friendly
comment permis de construire ou declaration prealable,informational,guide-howto,national,multi,aucun,120,medium,/guides/permis-vs-declaration,a-creer,2,T4-questions-guides,oui,Variante 'comment' - PAA-friendly
comment remplacer baignoire douche italienne,informational,guide-howto,national,multi,aucun,120,medium,/guides/baignoire-en-douche-italienne,a-creer,2,T4-questions-guides,oui,Variante 'comment' - PAA-friendly
comment comment trouver artisan rge,informational,guide-howto,national,multi,aucun,120,medium,/guides/comment-trouver-artisan-rge,a-creer,2,T4-questions-guides,oui,Variante 'comment' - PAA-friendly
peintre champagne au mont d or,transactional,local-listing,commune-banlieue,peintre,aucun,119,low,/lyon/champagne-au-mont-d-or/peintre,a-creer,2,T1-quick-win,oui,"Banlieue moyenne (5,700hab) - quick win local pur"
menuisier champagne au mont d or,transactional,local-listing,commune-banlieue,menuisier,aucun,119,low,/lyon/champagne-au-mont-d-or/menuisier,a-creer,2,T1-quick-win,oui,"Banlieue moyenne (5,700hab) - quick win local pur"
carreleur dardilly,transactional,local-listing,commune-banlieue,carreleur,aucun,119,low,/lyon/dardilly/carreleur,a-creer,2,T1-quick-win,oui,"Banlieue moyenne (8,900hab) - quick win local pur"
chauffagiste dardilly,transactional,local-listing,commune-banlieue,chauffagiste,aucun,119,low,/lyon/dardilly/chauffagiste,a-creer,2,T1-quick-win,oui,"Banlieue moyenne (8,900hab) - quick win local pur"
peintre sathonay camp,transactional,local-listing,commune-banlieue,peintre,aucun,119,low,/lyon/sathonay-camp/peintre,a-creer,2,T1-quick-win,oui,"Banlieue moyenne (5,700hab) - quick win local pur"
menuisier sathonay camp,transactional,local-listing,commune-banlieue,menuisier,aucun,119,low,/lyon/sathonay-camp/menuisier,a-creer,2,T1-quick-win,oui,"Banlieue moyenne (5,700hab) - quick win local pur"
carreleur la ravoire,transactional,local-listing,commune-banlieue,carreleur,aucun,118,low,/chambery/la-ravoire/carreleur,a-creer,2,T1-quick-win,oui,"Banlieue moyenne (8,800hab) - quick win local pur"
chauffagiste la ravoire,transactional,local-listing,commune-banlieue,chauffagiste,aucun,118,low,/chambery/la-ravoire/chauffagiste,a-creer,2,T1-quick-win,oui,"Banlieue moyenne (8,800hab) - quick win local pur"
plombier seynod 74600,transactional,local-listing,commune-banlieue,plombier,aucun,118,medium,/annecy/seynod/plombier,a-creer,2,T3-longue-traine,non,Variante avec code postal - signal local hyper-precis
carreleur meythet,transactional,local-listing,commune-banlieue,carreleur,aucun,118,low,/annecy/meythet/carreleur,a-creer,2,T1-quick-win,oui,"Banlieue moyenne (8,700hab) - quick win local pur"
chauffagiste meythet,transactional,local-listing,commune-banlieue,chauffagiste,aucun,118,low,/annecy/meythet/chauffagiste,a-creer,2,T1-quick-win,oui,"Banlieue moyenne (8,700hab) - quick win local pur"
carreleur irigny,transactional,local-listing,commune-banlieue,carreleur,aucun,118,low,/lyon/irigny/carreleur,a-creer,2,T1-quick-win,oui,"Banlieue moyenne (8,700hab) - quick win local pur"
chauffagiste irigny,transactional,local-listing,commune-banlieue,chauffagiste,aucun,118,low,/lyon/irigny/chauffagiste,a-creer,2,T1-quick-win,oui,"Banlieue moyenne (8,700hab) - quick win local pur"
plombier givors 69700,transactional,local-listing,commune-banlieue,plombier,aucun,118,medium,/lyon/givors/plombier,a-creer,2,T3-longue-traine,non,Variante avec code postal - signal local hyper-precis
carreleur grigny,transactional,local-listing,commune-banlieue,carreleur,aucun,118,low,/lyon/grigny/carreleur,a-creer,2,T1-quick-win,oui,"Banlieue moyenne (8,800hab) - quick win local pur"
chauffagiste grigny,transactional,local-listing,commune-banlieue,chauffagiste,aucun,118,low,/lyon/grigny/chauffagiste,a-creer,2,T1-quick-win,oui,"Banlieue moyenne (8,800hab) - quick win local pur"
electricien meyzieu 69330,transactional,local-listing,commune-banlieue,electricien,aucun,117,medium,/lyon/meyzieu/electricien,a-creer,2,T3-longue-traine,non,Variante avec code postal - signal local hyper-precis
plombier bourg les valence 26500,transactional,local-listing,commune-banlieue,plombier,aucun,117,medium,/valence/bourg-les-valence/plombier,a-creer,2,T3-longue-traine,non,Variante avec code postal - signal local hyper-precis
plombier saint fons 69190,transactional,local-listing,commune-banlieue,plombier,aucun,116,medium,/lyon/saint-fons/plombier,a-creer,2,T3-longue-traine,non,Variante avec code postal - signal local hyper-precis
peintre vernaison,transactional,local-listing,commune-banlieue,peintre,aucun,116,low,/lyon/vernaison/peintre,a-creer,2,T1-quick-win,oui,"Banlieue moyenne (5,300hab) - quick win local pur"
menuisier vernaison,transactional,local-listing,commune-banlieue,menuisier,aucun,116,low,/lyon/vernaison/menuisier,a-creer,2,T1-quick-win,oui,"Banlieue moyenne (5,300hab) - quick win local pur"
peintre etoile sur rhone,transactional,local-listing,commune-banlieue,peintre,aucun,116,low,/valence/etoile-sur-rhone/peintre,a-creer,2,T1-quick-win,oui,"Banlieue moyenne (5,300hab) - quick win local pur"
menuisier etoile sur rhone,transactional,local-listing,commune-banlieue,menuisier,aucun,116,low,/valence/etoile-sur-rhone/menuisier,a-creer,2,T1-quick-win,oui,"Banlieue moyenne (5,300hab) - quick win local pur"
peintre challes les eaux,transactional,local-listing,commune-banlieue,peintre,aucun,115,low,/chambery/challes-les-eaux/peintre,a-creer,2,T1-quick-win,oui,"Banlieue moyenne (5,200hab) - quick win local pur"
menuisier challes les eaux,transactional,local-listing,commune-banlieue,menuisier,aucun,115,low,/chambery/challes-les-eaux/menuisier,a-creer,2,T1-quick-win,oui,"Banlieue moyenne (5,200hab) - quick win local pur"
carreleur lyon 3e 69003,transactional,local-listing,arrondissement-lyon,carreleur,aucun,115,medium,/lyon/lyon-3e/carreleur,a-creer,2,T3-longue-traine,non,Variante avec code postal - signal local hyper-precis
chauffagiste lyon 3e 69003,transactional,local-listing,arrondissement-lyon,chauffagiste,aucun,115,medium,/lyon/lyon-3e/chauffagiste,a-creer,2,T3-longue-traine,non,Variante avec code postal - signal local hyper-precis
plombier ecully 69130,transactional,local-listing,commune-banlieue,plombier,aucun,115,medium,/lyon/ecully/plombier,a-creer,2,T3-longue-traine,non,Variante avec code postal - signal local hyper-precis
peintre charbonnieres les bains,transactional,local-listing,commune-banlieue,peintre,aucun,115,low,/lyon/charbonnieres-les-bains/peintre,a-creer,2,T1-quick-win,oui,"Banlieue moyenne (5,200hab) - quick win local pur"
menuisier charbonnieres les bains,transactional,local-listing,commune-banlieue,menuisier,aucun,115,low,/lyon/charbonnieres-les-bains/menuisier,a-creer,2,T1-quick-win,oui,"Banlieue moyenne (5,200hab) - quick win local pur"
macon mions,transactional,local-listing,commune-banlieue,macon,aucun,115,low,/lyon/mions/macon,a-creer,2,T1-quick-win,oui,"Banlieue moyenne (14,200hab) - quick win local pur"
couvreur mions,transactional,local-listing,commune-banlieue,couvreur,aucun,115,low,/lyon/mions/couvreur,a-creer,2,T1-quick-win,oui,"Banlieue moyenne (14,200hab) - quick win local pur"
plombier dimanche lyon,transactional,local-listing,ville-principale,plombier,dimanche,115,medium,/lyon/plombier,a-creer,2,T1-quick-win,oui,Modificateur urgence/dispo - vol direct intent
plombier rge lyon,commercial,local-listing,ville-principale,plombier,rge,115,medium,/lyon/plombier,a-creer,2,T2-volume-eleve,oui,Modificateur commercial - intent compare/decide
electricien dimanche lyon,transactional,local-listing,ville-principale,electricien,dimanche,115,medium,/lyon/electricien,a-creer,2,T1-quick-win,oui,Modificateur urgence/dispo - vol direct intent
electricien rge lyon,commercial,local-listing,ville-principale,electricien,rge,115,medium,/lyon/electricien,a-creer,2,T2-volume-eleve,oui,Modificateur commercial - intent compare/decide
peintre dimanche lyon,transactional,local-listing,ville-principale,peintre,dimanche,115,medium,/lyon/peintre,a-creer,2,T1-quick-win,oui,Modificateur urgence/dispo - vol direct intent
peintre rge lyon,commercial,local-listing,ville-principale,peintre,rge,115,medium,/lyon/peintre,a-creer,2,T2-volume-eleve,oui,Modificateur commercial - intent compare/decide
macon dimanche lyon,transactional,local-listing,ville-principale,macon,dimanche,115,medium,/lyon/macon,a-creer,2,T1-quick-win,oui,Modificateur urgence/dispo - vol direct intent
macon rge lyon,commercial,local-listing,ville-principale,macon,rge,115,medium,/lyon/macon,a-creer,2,T2-volume-eleve,oui,Modificateur commercial - intent compare/decide
carreleur dimanche lyon,transactional,local-listing,ville-principale,carreleur,dimanche,115,medium,/lyon/carreleur,a-creer,2,T1-quick-win,oui,Modificateur urgence/dispo - vol direct intent
carreleur rge lyon,commercial,local-listing,ville-principale,carreleur,rge,115,medium,/lyon/carreleur,a-creer,2,T2-volume-eleve,oui,Modificateur commercial - intent compare/decide
menuisier dimanche lyon,transactional,local-listing,ville-principale,menuisier,dimanche,115,medium,/lyon/menuisier,a-creer,2,T1-quick-win,oui,Modificateur urgence/dispo - vol direct intent
menuisier rge lyon,commercial,local-listing,ville-principale,menuisier,rge,115,medium,/lyon/menuisier,a-creer,2,T2-volume-eleve,oui,Modificateur commercial - intent compare/decide
couvreur dimanche lyon,transactional,local-listing,ville-principale,couvreur,dimanche,115,medium,/lyon/couvreur,a-creer,2,T1-quick-win,oui,Modificateur urgence/dispo - vol direct intent
couvreur rge lyon,commercial,local-listing,ville-principale,couvreur,rge,115,medium,/lyon/couvreur,a-creer,2,T2-volume-eleve,oui,Modificateur commercial - intent compare/decide
chauffagiste dimanche lyon,transactional,local-listing,ville-principale,chauffagiste,dimanche,115,medium,/lyon/chauffagiste,a-creer,2,T1-quick-win,oui,Modificateur urgence/dispo - vol direct intent
chauffagiste rge lyon,commercial,local-listing,ville-principale,chauffagiste,rge,115,medium,/lyon/chauffagiste,a-creer,2,T2-volume-eleve,oui,Modificateur commercial - intent compare/decide
carreleur poisy,transactional,local-listing,commune-banlieue,carreleur,aucun,114,low,/annecy/poisy/carreleur,a-creer,2,T1-quick-win,oui,"Banlieue moyenne (8,000hab) - quick win local pur"
chauffagiste poisy,transactional,local-listing,commune-banlieue,chauffagiste,aucun,114,low,/annecy/poisy/chauffagiste,a-creer,2,T1-quick-win,oui,"Banlieue moyenne (8,000hab) - quick win local pur"
plombier 24h annecy,transactional,local-listing,ville-principale,plombier,ouvert-24h,114,medium,/annecy/plombier,a-creer,2,T1-quick-win,oui,Modificateur urgence/dispo - vol direct intent
plombier prix annecy,informational,prix-tarif,ville-principale,plombier,prix,114,medium,/annecy/plombier,a-creer,2,T2-volume-eleve,oui,Modificateur commercial - intent compare/decide
plombier pas cher annecy,commercial,local-listing,ville-principale,plombier,pas-cher,114,medium,/annecy/plombier,a-creer,2,T2-volume-eleve,oui,Modificateur commercial - intent compare/decide
electricien 24h annecy,transactional,local-listing,ville-principale,electricien,ouvert-24h,114,medium,/annecy/electricien,a-creer,2,T1-quick-win,oui,Modificateur urgence/dispo - vol direct intent
electricien prix annecy,informational,prix-tarif,ville-principale,electricien,prix,114,medium,/annecy/electricien,a-creer,2,T2-volume-eleve,oui,Modificateur commercial - intent compare/decide
electricien pas cher annecy,commercial,local-listing,ville-principale,electricien,pas-cher,114,medium,/annecy/electricien,a-creer,2,T2-volume-eleve,oui,Modificateur commercial - intent compare/decide
peintre 24h annecy,transactional,local-listing,ville-principale,peintre,ouvert-24h,114,medium,/annecy/peintre,a-creer,2,T1-quick-win,oui,Modificateur urgence/dispo - vol direct intent
peintre prix annecy,informational,prix-tarif,ville-principale,peintre,prix,114,medium,/annecy/peintre,a-creer,2,T2-volume-eleve,oui,Modificateur commercial - intent compare/decide
peintre pas cher annecy,commercial,local-listing,ville-principale,peintre,pas-cher,114,medium,/annecy/peintre,a-creer,2,T2-volume-eleve,oui,Modificateur commercial - intent compare/decide
macon 24h annecy,transactional,local-listing,ville-principale,macon,ouvert-24h,114,medium,/annecy/macon,a-creer,2,T1-quick-win,oui,Modificateur urgence/dispo - vol direct intent
macon prix annecy,informational,prix-tarif,ville-principale,macon,prix,114,medium,/annecy/macon,a-creer,2,T2-volume-eleve,oui,Modificateur commercial - intent compare/decide
macon pas cher annecy,commercial,local-listing,ville-principale,macon,pas-cher,114,medium,/annecy/macon,a-creer,2,T2-volume-eleve,oui,Modificateur commercial - intent compare/decide
carreleur 24h annecy,transactional,local-listing,ville-principale,carreleur,ouvert-24h,114,medium,/annecy/carreleur,a-creer,2,T1-quick-win,oui,Modificateur urgence/dispo - vol direct intent
carreleur prix annecy,informational,prix-tarif,ville-principale,carreleur,prix,114,medium,/annecy/carreleur,a-creer,2,T2-volume-eleve,oui,Modificateur commercial - intent compare/decide
carreleur pas cher annecy,commercial,local-listing,ville-principale,carreleur,pas-cher,114,medium,/annecy/carreleur,a-creer,2,T2-volume-eleve,oui,Modificateur commercial - intent compare/decide
menuisier 24h annecy,transactional,local-listing,ville-principale,menuisier,ouvert-24h,114,medium,/annecy/menuisier,a-creer,2,T1-quick-win,oui,Modificateur urgence/dispo - vol direct intent
menuisier prix annecy,informational,prix-tarif,ville-principale,menuisier,prix,114,medium,/annecy/menuisier,a-creer,2,T2-volume-eleve,oui,Modificateur commercial - intent compare/decide
menuisier pas cher annecy,commercial,local-listing,ville-principale,menuisier,pas-cher,114,medium,/annecy/menuisier,a-creer,2,T2-volume-eleve,oui,Modificateur commercial - intent compare/decide
couvreur 24h annecy,transactional,local-listing,ville-principale,couvreur,ouvert-24h,114,medium,/annecy/couvreur,a-creer,2,T1-quick-win,oui,Modificateur urgence/dispo - vol direct intent
couvreur prix annecy,informational,prix-tarif,ville-principale,couvreur,prix,114,medium,/annecy/couvreur,a-creer,2,T2-volume-eleve,oui,Modificateur commercial - intent compare/decide
couvreur pas cher annecy,commercial,local-listing,ville-principale,couvreur,pas-cher,114,medium,/annecy/couvreur,a-creer,2,T2-volume-eleve,oui,Modificateur commercial - intent compare/decide
chauffagiste 24h annecy,transactional,local-listing,ville-principale,chauffagiste,ouvert-24h,114,medium,/annecy/chauffagiste,a-creer,2,T1-quick-win,oui,Modificateur urgence/dispo - vol direct intent
chauffagiste prix annecy,informational,prix-tarif,ville-principale,chauffagiste,prix,114,medium,/annecy/chauffagiste,a-creer,2,T2-volume-eleve,oui,Modificateur commercial - intent compare/decide
chauffagiste pas cher annecy,commercial,local-listing,ville-principale,chauffagiste,pas-cher,114,medium,/annecy/chauffagiste,a-creer,2,T2-volume-eleve,oui,Modificateur commercial - intent compare/decide
plombier autour de moi,transactional,local-listing,ville-principale,plombier,proche,114,high,/valence/plombier,a-creer,2,T2-volume-eleve,non,Geolocalise - 'autour de moi' fort vol nationaux
electricien autour de moi,transactional,local-listing,ville-principale,electricien,proche,114,high,/valence/electricien,a-creer,2,T2-volume-eleve,non,Geolocalise - 'autour de moi' fort vol nationaux
peintre autour de moi,transactional,local-listing,ville-principale,peintre,proche,114,high,/valence/peintre,a-creer,2,T2-volume-eleve,non,Geolocalise - 'autour de moi' fort vol nationaux
macon autour de moi,transactional,local-listing,ville-principale,macon,proche,114,high,/valence/macon,a-creer,2,T2-volume-eleve,non,Geolocalise - 'autour de moi' fort vol nationaux
carreleur autour de moi,transactional,local-listing,ville-principale,carreleur,proche,114,high,/valence/carreleur,a-creer,2,T2-volume-eleve,non,Geolocalise - 'autour de moi' fort vol nationaux
menuisier autour de moi,transactional,local-listing,ville-principale,menuisier,proche,114,high,/valence/menuisier,a-creer,2,T2-volume-eleve,non,Geolocalise - 'autour de moi' fort vol nationaux
couvreur autour de moi,transactional,local-listing,ville-principale,couvreur,proche,114,high,/valence/couvreur,a-creer,2,T2-volume-eleve,non,Geolocalise - 'autour de moi' fort vol nationaux
chauffagiste autour de moi,transactional,local-listing,ville-principale,chauffagiste,proche,114,high,/valence/chauffagiste,a-creer,2,T2-volume-eleve,non,Geolocalise - 'autour de moi' fort vol nationaux
plombier cran gevrier 74960,transactional,local-listing,commune-banlieue,plombier,aucun,113,medium,/annecy/cran-gevrier/plombier,a-creer,2,T3-longue-traine,non,Variante avec code postal - signal local hyper-precis
plombier meylan 38240,transactional,local-listing,commune-banlieue,plombier,aucun,113,medium,/grenoble/meylan/plombier,a-creer,2,T3-longue-traine,non,Variante avec code postal - signal local hyper-precis
electricien rillieux la pape 69140,transactional,local-listing,commune-banlieue,electricien,aucun,113,medium,/lyon/rillieux-la-pape/electricien,a-creer,2,T3-longue-traine,non,Variante avec code postal - signal local hyper-precis
macon francheville,transactional,local-listing,commune-banlieue,macon,aucun,113,low,/lyon/francheville/macon,a-creer,2,T1-quick-win,oui,"Banlieue moyenne (13,800hab) - quick win local pur"
couvreur francheville,transactional,local-listing,commune-banlieue,couvreur,aucun,113,low,/lyon/francheville/couvreur,a-creer,2,T1-quick-win,oui,"Banlieue moyenne (13,800hab) - quick win local pur"
carreleur saint peray,transactional,local-listing,commune-banlieue,carreleur,aucun,113,low,/valence/saint-peray/carreleur,a-creer,2,T1-quick-win,oui,"Banlieue moyenne (7,800hab) - quick win local pur"
chauffagiste saint peray,transactional,local-listing,commune-banlieue,chauffagiste,aucun,113,low,/valence/saint-peray/chauffagiste,a-creer,2,T1-quick-win,oui,"Banlieue moyenne (7,800hab) - quick win local pur"
plombier annecy avis,commercial,local-listing,ville-principale,plombier,avis,112,medium,/annecy/plombier,existante,2,T2-volume-eleve,oui,Modificateur avis - fort intent commercial
carreleur epagny metz tessy,transactional,local-listing,commune-banlieue,carreleur,aucun,112,low,/annecy/epagny-metz-tessy/carreleur,a-creer,2,T1-quick-win,oui,"Banlieue moyenne (7,700hab) - quick win local pur"
chauffagiste epagny metz tessy,transactional,local-listing,commune-banlieue,chauffagiste,aucun,112,low,/annecy/epagny-metz-tessy/chauffagiste,a-creer,2,T1-quick-win,oui,"Banlieue moyenne (7,700hab) - quick win local pur"
macon genas,transactional,local-listing,commune-banlieue,macon,aucun,111,low,/lyon/genas/macon,a-creer,2,T1-quick-win,oui,"Banlieue moyenne (13,100hab) - quick win local pur"
couvreur genas,transactional,local-listing,commune-banlieue,couvreur,aucun,111,low,/lyon/genas/couvreur,a-creer,2,T1-quick-win,oui,"Banlieue moyenne (13,100hab) - quick win local pur"
plombier saint egreve 38120,transactional,local-listing,commune-banlieue,plombier,aucun,110,medium,/grenoble/saint-egreve/plombier,a-creer,2,T3-longue-traine,non,Variante avec code postal - signal local hyper-precis
carreleur seyssins,transactional,local-listing,commune-banlieue,carreleur,aucun,109,low,/grenoble/seyssins/carreleur,a-creer,2,T1-quick-win,oui,"Banlieue moyenne (7,200hab) - quick win local pur"
chauffagiste seyssins,transactional,local-listing,commune-banlieue,chauffagiste,aucun,109,low,/grenoble/seyssins/chauffagiste,a-creer,2,T1-quick-win,oui,"Banlieue moyenne (7,200hab) - quick win local pur"
electricien decines charpieu 69150,transactional,local-listing,commune-banlieue,electricien,aucun,109,medium,/lyon/decines-charpieu/electricien,a-creer,2,T3-longue-traine,non,Variante avec code postal - signal local hyper-precis
carreleur saint didier au mont d or,transactional,local-listing,commune-banlieue,carreleur,aucun,109,low,/lyon/saint-didier-au-mont-d-or/carreleur,a-creer,2,T1-quick-win,oui,"Banlieue moyenne (7,200hab) - quick win local pur"
chauffagiste saint didier au mont d or,transactional,local-listing,commune-banlieue,chauffagiste,aucun,109,low,/lyon/saint-didier-au-mont-d-or/chauffagiste,a-creer,2,T1-quick-win,oui,"Banlieue moyenne (7,200hab) - quick win local pur"
plombier autour de moi,transactional,local-listing,ville-principale,plombier,proche,109,high,/chambery/plombier,a-creer,2,T2-volume-eleve,non,Geolocalise - 'autour de moi' fort vol nationaux
electricien autour de moi,transactional,local-listing,ville-principale,electricien,proche,109,high,/chambery/electricien,a-creer,2,T2-volume-eleve,non,Geolocalise - 'autour de moi' fort vol nationaux
peintre autour de moi,transactional,local-listing,ville-principale,peintre,proche,109,high,/chambery/peintre,a-creer,2,T2-volume-eleve,non,Geolocalise - 'autour de moi' fort vol nationaux
macon autour de moi,transactional,local-listing,ville-principale,macon,proche,109,high,/chambery/macon,a-creer,2,T2-volume-eleve,non,Geolocalise - 'autour de moi' fort vol nationaux
carreleur autour de moi,transactional,local-listing,ville-principale,carreleur,proche,109,high,/chambery/carreleur,a-creer,2,T2-volume-eleve,non,Geolocalise - 'autour de moi' fort vol nationaux
menuisier autour de moi,transactional,local-listing,ville-principale,menuisier,proche,109,high,/chambery/menuisier,a-creer,2,T2-volume-eleve,non,Geolocalise - 'autour de moi' fort vol nationaux
couvreur autour de moi,transactional,local-listing,ville-principale,couvreur,proche,109,high,/chambery/couvreur,a-creer,2,T2-volume-eleve,non,Geolocalise - 'autour de moi' fort vol nationaux
chauffagiste autour de moi,transactional,local-listing,ville-principale,chauffagiste,proche,109,high,/chambery/chauffagiste,a-creer,2,T2-volume-eleve,non,Geolocalise - 'autour de moi' fort vol nationaux
electricien grenoble avis,commercial,local-listing,ville-principale,electricien,avis,108,medium,/grenoble/electricien,existante,2,T2-volume-eleve,oui,Modificateur avis - fort intent commercial
macon la motte servolex,transactional,local-listing,commune-banlieue,macon,aucun,108,low,/chambery/la-motte-servolex/macon,a-creer,2,T1-quick-win,oui,"Banlieue moyenne (12,200hab) - quick win local pur"
couvreur la motte servolex,transactional,local-listing,commune-banlieue,couvreur,aucun,108,low,/chambery/la-motte-servolex/couvreur,a-creer,2,T1-quick-win,oui,"Banlieue moyenne (12,200hab) - quick win local pur"
carreleur la tronche,transactional,local-listing,commune-banlieue,carreleur,aucun,108,low,/grenoble/la-tronche/carreleur,a-creer,2,T1-quick-win,oui,"Banlieue moyenne (7,000hab) - quick win local pur"
chauffagiste la tronche,transactional,local-listing,commune-banlieue,chauffagiste,aucun,108,low,/grenoble/la-tronche/chauffagiste,a-creer,2,T1-quick-win,oui,"Banlieue moyenne (7,000hab) - quick win local pur"
macon seyssinet pariset,transactional,local-listing,commune-banlieue,macon,aucun,108,low,/grenoble/seyssinet-pariset/macon,a-creer,2,T1-quick-win,oui,"Banlieue moyenne (12,200hab) - quick win local pur"
couvreur seyssinet pariset,transactional,local-listing,commune-banlieue,couvreur,aucun,108,low,/grenoble/seyssinet-pariset/couvreur,a-creer,2,T1-quick-win,oui,"Banlieue moyenne (12,200hab) - quick win local pur"
peintre villeurbanne 69100,transactional,local-listing,commune-banlieue,peintre,aucun,108,medium,/lyon/villeurbanne/peintre,a-creer,2,T3-longue-traine,non,Variante avec code postal - signal local hyper-precis
menuisier villeurbanne 69100,transactional,local-listing,commune-banlieue,menuisier,aucun,108,medium,/lyon/villeurbanne/menuisier,a-creer,2,T3-longue-traine,non,Variante avec code postal - signal local hyper-precis
carreleur fontaines sur saone,transactional,local-listing,commune-banlieue,carreleur,aucun,108,low,/lyon/fontaines-sur-saone/carreleur,a-creer,2,T1-quick-win,oui,"Banlieue moyenne (7,100hab) - quick win local pur"
chauffagiste fontaines sur saone,transactional,local-listing,commune-banlieue,chauffagiste,aucun,108,low,/lyon/fontaines-sur-saone/chauffagiste,a-creer,2,T1-quick-win,oui,"Banlieue moyenne (7,100hab) - quick win local pur"
carreleur chabeuil,transactional,local-listing,commune-banlieue,carreleur,aucun,108,low,/valence/chabeuil/carreleur,a-creer,2,T1-quick-win,oui,"Banlieue moyenne (7,100hab) - quick win local pur"
chauffagiste chabeuil,transactional,local-listing,commune-banlieue,chauffagiste,aucun,108,low,/valence/chabeuil/chauffagiste,a-creer,2,T1-quick-win,oui,"Banlieue moyenne (7,100hab) - quick win local pur"
renovation cuisine grenoble,transactional,local-listing,ville-principale,multi,aucun,108,medium,/travaux/renovation-cuisine/grenoble,a-creer,2,T2-volume-eleve,oui,Travaux + ville - intent project achat
macon pont de claix,transactional,local-listing,commune-banlieue,macon,aucun,107,low,/grenoble/pont-de-claix/macon,a-creer,2,T1-quick-win,oui,"Banlieue moyenne (12,000hab) - quick win local pur"
couvreur pont de claix,transactional,local-listing,commune-banlieue,couvreur,aucun,107,low,/grenoble/pont-de-claix/couvreur,a-creer,2,T1-quick-win,oui,"Banlieue moyenne (12,000hab) - quick win local pur"
macon voiron,transactional,local-listing,commune-agglo,macon,aucun,107,low,/grenoble/voiron/macon,a-creer,2,T2-volume-eleve,oui,"Agglo grosse (21,000hab) - peu de concurrence locale"
couvreur voiron,transactional,local-listing,commune-agglo,couvreur,aucun,107,low,/grenoble/voiron/couvreur,a-creer,2,T2-volume-eleve,oui,"Agglo grosse (21,000hab) - peu de concurrence locale"
carreleur la roche sur foron,transactional,local-listing,commune-agglo,carreleur,aucun,106,low,/annecy/la-roche-sur-foron/carreleur,a-creer,2,T2-volume-eleve,oui,"Agglo grosse (11,700hab) - peu de concurrence locale"
chauffagiste la roche sur foron,transactional,local-listing,commune-agglo,chauffagiste,aucun,106,low,/annecy/la-roche-sur-foron/chauffagiste,a-creer,2,T2-volume-eleve,oui,"Agglo grosse (11,700hab) - peu de concurrence locale"
macon sassenage,transactional,local-listing,commune-banlieue,macon,aucun,106,low,/grenoble/sassenage/macon,a-creer,2,T1-quick-win,oui,"Banlieue moyenne (11,700hab) - quick win local pur"
couvreur sassenage,transactional,local-listing,commune-banlieue,couvreur,aucun,106,low,/grenoble/sassenage/couvreur,a-creer,2,T1-quick-win,oui,"Banlieue moyenne (11,700hab) - quick win local pur"
carreleur gieres,transactional,local-listing,commune-banlieue,carreleur,aucun,106,low,/grenoble/gieres/carreleur,a-creer,2,T1-quick-win,oui,"Banlieue moyenne (6,700hab) - quick win local pur"
chauffagiste gieres,transactional,local-listing,commune-banlieue,chauffagiste,aucun,106,low,/grenoble/gieres/chauffagiste,a-creer,2,T1-quick-win,oui,"Banlieue moyenne (6,700hab) - quick win local pur"
carreleur lyon 7e 69007,transactional,local-listing,arrondissement-lyon,carreleur,aucun,106,medium,/lyon/lyon-7e/carreleur,a-creer,2,T3-longue-traine,non,Variante avec code postal - signal local hyper-precis
chauffagiste lyon 7e 69007,transactional,local-listing,arrondissement-lyon,chauffagiste,aucun,106,medium,/lyon/lyon-7e/chauffagiste,a-creer,2,T3-longue-traine,non,Variante avec code postal - signal local hyper-precis
carreleur lyon 8e 69008,transactional,local-listing,arrondissement-lyon,carreleur,aucun,106,medium,/lyon/lyon-8e/carreleur,a-creer,2,T3-longue-traine,non,Variante avec code postal - signal local hyper-precis
chauffagiste lyon 8e 69008,transactional,local-listing,arrondissement-lyon,chauffagiste,aucun,106,medium,/lyon/lyon-8e/chauffagiste,a-creer,2,T3-longue-traine,non,Variante avec code postal - signal local hyper-precis
electricien oullins 69600,transactional,local-listing,commune-banlieue,electricien,aucun,106,medium,/lyon/oullins/electricien,a-creer,2,T3-longue-traine,non,Variante avec code postal - signal local hyper-precis
macon craponne,transactional,local-listing,commune-banlieue,macon,aucun,106,low,/lyon/craponne/macon,a-creer,2,T1-quick-win,oui,"Banlieue moyenne (11,600hab) - quick win local pur"
couvreur craponne,transactional,local-listing,commune-banlieue,couvreur,aucun,106,low,/lyon/craponne/couvreur,a-creer,2,T1-quick-win,oui,"Banlieue moyenne (11,600hab) - quick win local pur"
macon corbas,transactional,local-listing,commune-banlieue,macon,aucun,106,low,/lyon/corbas/macon,a-creer,2,T1-quick-win,oui,"Banlieue moyenne (11,700hab) - quick win local pur"
couvreur corbas,transactional,local-listing,commune-banlieue,couvreur,aucun,106,low,/lyon/corbas/couvreur,a-creer,2,T1-quick-win,oui,"Banlieue moyenne (11,700hab) - quick win local pur"
macon guilherand granges,transactional,local-listing,commune-banlieue,macon,aucun,106,low,/valence/guilherand-granges/macon,a-creer,2,T1-quick-win,oui,"Banlieue moyenne (11,600hab) - quick win local pur"
couvreur guilherand granges,transactional,local-listing,commune-banlieue,couvreur,aucun,106,low,/valence/guilherand-granges/couvreur,a-creer,2,T1-quick-win,oui,"Banlieue moyenne (11,600hab) - quick win local pur"
ravalement facade lyon,transactional,local-listing,ville-principale,multi,aucun,106,medium,/travaux/ravalement-facade/lyon,a-creer,2,T2-volume-eleve,oui,Travaux + ville - intent project achat
changement fenetres lyon,transactional,local-listing,ville-principale,multi,aucun,106,medium,/travaux/changement-fenetres/lyon,a-creer,2,T2-volume-eleve,oui,Travaux + ville - intent project achat
installation electrique lyon,transactional,local-listing,ville-principale,multi,aucun,106,medium,/travaux/installation-electrique/lyon,a-creer,2,T2-volume-eleve,oui,Travaux + ville - intent project achat
recherche fuite eau lyon,transactional,local-listing,ville-principale,multi,aucun,106,medium,/travaux/recherche-fuite-eau/lyon,a-creer,2,T2-volume-eleve,oui,Travaux + ville - intent project achat
peintre lyon 9e 69009,transactional,local-listing,arrondissement-lyon,peintre,aucun,104,medium,/lyon/lyon-9e/peintre,a-creer,2,T3-longue-traine,non,Variante avec code postal - signal local hyper-precis
menuisier lyon 9e 69009,transactional,local-listing,arrondissement-lyon,menuisier,aucun,104,medium,/lyon/lyon-9e/menuisier,a-creer,2,T3-longue-traine,non,Variante avec code postal - signal local hyper-precis
macon chassieu,transactional,local-listing,commune-banlieue,macon,aucun,104,low,/lyon/chassieu/macon,a-creer,2,T1-quick-win,oui,"Banlieue moyenne (11,100hab) - quick win local pur"
couvreur chassieu,transactional,local-listing,commune-banlieue,couvreur,aucun,104,low,/lyon/chassieu/couvreur,a-creer,2,T1-quick-win,oui,"Banlieue moyenne (11,100hab) - quick win local pur"
carreleur tournon sur rhone,transactional,local-listing,commune-agglo,carreleur,aucun,104,low,/valence/tournon-sur-rhone/carreleur,a-creer,2,T2-volume-eleve,oui,"Agglo grosse (11,100hab) - peu de concurrence locale"
chauffagiste tournon sur rhone,transactional,local-listing,commune-agglo,chauffagiste,aucun,104,low,/valence/tournon-sur-rhone/chauffagiste,a-creer,2,T2-volume-eleve,oui,"Agglo grosse (11,100hab) - peu de concurrence locale"
plombier avis valence,commercial,local-listing,ville-principale,plombier,avis,104,medium,/valence/plombier,a-creer,2,T2-volume-eleve,oui,Modificateur commercial - intent compare/decide
electricien avis valence,commercial,local-listing,ville-principale,electricien,avis,104,medium,/valence/electricien,a-creer,2,T2-volume-eleve,oui,Modificateur commercial - intent compare/decide
peintre avis valence,commercial,local-listing,ville-principale,peintre,avis,104,medium,/valence/peintre,a-creer,2,T2-volume-eleve,oui,Modificateur commercial - intent compare/decide
macon avis valence,commercial,local-listing,ville-principale,macon,avis,104,medium,/valence/macon,a-creer,2,T2-volume-eleve,oui,Modificateur commercial - intent compare/decide
carreleur avis valence,commercial,local-listing,ville-principale,carreleur,avis,104,medium,/valence/carreleur,a-creer,2,T2-volume-eleve,oui,Modificateur commercial - intent compare/decide
menuisier avis valence,commercial,local-listing,ville-principale,menuisier,avis,104,medium,/valence/menuisier,a-creer,2,T2-volume-eleve,oui,Modificateur commercial - intent compare/decide
couvreur avis valence,commercial,local-listing,ville-principale,couvreur,avis,104,medium,/valence/couvreur,a-creer,2,T2-volume-eleve,oui,Modificateur commercial - intent compare/decide
chauffagiste avis valence,commercial,local-listing,ville-principale,chauffagiste,avis,104,medium,/valence/chauffagiste,a-creer,2,T2-volume-eleve,oui,Modificateur commercial - intent compare/decide
carreleur cognin,transactional,local-listing,commune-banlieue,carreleur,aucun,103,low,/chambery/cognin/carreleur,a-creer,2,T1-quick-win,oui,"Banlieue moyenne (6,200hab) - quick win local pur"
chauffagiste cognin,transactional,local-listing,commune-banlieue,chauffagiste,aucun,103,low,/chambery/cognin/chauffagiste,a-creer,2,T1-quick-win,oui,"Banlieue moyenne (6,200hab) - quick win local pur"
peintre lyon 6e 69006,transactional,local-listing,arrondissement-lyon,peintre,aucun,103,medium,/lyon/lyon-6e/peintre,a-creer,2,T3-longue-traine,non,Variante avec code postal - signal local hyper-precis
menuisier lyon 6e 69006,transactional,local-listing,arrondissement-lyon,menuisier,aucun,103,medium,/lyon/lyon-6e/menuisier,a-creer,2,T3-longue-traine,non,Variante avec code postal - signal local hyper-precis
carreleur saint jorioz,transactional,local-listing,commune-banlieue,carreleur,aucun,102,low,/annecy/saint-jorioz/carreleur,a-creer,2,T1-quick-win,oui,"Banlieue moyenne (6,100hab) - quick win local pur"
chauffagiste saint jorioz,transactional,local-listing,commune-banlieue,chauffagiste,aucun,102,low,/annecy/saint-jorioz/chauffagiste,a-creer,2,T1-quick-win,oui,"Banlieue moyenne (6,100hab) - quick win local pur"
macon pierre benite,transactional,local-listing,commune-banlieue,macon,aucun,102,low,/lyon/pierre-benite/macon,a-creer,2,T1-quick-win,oui,"Banlieue moyenne (10,700hab) - quick win local pur"
couvreur pierre benite,transactional,local-listing,commune-banlieue,couvreur,aucun,102,low,/lyon/pierre-benite/couvreur,a-creer,2,T1-quick-win,oui,"Banlieue moyenne (10,700hab) - quick win local pur"
carreleur lentilly,transactional,local-listing,commune-banlieue,carreleur,aucun,102,low,/lyon/lentilly/carreleur,a-creer,2,T1-quick-win,oui,"Banlieue moyenne (6,100hab) - quick win local pur"
chauffagiste lentilly,transactional,local-listing,commune-banlieue,chauffagiste,aucun,102,low,/lyon/lentilly/chauffagiste,a-creer,2,T1-quick-win,oui,"Banlieue moyenne (6,100hab) - quick win local pur"
carreleur l arbresle,transactional,local-listing,commune-banlieue,carreleur,aucun,102,low,/lyon/l-arbresle/carreleur,a-creer,2,T1-quick-win,oui,"Banlieue moyenne (6,100hab) - quick win local pur"
chauffagiste l arbresle,transactional,local-listing,commune-banlieue,chauffagiste,aucun,102,low,/lyon/l-arbresle/chauffagiste,a-creer,2,T1-quick-win,oui,"Banlieue moyenne (6,100hab) - quick win local pur"
macon bourg de peage,transactional,local-listing,commune-banlieue,macon,aucun,102,low,/valence/bourg-de-peage/macon,a-creer,2,T1-quick-win,oui,"Banlieue moyenne (10,600hab) - quick win local pur"
couvreur bourg de peage,transactional,local-listing,commune-banlieue,couvreur,aucun,102,low,/valence/bourg-de-peage/couvreur,a-creer,2,T1-quick-win,oui,"Banlieue moyenne (10,600hab) - quick win local pur"
serrurier 24h valence,transactional,urgence,ville-principale,multi,ouvert-24h,102,medium,/valence/serrurier,a-creer,2,T1-quick-win,oui,Serrurier 24h - intent panique porte
macon portes les valence,transactional,local-listing,commune-banlieue,macon,aucun,101,low,/valence/portes-les-valence/macon,a-creer,2,T1-quick-win,oui,"Banlieue moyenne (10,400hab) - quick win local pur"
couvreur portes les valence,transactional,local-listing,commune-banlieue,couvreur,aucun,101,low,/valence/portes-les-valence/couvreur,a-creer,2,T1-quick-win,oui,"Banlieue moyenne (10,400hab) - quick win local pur"
prix plombier 2026,informational,prix-tarif,national,plombier,prix,100,medium,/prix/plombier,existante,2,T2-volume-eleve,oui,Annee fraiche - signal recence
prix electricien 2026,informational,prix-tarif,national,electricien,prix,100,medium,/prix/electricien,existante,2,T2-volume-eleve,oui,Annee fraiche - signal recence
prix peintre 2026,informational,prix-tarif,national,peintre,prix,100,medium,/prix/peintre,existante,2,T2-volume-eleve,oui,Annee fraiche - signal recence
prix macon 2026,informational,prix-tarif,national,macon,prix,100,medium,/prix/macon,existante,2,T2-volume-eleve,oui,Annee fraiche - signal recence
prix carreleur 2026,informational,prix-tarif,national,carreleur,prix,100,medium,/prix/carreleur,existante,2,T2-volume-eleve,oui,Annee fraiche - signal recence
prix menuisier 2026,informational,prix-tarif,national,menuisier,prix,100,medium,/prix/menuisier,existante,2,T2-volume-eleve,oui,Annee fraiche - signal recence
prix couvreur 2026,informational,prix-tarif,national,couvreur,prix,100,medium,/prix/couvreur,existante,2,T2-volume-eleve,oui,Annee fraiche - signal recence
prix chauffagiste 2026,informational,prix-tarif,national,chauffagiste,prix,100,medium,/prix/chauffagiste,existante,2,T2-volume-eleve,oui,Annee fraiche - signal recence
pagesjaunes avis,commercial,comparatif,national,n/a,avis,100,medium,/comparatif/pagesjaunes,existante,2,T2-volume-eleve,oui,Existante - comparatif vs concurrent
habitatpresto avis,commercial,comparatif,national,n/a,avis,100,medium,/comparatif/habitatpresto,existante,2,T2-volume-eleve,oui,Existante - comparatif vs concurrent
starofservice avis,commercial,comparatif,national,n/a,avis,100,medium,/comparatif/starofservice,existante,2,T2-volume-eleve,oui,Existante - comparatif vs concurrent
obat avis,commercial,comparatif,national,n/a,avis,100,medium,/comparatif/obat,existante,2,T2-volume-eleve,oui,Existante - comparatif vs concurrent
tolteck avis,commercial,comparatif,national,n/a,avis,100,medium,/comparatif/tolteck,existante,2,T2-volume-eleve,oui,Existante - comparatif vs concurrent
artisan serieux,informational,guide-howto,national,multi,aucun,100,medium,/guides/trouver-bon-artisan,existante,2,T4-questions-guides,oui,Reassurance verbatim forum
prix renovation salle de bain 5m2,informational,guide-howto,national,n/a,prix,100,medium,/guides/prix-renovation-salle-bain,existante,2,T4-questions-guides,oui,Surface specifique - intent fort
prix renovation salle de bain 10m2,informational,guide-howto,national,n/a,prix,100,medium,/guides/prix-renovation-salle-bain,existante,2,T4-questions-guides,oui,Surface specifique - intent fort
devis rénovation salle de bain,transactional,guide-howto,national,multi,devis,100,medium,/travaux/renovation-salle-de-bain,existante,2,T4-questions-guides,oui,Intent transactionnel - oriente devis
devis pompe à chaleur,transactional,guide-howto,national,multi,devis,100,medium,/travaux/pompe-a-chaleur,existante,2,T4-questions-guides,oui,Intent transactionnel - oriente devis
devis peinture intérieure,transactional,guide-howto,national,multi,devis,100,medium,/travaux/peinture-interieure,existante,2,T4-questions-guides,oui,Intent transactionnel - oriente devis
devis isolation combles,transactional,guide-howto,national,multi,devis,100,medium,/travaux/isolation-combles,existante,2,T4-questions-guides,oui,Intent transactionnel - oriente devis
devis isolation extérieure,transactional,guide-howto,national,multi,devis,100,medium,/travaux/isolation-exterieure,existante,2,T4-questions-guides,oui,Intent transactionnel - oriente devis
devis rénovation cuisine,transactional,guide-howto,national,multi,devis,100,medium,/travaux/renovation-cuisine,existante,2,T4-questions-guides,oui,Intent transactionnel - oriente devis
devis changement fenêtres,transactional,guide-howto,national,multi,devis,100,medium,/travaux/changement-fenetres,existante,2,T4-questions-guides,oui,Intent transactionnel - oriente devis
devis toiture,transactional,guide-howto,national,multi,devis,100,medium,/travaux/toiture,existante,2,T4-questions-guides,oui,Intent transactionnel - oriente devis
devis ravalement façade,transactional,guide-howto,national,multi,devis,100,medium,/travaux/ravalement-facade,existante,2,T4-questions-guides,oui,Intent transactionnel - oriente devis
devis électricité rénovation,transactional,guide-howto,national,multi,devis,100,medium,/travaux/electricite-renovation,existante,2,T4-questions-guides,oui,Intent transactionnel - oriente devis
devis chauffage,transactional,guide-howto,national,multi,devis,100,medium,/travaux/chauffage,existante,2,T4-questions-guides,oui,Intent transactionnel - oriente devis
devis douche italienne,transactional,guide-howto,national,multi,devis,100,medium,/travaux/douche-italienne,existante,2,T4-questions-guides,oui,Intent transactionnel - oriente devis
carreleur saint alban leysse,transactional,local-listing,commune-banlieue,carreleur,aucun,100,low,/chambery/saint-alban-leysse/carreleur,a-creer,2,T1-quick-win,oui,"Banlieue moyenne (5,800hab) - quick win local pur"
chauffagiste saint alban leysse,transactional,local-listing,commune-banlieue,chauffagiste,aucun,100,low,/chambery/saint-alban-leysse/chauffagiste,a-creer,2,T1-quick-win,oui,"Banlieue moyenne (5,800hab) - quick win local pur"
electricien fontaine 38600,transactional,local-listing,commune-banlieue,electricien,aucun,100,medium,/grenoble/fontaine/electricien,a-creer,2,T3-longue-traine,non,Variante avec code postal - signal local hyper-precis
carreleur saint martin le vinoux,transactional,local-listing,commune-banlieue,carreleur,aucun,100,low,/grenoble/saint-martin-le-vinoux/carreleur,a-creer,2,T1-quick-win,oui,"Banlieue moyenne (5,800hab) - quick win local pur"
chauffagiste saint martin le vinoux,transactional,local-listing,commune-banlieue,chauffagiste,aucun,100,low,/grenoble/saint-martin-le-vinoux/chauffagiste,a-creer,2,T1-quick-win,oui,"Banlieue moyenne (5,800hab) - quick win local pur"
peintre lyon 5e 69005,transactional,local-listing,arrondissement-lyon,peintre,aucun,100,medium,/lyon/lyon-5e/peintre,a-creer,2,T3-longue-traine,non,Variante avec code postal - signal local hyper-precis
menuisier lyon 5e 69005,transactional,local-listing,arrondissement-lyon,menuisier,aucun,100,medium,/lyon/lyon-5e/menuisier,a-creer,2,T3-longue-traine,non,Variante avec code postal - signal local hyper-precis
carreleur saint cyr au mont d or,transactional,local-listing,commune-banlieue,carreleur,aucun,100,low,/lyon/saint-cyr-au-mont-d-or/carreleur,a-creer,2,T1-quick-win,oui,"Banlieue moyenne (5,800hab) - quick win local pur"
chauffagiste saint cyr au mont d or,transactional,local-listing,commune-banlieue,chauffagiste,aucun,100,low,/lyon/saint-cyr-au-mont-d-or/chauffagiste,a-creer,2,T1-quick-win,oui,"Banlieue moyenne (5,800hab) - quick win local pur"
macon feyzin,transactional,local-listing,commune-banlieue,macon,aucun,100,low,/lyon/feyzin/macon,a-creer,2,T1-quick-win,oui,"Banlieue moyenne (10,100hab) - quick win local pur"
couvreur feyzin,transactional,local-listing,commune-banlieue,couvreur,aucun,100,low,/lyon/feyzin/couvreur,a-creer,2,T1-quick-win,oui,"Banlieue moyenne (10,100hab) - quick win local pur"
carreleur saint marcel les valence,transactional,local-listing,commune-banlieue,carreleur,aucun,100,low,/valence/saint-marcel-les-valence/carreleur,a-creer,2,T1-quick-win,oui,"Banlieue moyenne (5,800hab) - quick win local pur"
chauffagiste saint marcel les valence,transactional,local-listing,commune-banlieue,chauffagiste,aucun,100,low,/valence/saint-marcel-les-valence/chauffagiste,a-creer,2,T1-quick-win,oui,"Banlieue moyenne (5,800hab) - quick win local pur"
plombier avis chambery,commercial,local-listing,ville-principale,plombier,avis,100,medium,/chambery/plombier,a-creer,2,T2-volume-eleve,oui,Modificateur commercial - intent compare/decide
electricien avis chambery,commercial,local-listing,ville-principale,electricien,avis,100,medium,/chambery/electricien,a-creer,2,T2-volume-eleve,oui,Modificateur commercial - intent compare/decide
peintre avis chambery,commercial,local-listing,ville-principale,peintre,avis,100,medium,/chambery/peintre,a-creer,2,T2-volume-eleve,oui,Modificateur commercial - intent compare/decide
macon avis chambery,commercial,local-listing,ville-principale,macon,avis,100,medium,/chambery/macon,a-creer,2,T2-volume-eleve,oui,Modificateur commercial - intent compare/decide
carreleur avis chambery,commercial,local-listing,ville-principale,carreleur,avis,100,medium,/chambery/carreleur,a-creer,2,T2-volume-eleve,oui,Modificateur commercial - intent compare/decide
menuisier avis chambery,commercial,local-listing,ville-principale,menuisier,avis,100,medium,/chambery/menuisier,a-creer,2,T2-volume-eleve,oui,Modificateur commercial - intent compare/decide
couvreur avis chambery,commercial,local-listing,ville-principale,couvreur,avis,100,medium,/chambery/couvreur,a-creer,2,T2-volume-eleve,oui,Modificateur commercial - intent compare/decide
chauffagiste avis chambery,commercial,local-listing,ville-principale,chauffagiste,avis,100,medium,/chambery/chauffagiste,a-creer,2,T2-volume-eleve,oui,Modificateur commercial - intent compare/decide
plombier devis gratuit grenoble,transactional,local-listing,ville-principale,plombier,devis,100,medium,/grenoble/plombier,a-creer,2,T2-volume-eleve,oui,Modificateur commercial - intent compare/decide
electricien devis gratuit grenoble,transactional,local-listing,ville-principale,electricien,devis,100,medium,/grenoble/electricien,a-creer,2,T2-volume-eleve,oui,Modificateur commercial - intent compare/decide
peintre devis gratuit grenoble,transactional,local-listing,ville-principale,peintre,devis,100,medium,/grenoble/peintre,a-creer,2,T2-volume-eleve,oui,Modificateur commercial - intent compare/decide
macon devis gratuit grenoble,transactional,local-listing,ville-principale,macon,devis,100,medium,/grenoble/macon,a-creer,2,T2-volume-eleve,oui,Modificateur commercial - intent compare/decide
carreleur devis gratuit grenoble,transactional,local-listing,ville-principale,carreleur,devis,100,medium,/grenoble/carreleur,a-creer,2,T2-volume-eleve,oui,Modificateur commercial - intent compare/decide
menuisier devis gratuit grenoble,transactional,local-listing,ville-principale,menuisier,devis,100,medium,/grenoble/menuisier,a-creer,2,T2-volume-eleve,oui,Modificateur commercial - intent compare/decide
couvreur devis gratuit grenoble,transactional,local-listing,ville-principale,couvreur,devis,100,medium,/grenoble/couvreur,a-creer,2,T2-volume-eleve,oui,Modificateur commercial - intent compare/decide
chauffagiste devis gratuit grenoble,transactional,local-listing,ville-principale,chauffagiste,devis,100,medium,/grenoble/chauffagiste,a-creer,2,T2-volume-eleve,oui,Modificateur commercial - intent compare/decide
plombier devis gratuit villeurbanne,transactional,local-listing,commune-banlieue,plombier,devis,100,medium,/lyon/villeurbanne/plombier,a-creer,2,T2-volume-eleve,oui,Modificateur commercial - intent compare/decide
electricien devis gratuit villeurbanne,transactional,local-listing,commune-banlieue,electricien,devis,100,medium,/lyon/villeurbanne/electricien,a-creer,2,T2-volume-eleve,oui,Modificateur commercial - intent compare/decide
peintre devis gratuit villeurbanne,transactional,local-listing,commune-banlieue,peintre,devis,100,medium,/lyon/villeurbanne/peintre,a-creer,2,T2-volume-eleve,oui,Modificateur commercial - intent compare/decide
macon devis gratuit villeurbanne,transactional,local-listing,commune-banlieue,macon,devis,100,medium,/lyon/villeurbanne/macon,a-creer,2,T2-volume-eleve,oui,Modificateur commercial - intent compare/decide
carreleur devis gratuit villeurbanne,transactional,local-listing,commune-banlieue,carreleur,devis,100,medium,/lyon/villeurbanne/carreleur,a-creer,2,T2-volume-eleve,oui,Modificateur commercial - intent compare/decide
menuisier devis gratuit villeurbanne,transactional,local-listing,commune-banlieue,menuisier,devis,100,medium,/lyon/villeurbanne/menuisier,a-creer,2,T2-volume-eleve,oui,Modificateur commercial - intent compare/decide
couvreur devis gratuit villeurbanne,transactional,local-listing,commune-banlieue,couvreur,devis,100,medium,/lyon/villeurbanne/couvreur,a-creer,2,T2-volume-eleve,oui,Modificateur commercial - intent compare/decide
chauffagiste devis gratuit villeurbanne,transactional,local-listing,commune-banlieue,chauffagiste,devis,100,medium,/lyon/villeurbanne/chauffagiste,a-creer,2,T2-volume-eleve,oui,Modificateur commercial - intent compare/decide
prix ouverture mur porteur,informational,prix-tarif,national,macon,prix,100,low,/prix/macon/mur-porteur,a-creer,2,T3-longue-traine,oui,Sous-page prix par type de travaux - intent achat fort
prix isolation toiture exterieure,informational,prix-tarif,national,couvreur,prix,100,low,/prix/couvreur/isolation-toiture,a-creer,2,T3-longue-traine,oui,Sous-page prix par type de travaux - intent achat fort
recours travaux mal faits,informational,guide-howto,national,multi,aucun,100,medium,/guides/recours-malfacon-artisan,a-creer,2,T4-questions-guides,oui,Variante reformulation H1
renovation d ampleur definition,informational,guide-howto,national,multi,aucun,100,medium,/guides/renovation-ampleur,a-creer,2,T4-questions-guides,oui,Variante reformulation H1
macon eybens,transactional,local-listing,commune-banlieue,macon,aucun,99,low,/grenoble/eybens/macon,a-creer,2,T1-quick-win,oui,"Banlieue moyenne (9,900hab) - quick win local pur"
couvreur eybens,transactional,local-listing,commune-banlieue,couvreur,aucun,99,low,/grenoble/eybens/couvreur,a-creer,2,T1-quick-win,oui,"Banlieue moyenne (9,900hab) - quick win local pur"
electricien sainte foy les lyon 69110,transactional,local-listing,commune-banlieue,electricien,aucun,99,medium,/lyon/sainte-foy-les-lyon/electricien,a-creer,2,T3-longue-traine,non,Variante avec code postal - signal local hyper-precis
carreleur champagne au mont d or,transactional,local-listing,commune-banlieue,carreleur,aucun,99,low,/lyon/champagne-au-mont-d-or/carreleur,a-creer,2,T1-quick-win,oui,"Banlieue moyenne (5,700hab) - quick win local pur"
chauffagiste champagne au mont d or,transactional,local-listing,commune-banlieue,chauffagiste,aucun,99,low,/lyon/champagne-au-mont-d-or/chauffagiste,a-creer,2,T1-quick-win,oui,"Banlieue moyenne (5,700hab) - quick win local pur"
carreleur sathonay camp,transactional,local-listing,commune-banlieue,carreleur,aucun,99,low,/lyon/sathonay-camp/carreleur,a-creer,2,T1-quick-win,oui,"Banlieue moyenne (5,700hab) - quick win local pur"
chauffagiste sathonay camp,transactional,local-listing,commune-banlieue,chauffagiste,aucun,99,low,/lyon/sathonay-camp/chauffagiste,a-creer,2,T1-quick-win,oui,"Banlieue moyenne (5,700hab) - quick win local pur"
electricien tassin la demi lune 69160,transactional,local-listing,commune-banlieue,electricien,aucun,98,medium,/lyon/tassin-la-demi-lune/electricien,a-creer,2,T3-longue-traine,non,Variante avec code postal - signal local hyper-precis
electricien saint genis laval 69230,transactional,local-listing,commune-banlieue,electricien,aucun,98,medium,/lyon/saint-genis-laval/electricien,a-creer,2,T3-longue-traine,non,Variante avec code postal - signal local hyper-precis
serrurier 24h chambery,transactional,urgence,ville-principale,multi,ouvert-24h,98,medium,/chambery/serrurier,a-creer,2,T1-quick-win,oui,Serrurier 24h - intent panique porte
renovation cuisine annecy,transactional,local-listing,ville-principale,multi,aucun,98,medium,/travaux/renovation-cuisine/annecy,a-creer,2,T2-volume-eleve,oui,Travaux + ville - intent project achat
carreleur challes les eaux,transactional,local-listing,commune-banlieue,carreleur,aucun,96,low,/chambery/challes-les-eaux/carreleur,a-creer,2,T1-quick-win,oui,"Banlieue moyenne (5,200hab) - quick win local pur"
chauffagiste challes les eaux,transactional,local-listing,commune-banlieue,chauffagiste,aucun,96,low,/chambery/challes-les-eaux/chauffagiste,a-creer,2,T1-quick-win,oui,"Banlieue moyenne (5,200hab) - quick win local pur"
electricien annecy le vieux 74940,transactional,local-listing,commune-banlieue,electricien,aucun,96,medium,/annecy/annecy-le-vieux/electricien,a-creer,2,T3-longue-traine,non,Variante avec code postal - signal local hyper-precis
macon rumilly,transactional,local-listing,commune-agglo,macon,aucun,96,low,/annecy/rumilly/macon,a-creer,2,T2-volume-eleve,oui,"Agglo grosse (16,000hab) - peu de concurrence locale"
couvreur rumilly,transactional,local-listing,commune-agglo,couvreur,aucun,96,low,/annecy/rumilly/couvreur,a-creer,2,T2-volume-eleve,oui,"Agglo grosse (16,000hab) - peu de concurrence locale"
carreleur charbonnieres les bains,transactional,local-listing,commune-banlieue,carreleur,aucun,96,low,/lyon/charbonnieres-les-bains/carreleur,a-creer,2,T1-quick-win,oui,"Banlieue moyenne (5,200hab) - quick win local pur"
chauffagiste charbonnieres les bains,transactional,local-listing,commune-banlieue,chauffagiste,aucun,96,low,/lyon/charbonnieres-les-bains/chauffagiste,a-creer,2,T1-quick-win,oui,"Banlieue moyenne (5,200hab) - quick win local pur"
carreleur vernaison,transactional,local-listing,commune-banlieue,carreleur,aucun,96,low,/lyon/vernaison/carreleur,a-creer,2,T1-quick-win,oui,"Banlieue moyenne (5,300hab) - quick win local pur"
chauffagiste vernaison,transactional,local-listing,commune-banlieue,chauffagiste,aucun,96,low,/lyon/vernaison/chauffagiste,a-creer,2,T1-quick-win,oui,"Banlieue moyenne (5,300hab) - quick win local pur"
carreleur etoile sur rhone,transactional,local-listing,commune-banlieue,carreleur,aucun,96,low,/valence/etoile-sur-rhone/carreleur,a-creer,2,T1-quick-win,oui,"Banlieue moyenne (5,300hab) - quick win local pur"
chauffagiste etoile sur rhone,transactional,local-listing,commune-banlieue,chauffagiste,aucun,96,low,/valence/etoile-sur-rhone/chauffagiste,a-creer,2,T1-quick-win,oui,"Banlieue moyenne (5,300hab) - quick win local pur"
macon la ravoire,transactional,local-listing,commune-banlieue,macon,aucun,95,low,/chambery/la-ravoire/macon,a-creer,2,T1-quick-win,oui,"Banlieue moyenne (8,800hab) - quick win local pur"
couvreur la ravoire,transactional,local-listing,commune-banlieue,couvreur,aucun,95,low,/chambery/la-ravoire/couvreur,a-creer,2,T1-quick-win,oui,"Banlieue moyenne (8,800hab) - quick win local pur"
macon dardilly,transactional,local-listing,commune-banlieue,macon,aucun,95,low,/lyon/dardilly/macon,a-creer,2,T1-quick-win,oui,"Banlieue moyenne (8,900hab) - quick win local pur"
couvreur dardilly,transactional,local-listing,commune-banlieue,couvreur,aucun,95,low,/lyon/dardilly/couvreur,a-creer,2,T1-quick-win,oui,"Banlieue moyenne (8,900hab) - quick win local pur"
macon grigny,transactional,local-listing,commune-banlieue,macon,aucun,95,low,/lyon/grigny/macon,a-creer,2,T1-quick-win,oui,"Banlieue moyenne (8,800hab) - quick win local pur"
couvreur grigny,transactional,local-listing,commune-banlieue,couvreur,aucun,95,low,/lyon/grigny/couvreur,a-creer,2,T1-quick-win,oui,"Banlieue moyenne (8,800hab) - quick win local pur"
electricien seynod 74600,transactional,local-listing,commune-banlieue,electricien,aucun,94,medium,/annecy/seynod/electricien,a-creer,2,T3-longue-traine,non,Variante avec code postal - signal local hyper-precis
macon meythet,transactional,local-listing,commune-banlieue,macon,aucun,94,low,/annecy/meythet/macon,a-creer,2,T1-quick-win,oui,"Banlieue moyenne (8,700hab) - quick win local pur"
couvreur meythet,transactional,local-listing,commune-banlieue,couvreur,aucun,94,low,/annecy/meythet/couvreur,a-creer,2,T1-quick-win,oui,"Banlieue moyenne (8,700hab) - quick win local pur"
macon irigny,transactional,local-listing,commune-banlieue,macon,aucun,94,low,/lyon/irigny/macon,a-creer,2,T1-quick-win,oui,"Banlieue moyenne (8,700hab) - quick win local pur"
couvreur irigny,transactional,local-listing,commune-banlieue,couvreur,aucun,94,low,/lyon/irigny/couvreur,a-creer,2,T1-quick-win,oui,"Banlieue moyenne (8,700hab) - quick win local pur"
electricien givors 69700,transactional,local-listing,commune-banlieue,electricien,aucun,94,medium,/lyon/givors/electricien,a-creer,2,T3-longue-traine,non,Variante avec code postal - signal local hyper-precis
electricien bourg les valence 26500,transactional,local-listing,commune-banlieue,electricien,aucun,94,medium,/valence/bourg-les-valence/electricien,a-creer,2,T3-longue-traine,non,Variante avec code postal - signal local hyper-precis
electricien saint fons 69190,transactional,local-listing,commune-banlieue,electricien,aucun,93,medium,/lyon/saint-fons/electricien,a-creer,2,T3-longue-traine,non,Variante avec code postal - signal local hyper-precis
renovation salle de bain valence,transactional,local-listing,ville-principale,multi,aucun,93,medium,/travaux/renovation-salle-de-bain/valence,a-creer,2,T2-volume-eleve,oui,Travaux + ville - intent project achat
pompe a chaleur valence,transactional,local-listing,ville-principale,multi,aucun,93,medium,/travaux/pompe-a-chaleur/valence,a-creer,2,T2-volume-eleve,oui,Travaux + ville - intent project achat
macon lyon 3e 69003,transactional,local-listing,arrondissement-lyon,macon,aucun,92,medium,/lyon/lyon-3e/macon,a-creer,2,T3-longue-traine,non,Variante avec code postal - signal local hyper-precis
couvreur lyon 3e 69003,transactional,local-listing,arrondissement-lyon,couvreur,aucun,92,medium,/lyon/lyon-3e/couvreur,a-creer,2,T3-longue-traine,non,Variante avec code postal - signal local hyper-precis
electricien ecully 69130,transactional,local-listing,commune-banlieue,electricien,aucun,92,medium,/lyon/ecully/electricien,a-creer,2,T3-longue-traine,non,Variante avec code postal - signal local hyper-precis
plombier nuit lyon,transactional,local-listing,ville-principale,plombier,ouvert-24h,92,medium,/lyon/plombier,a-creer,2,T1-quick-win,oui,Modificateur urgence/dispo - vol direct intent
electricien nuit lyon,transactional,local-listing,ville-principale,electricien,ouvert-24h,92,medium,/lyon/electricien,a-creer,2,T1-quick-win,oui,Modificateur urgence/dispo - vol direct intent
peintre nuit lyon,transactional,local-listing,ville-principale,peintre,ouvert-24h,92,medium,/lyon/peintre,a-creer,2,T1-quick-win,oui,Modificateur urgence/dispo - vol direct intent
macon nuit lyon,transactional,local-listing,ville-principale,macon,ouvert-24h,92,medium,/lyon/macon,a-creer,2,T1-quick-win,oui,Modificateur urgence/dispo - vol direct intent
carreleur nuit lyon,transactional,local-listing,ville-principale,carreleur,ouvert-24h,92,medium,/lyon/carreleur,a-creer,2,T1-quick-win,oui,Modificateur urgence/dispo - vol direct intent
menuisier nuit lyon,transactional,local-listing,ville-principale,menuisier,ouvert-24h,92,medium,/lyon/menuisier,a-creer,2,T1-quick-win,oui,Modificateur urgence/dispo - vol direct intent
couvreur nuit lyon,transactional,local-listing,ville-principale,couvreur,ouvert-24h,92,medium,/lyon/couvreur,a-creer,2,T1-quick-win,oui,Modificateur urgence/dispo - vol direct intent
chauffagiste nuit lyon,transactional,local-listing,ville-principale,chauffagiste,ouvert-24h,92,medium,/lyon/chauffagiste,a-creer,2,T1-quick-win,oui,Modificateur urgence/dispo - vol direct intent
electricien cran gevrier 74960,transactional,local-listing,commune-banlieue,electricien,aucun,91,medium,/annecy/cran-gevrier/electricien,a-creer,2,T3-longue-traine,non,Variante avec code postal - signal local hyper-precis
macon poisy,transactional,local-listing,commune-banlieue,macon,aucun,91,low,/annecy/poisy/macon,a-creer,2,T1-quick-win,oui,"Banlieue moyenne (8,000hab) - quick win local pur"
couvreur poisy,transactional,local-listing,commune-banlieue,couvreur,aucun,91,low,/annecy/poisy/couvreur,a-creer,2,T1-quick-win,oui,"Banlieue moyenne (8,000hab) - quick win local pur"
plombier devis gratuit annecy,transactional,local-listing,ville-principale,plombier,devis,91,medium,/annecy/plombier,a-creer,2,T2-volume-eleve,oui,Modificateur commercial - intent compare/decide
electricien devis gratuit annecy,transactional,local-listing,ville-principale,electricien,devis,91,medium,/annecy/electricien,a-creer,2,T2-volume-eleve,oui,Modificateur commercial - intent compare/decide
peintre devis gratuit annecy,transactional,local-listing,ville-principale,peintre,devis,91,medium,/annecy/peintre,a-creer,2,T2-volume-eleve,oui,Modificateur commercial - intent compare/decide
macon devis gratuit annecy,transactional,local-listing,ville-principale,macon,devis,91,medium,/annecy/macon,a-creer,2,T2-volume-eleve,oui,Modificateur commercial - intent compare/decide
carreleur devis gratuit annecy,transactional,local-listing,ville-principale,carreleur,devis,91,medium,/annecy/carreleur,a-creer,2,T2-volume-eleve,oui,Modificateur commercial - intent compare/decide
menuisier devis gratuit annecy,transactional,local-listing,ville-principale,menuisier,devis,91,medium,/annecy/menuisier,a-creer,2,T2-volume-eleve,oui,Modificateur commercial - intent compare/decide
couvreur devis gratuit annecy,transactional,local-listing,ville-principale,couvreur,devis,91,medium,/annecy/couvreur,a-creer,2,T2-volume-eleve,oui,Modificateur commercial - intent compare/decide
chauffagiste devis gratuit annecy,transactional,local-listing,ville-principale,chauffagiste,devis,91,medium,/annecy/chauffagiste,a-creer,2,T2-volume-eleve,oui,Modificateur commercial - intent compare/decide
plombier chambery avis,commercial,local-listing,ville-principale,plombier,avis,90,medium,/chambery/plombier,existante,2,T2-volume-eleve,oui,Modificateur avis - fort intent commercial
electricien annecy avis,commercial,local-listing,ville-principale,electricien,avis,90,medium,/annecy/electricien,existante,2,T2-volume-eleve,oui,Modificateur avis - fort intent commercial
meilleur plombier grenoble,commercial,local-listing,ville-principale,plombier,meilleur,90,medium,/grenoble/plombier,existante,2,T2-volume-eleve,oui,Modificateur meilleur/top - capte intent reassurance
peintre lyon avis,commercial,local-listing,ville-principale,peintre,avis,90,medium,/lyon/peintre,existante,2,T2-volume-eleve,oui,Modificateur avis - fort intent commercial
menuisier lyon avis,commercial,local-listing,ville-principale,menuisier,avis,90,medium,/lyon/menuisier,existante,2,T2-volume-eleve,oui,Modificateur avis - fort intent commercial
plombier valence avis,commercial,local-listing,ville-principale,plombier,avis,90,medium,/valence/plombier,existante,2,T2-volume-eleve,oui,Modificateur avis - fort intent commercial
macon epagny metz tessy,transactional,local-listing,commune-banlieue,macon,aucun,90,low,/annecy/epagny-metz-tessy/macon,a-creer,2,T1-quick-win,oui,"Banlieue moyenne (7,700hab) - quick win local pur"
couvreur epagny metz tessy,transactional,local-listing,commune-banlieue,couvreur,aucun,90,low,/annecy/epagny-metz-tessy/couvreur,a-creer,2,T1-quick-win,oui,"Banlieue moyenne (7,700hab) - quick win local pur"
electricien meylan 38240,transactional,local-listing,commune-banlieue,electricien,aucun,90,medium,/grenoble/meylan/electricien,a-creer,2,T3-longue-traine,non,Variante avec code postal - signal local hyper-precis
peintre lyon 4e 69004,transactional,local-listing,arrondissement-lyon,peintre,aucun,90,medium,/lyon/lyon-4e/peintre,a-creer,2,T3-longue-traine,non,Variante avec code postal - signal local hyper-precis
menuisier lyon 4e 69004,transactional,local-listing,arrondissement-lyon,menuisier,aucun,90,medium,/lyon/lyon-4e/menuisier,a-creer,2,T3-longue-traine,non,Variante avec code postal - signal local hyper-precis
carreleur villeurbanne 69100,transactional,local-listing,commune-banlieue,carreleur,aucun,90,medium,/lyon/villeurbanne/carreleur,a-creer,2,T3-longue-traine,non,Variante avec code postal - signal local hyper-precis
chauffagiste villeurbanne 69100,transactional,local-listing,commune-banlieue,chauffagiste,aucun,90,medium,/lyon/villeurbanne/chauffagiste,a-creer,2,T3-longue-traine,non,Variante avec code postal - signal local hyper-precis
macon saint peray,transactional,local-listing,commune-banlieue,macon,aucun,90,low,/valence/saint-peray/macon,a-creer,2,T1-quick-win,oui,"Banlieue moyenne (7,800hab) - quick win local pur"
couvreur saint peray,transactional,local-listing,commune-banlieue,couvreur,aucun,90,low,/valence/saint-peray/couvreur,a-creer,2,T1-quick-win,oui,"Banlieue moyenne (7,800hab) - quick win local pur"
comment artisan fiable,informational,guide-howto,national,multi,aucun,90,medium,/guides/artisan-fiable,a-creer,2,T4-questions-guides,oui,Variante 'comment' - PAA-friendly
comment negocier devis travaux,informational,guide-howto,national,multi,aucun,90,medium,/guides/negocier-devis,a-creer,2,T4-questions-guides,oui,Variante 'comment' - PAA-friendly
comment plombier urgence arnaque,transactional,guide-howto,national,multi,aucun,90,medium,/guides/plombier-urgence-arnaque,a-creer,2,T4-questions-guides,oui,Variante 'comment' - PAA-friendly
comment eco ptz 2026,informational,guide-howto,national,multi,aucun,90,medium,/guides/eco-ptz-comment-obtenir,a-creer,2,T4-questions-guides,oui,Variante 'comment' - PAA-friendly
comment porter plainte artisan,informational,guide-howto,national,multi,aucun,90,medium,/guides/porter-plainte-artisan,a-creer,2,T4-questions-guides,oui,Variante 'comment' - PAA-friendly
comment annuler devis travaux,informational,guide-howto,national,multi,aucun,90,medium,/guides/annuler-devis-travaux,a-creer,2,T4-questions-guides,oui,Variante 'comment' - PAA-friendly
comment travaux supplementaires devis,informational,guide-howto,national,multi,aucun,90,medium,/guides/travaux-supplementaires-devis,a-creer,2,T4-questions-guides,oui,Variante 'comment' - PAA-friendly
comment ouvrir mur porteur autorisation,informational,guide-howto,national,multi,aucun,90,medium,/guides/ouvrir-mur-porteur,a-creer,2,T4-questions-guides,oui,Variante 'comment' - PAA-friendly
comment fissure mur maison,informational,guide-howto,national,multi,aucun,90,medium,/guides/fissures-murs-grave,a-creer,2,T4-questions-guides,oui,Variante 'comment' - PAA-friendly
comment prix isolation combles 100m2,informational,guide-howto,national,multi,aucun,90,medium,/guides/isolation-combles-100m2,a-creer,2,T4-questions-guides,oui,Variante 'comment' - PAA-friendly
renovation salle de bain chambery,transactional,local-listing,ville-principale,multi,aucun,89,medium,/travaux/renovation-salle-de-bain/chambery,a-creer,2,T2-volume-eleve,oui,Travaux + ville - intent project achat
pompe a chaleur chambery,transactional,local-listing,ville-principale,multi,aucun,89,medium,/travaux/pompe-a-chaleur/chambery,a-creer,2,T2-volume-eleve,oui,Travaux + ville - intent project achat
electricien saint egreve 38120,transactional,local-listing,commune-banlieue,electricien,aucun,88,medium,/grenoble/saint-egreve/electricien,a-creer,2,T3-longue-traine,non,Variante avec code postal - signal local hyper-precis
plombier proche,transactional,local-listing,ville-principale,plombier,proche,88,high,/grenoble/plombier,a-creer,2,T2-volume-eleve,non,Geolocalise - 'autour de moi' fort vol nationaux
electricien proche,transactional,local-listing,ville-principale,electricien,proche,88,high,/grenoble/electricien,a-creer,2,T2-volume-eleve,non,Geolocalise - 'autour de moi' fort vol nationaux
peintre proche,transactional,local-listing,ville-principale,peintre,proche,88,high,/grenoble/peintre,a-creer,2,T2-volume-eleve,non,Geolocalise - 'autour de moi' fort vol nationaux
macon proche,transactional,local-listing,ville-principale,macon,proche,88,high,/grenoble/macon,a-creer,2,T2-volume-eleve,non,Geolocalise - 'autour de moi' fort vol nationaux
carreleur proche,transactional,local-listing,ville-principale,carreleur,proche,88,high,/grenoble/carreleur,a-creer,2,T2-volume-eleve,non,Geolocalise - 'autour de moi' fort vol nationaux
menuisier proche,transactional,local-listing,ville-principale,menuisier,proche,88,high,/grenoble/menuisier,a-creer,2,T2-volume-eleve,non,Geolocalise - 'autour de moi' fort vol nationaux
couvreur proche,transactional,local-listing,ville-principale,couvreur,proche,88,high,/grenoble/couvreur,a-creer,2,T2-volume-eleve,non,Geolocalise - 'autour de moi' fort vol nationaux
chauffagiste proche,transactional,local-listing,ville-principale,chauffagiste,proche,88,high,/grenoble/chauffagiste,a-creer,2,T2-volume-eleve,non,Geolocalise - 'autour de moi' fort vol nationaux
macon seyssins,transactional,local-listing,commune-banlieue,macon,aucun,87,low,/grenoble/seyssins/macon,a-creer,2,T1-quick-win,oui,"Banlieue moyenne (7,200hab) - quick win local pur"
couvreur seyssins,transactional,local-listing,commune-banlieue,couvreur,aucun,87,low,/grenoble/seyssins/couvreur,a-creer,2,T1-quick-win,oui,"Banlieue moyenne (7,200hab) - quick win local pur"
macon saint didier au mont d or,transactional,local-listing,commune-banlieue,macon,aucun,87,low,/lyon/saint-didier-au-mont-d-or/macon,a-creer,2,T1-quick-win,oui,"Banlieue moyenne (7,200hab) - quick win local pur"
couvreur saint didier au mont d or,transactional,local-listing,commune-banlieue,couvreur,aucun,87,low,/lyon/saint-didier-au-mont-d-or/couvreur,a-creer,2,T1-quick-win,oui,"Banlieue moyenne (7,200hab) - quick win local pur"
macon fontaines sur saone,transactional,local-listing,commune-banlieue,macon,aucun,87,low,/lyon/fontaines-sur-saone/macon,a-creer,2,T1-quick-win,oui,"Banlieue moyenne (7,100hab) - quick win local pur"
couvreur fontaines sur saone,transactional,local-listing,commune-banlieue,couvreur,aucun,87,low,/lyon/fontaines-sur-saone/couvreur,a-creer,2,T1-quick-win,oui,"Banlieue moyenne (7,100hab) - quick win local pur"
macon chabeuil,transactional,local-listing,commune-banlieue,macon,aucun,87,low,/valence/chabeuil/macon,a-creer,2,T1-quick-win,oui,"Banlieue moyenne (7,100hab) - quick win local pur"
couvreur chabeuil,transactional,local-listing,commune-banlieue,couvreur,aucun,87,low,/valence/chabeuil/couvreur,a-creer,2,T1-quick-win,oui,"Banlieue moyenne (7,100hab) - quick win local pur"
macon la tronche,transactional,local-listing,commune-banlieue,macon,aucun,86,low,/grenoble/la-tronche/macon,a-creer,2,T1-quick-win,oui,"Banlieue moyenne (7,000hab) - quick win local pur"
couvreur la tronche,transactional,local-listing,commune-banlieue,couvreur,aucun,86,low,/grenoble/la-tronche/couvreur,a-creer,2,T1-quick-win,oui,"Banlieue moyenne (7,000hab) - quick win local pur"
carreleur lyon 6e 69006,transactional,local-listing,arrondissement-lyon,carreleur,aucun,86,medium,/lyon/lyon-6e/carreleur,a-creer,2,T3-longue-traine,non,Variante avec code postal - signal local hyper-precis
chauffagiste lyon 6e 69006,transactional,local-listing,arrondissement-lyon,chauffagiste,aucun,86,medium,/lyon/lyon-6e/chauffagiste,a-creer,2,T3-longue-traine,non,Variante avec code postal - signal local hyper-precis
carreleur lyon 9e 69009,transactional,local-listing,arrondissement-lyon,carreleur,aucun,86,medium,/lyon/lyon-9e/carreleur,a-creer,2,T3-longue-traine,non,Variante avec code postal - signal local hyper-precis
chauffagiste lyon 9e 69009,transactional,local-listing,arrondissement-lyon,chauffagiste,aucun,86,medium,/lyon/lyon-9e/chauffagiste,a-creer,2,T3-longue-traine,non,Variante avec code postal - signal local hyper-precis
macon la roche sur foron,transactional,local-listing,commune-agglo,macon,aucun,85,low,/annecy/la-roche-sur-foron/macon,a-creer,2,T2-volume-eleve,oui,"Agglo grosse (11,700hab) - peu de concurrence locale"
couvreur la roche sur foron,transactional,local-listing,commune-agglo,couvreur,aucun,85,low,/annecy/la-roche-sur-foron/couvreur,a-creer,2,T2-volume-eleve,oui,"Agglo grosse (11,700hab) - peu de concurrence locale"
macon gieres,transactional,local-listing,commune-banlieue,macon,aucun,85,low,/grenoble/gieres/macon,a-creer,2,T1-quick-win,oui,"Banlieue moyenne (6,700hab) - quick win local pur"
couvreur gieres,transactional,local-listing,commune-banlieue,couvreur,aucun,85,low,/grenoble/gieres/couvreur,a-creer,2,T1-quick-win,oui,"Banlieue moyenne (6,700hab) - quick win local pur"
peintre lyon 2e 69002,transactional,local-listing,arrondissement-lyon,peintre,aucun,85,medium,/lyon/lyon-2e/peintre,a-creer,2,T3-longue-traine,non,Variante avec code postal - signal local hyper-precis
menuisier lyon 2e 69002,transactional,local-listing,arrondissement-lyon,menuisier,aucun,85,medium,/lyon/lyon-2e/menuisier,a-creer,2,T3-longue-traine,non,Variante avec code postal - signal local hyper-precis
macon lyon 7e 69007,transactional,local-listing,arrondissement-lyon,macon,aucun,85,medium,/lyon/lyon-7e/macon,a-creer,2,T3-longue-traine,non,Variante avec code postal - signal local hyper-precis
couvreur lyon 7e 69007,transactional,local-listing,arrondissement-lyon,couvreur,aucun,85,medium,/lyon/lyon-7e/couvreur,a-creer,2,T3-longue-traine,non,Variante avec code postal - signal local hyper-precis
macon lyon 8e 69008,transactional,local-listing,arrondissement-lyon,macon,aucun,85,medium,/lyon/lyon-8e/macon,a-creer,2,T3-longue-traine,non,Variante avec code postal - signal local hyper-precis
couvreur lyon 8e 69008,transactional,local-listing,arrondissement-lyon,couvreur,aucun,85,medium,/lyon/lyon-8e/couvreur,a-creer,2,T3-longue-traine,non,Variante avec code postal - signal local hyper-precis
plombier pres de moi,transactional,local-listing,ville-principale,plombier,proche,85,high,/valence/plombier,a-creer,2,T2-volume-eleve,non,Geolocalise - 'autour de moi' fort vol nationaux
electricien pres de moi,transactional,local-listing,ville-principale,electricien,proche,85,high,/valence/electricien,a-creer,2,T2-volume-eleve,non,Geolocalise - 'autour de moi' fort vol nationaux
peintre pres de moi,transactional,local-listing,ville-principale,peintre,proche,85,high,/valence/peintre,a-creer,2,T2-volume-eleve,non,Geolocalise - 'autour de moi' fort vol nationaux
macon pres de moi,transactional,local-listing,ville-principale,macon,proche,85,high,/valence/macon,a-creer,2,T2-volume-eleve,non,Geolocalise - 'autour de moi' fort vol nationaux
carreleur pres de moi,transactional,local-listing,ville-principale,carreleur,proche,85,high,/valence/carreleur,a-creer,2,T2-volume-eleve,non,Geolocalise - 'autour de moi' fort vol nationaux
menuisier pres de moi,transactional,local-listing,ville-principale,menuisier,proche,85,high,/valence/menuisier,a-creer,2,T2-volume-eleve,non,Geolocalise - 'autour de moi' fort vol nationaux
couvreur pres de moi,transactional,local-listing,ville-principale,couvreur,proche,85,high,/valence/couvreur,a-creer,2,T2-volume-eleve,non,Geolocalise - 'autour de moi' fort vol nationaux
chauffagiste pres de moi,transactional,local-listing,ville-principale,chauffagiste,proche,85,high,/valence/chauffagiste,a-creer,2,T2-volume-eleve,non,Geolocalise - 'autour de moi' fort vol nationaux
carreleur lyon 5e 69005,transactional,local-listing,arrondissement-lyon,carreleur,aucun,83,medium,/lyon/lyon-5e/carreleur,a-creer,2,T3-longue-traine,non,Variante avec code postal - signal local hyper-precis
chauffagiste lyon 5e 69005,transactional,local-listing,arrondissement-lyon,chauffagiste,aucun,83,medium,/lyon/lyon-5e/chauffagiste,a-creer,2,T3-longue-traine,non,Variante avec code postal - signal local hyper-precis
macon tournon sur rhone,transactional,local-listing,commune-agglo,macon,aucun,83,low,/valence/tournon-sur-rhone/macon,a-creer,2,T2-volume-eleve,oui,"Agglo grosse (11,100hab) - peu de concurrence locale"
couvreur tournon sur rhone,transactional,local-listing,commune-agglo,couvreur,aucun,83,low,/valence/tournon-sur-rhone/couvreur,a-creer,2,T2-volume-eleve,oui,"Agglo grosse (11,100hab) - peu de concurrence locale"
macon cognin,transactional,local-listing,commune-banlieue,macon,aucun,82,low,/chambery/cognin/macon,a-creer,2,T1-quick-win,oui,"Banlieue moyenne (6,200hab) - quick win local pur"
couvreur cognin,transactional,local-listing,commune-banlieue,couvreur,aucun,82,low,/chambery/cognin/couvreur,a-creer,2,T1-quick-win,oui,"Banlieue moyenne (6,200hab) - quick win local pur"
macon saint jorioz,transactional,local-listing,commune-banlieue,macon,aucun,82,low,/annecy/saint-jorioz/macon,a-creer,2,T1-quick-win,oui,"Banlieue moyenne (6,100hab) - quick win local pur"
couvreur saint jorioz,transactional,local-listing,commune-banlieue,couvreur,aucun,82,low,/annecy/saint-jorioz/couvreur,a-creer,2,T1-quick-win,oui,"Banlieue moyenne (6,100hab) - quick win local pur"
peintre lyon 1er 69001,transactional,local-listing,arrondissement-lyon,peintre,aucun,82,medium,/lyon/lyon-1er/peintre,a-creer,2,T3-longue-traine,non,Variante avec code postal - signal local hyper-precis
menuisier lyon 1er 69001,transactional,local-listing,arrondissement-lyon,menuisier,aucun,82,medium,/lyon/lyon-1er/menuisier,a-creer,2,T3-longue-traine,non,Variante avec code postal - signal local hyper-precis
macon lentilly,transactional,local-listing,commune-banlieue,macon,aucun,82,low,/lyon/lentilly/macon,a-creer,2,T1-quick-win,oui,"Banlieue moyenne (6,100hab) - quick win local pur"
couvreur lentilly,transactional,local-listing,commune-banlieue,couvreur,aucun,82,low,/lyon/lentilly/couvreur,a-creer,2,T1-quick-win,oui,"Banlieue moyenne (6,100hab) - quick win local pur"
macon l arbresle,transactional,local-listing,commune-banlieue,macon,aucun,82,low,/lyon/l-arbresle/macon,a-creer,2,T1-quick-win,oui,"Banlieue moyenne (6,100hab) - quick win local pur"
couvreur l arbresle,transactional,local-listing,commune-banlieue,couvreur,aucun,82,low,/lyon/l-arbresle/couvreur,a-creer,2,T1-quick-win,oui,"Banlieue moyenne (6,100hab) - quick win local pur"
plombier pres de moi,transactional,local-listing,ville-principale,plombier,proche,82,high,/chambery/plombier,a-creer,2,T2-volume-eleve,non,Geolocalise - 'autour de moi' fort vol nationaux
electricien pres de moi,transactional,local-listing,ville-principale,electricien,proche,82,high,/chambery/electricien,a-creer,2,T2-volume-eleve,non,Geolocalise - 'autour de moi' fort vol nationaux
peintre pres de moi,transactional,local-listing,ville-principale,peintre,proche,82,high,/chambery/peintre,a-creer,2,T2-volume-eleve,non,Geolocalise - 'autour de moi' fort vol nationaux
macon pres de moi,transactional,local-listing,ville-principale,macon,proche,82,high,/chambery/macon,a-creer,2,T2-volume-eleve,non,Geolocalise - 'autour de moi' fort vol nationaux
carreleur pres de moi,transactional,local-listing,ville-principale,carreleur,proche,82,high,/chambery/carreleur,a-creer,2,T2-volume-eleve,non,Geolocalise - 'autour de moi' fort vol nationaux
menuisier pres de moi,transactional,local-listing,ville-principale,menuisier,proche,82,high,/chambery/menuisier,a-creer,2,T2-volume-eleve,non,Geolocalise - 'autour de moi' fort vol nationaux
couvreur pres de moi,transactional,local-listing,ville-principale,couvreur,proche,82,high,/chambery/couvreur,a-creer,2,T2-volume-eleve,non,Geolocalise - 'autour de moi' fort vol nationaux
chauffagiste pres de moi,transactional,local-listing,ville-principale,chauffagiste,proche,82,high,/chambery/chauffagiste,a-creer,2,T2-volume-eleve,non,Geolocalise - 'autour de moi' fort vol nationaux
trouver artisan chambery,transactional,ville-hub,ville-principale,multi,aucun,80,medium,/chambery,existante,2,T2-volume-eleve,oui,"Intent transactionnel pur, requete naturelle"
trouver artisan annecy,transactional,ville-hub,ville-principale,multi,aucun,80,medium,/annecy,existante,2,T2-volume-eleve,oui,"Intent transactionnel pur, requete naturelle"
trouver artisan grenoble,transactional,ville-hub,ville-principale,multi,aucun,80,medium,/grenoble,existante,2,T2-volume-eleve,oui,"Intent transactionnel pur, requete naturelle"
trouver artisan lyon,transactional,ville-hub,ville-principale,multi,aucun,80,medium,/lyon,existante,2,T2-volume-eleve,oui,"Intent transactionnel pur, requete naturelle"
trouver artisan valence,transactional,ville-hub,ville-principale,multi,aucun,80,medium,/valence,existante,2,T2-volume-eleve,oui,"Intent transactionnel pur, requete naturelle"
artisan plombier chambery,transactional,local-listing,ville-principale,plombier,aucun,80,medium,/chambery/plombier,existante,2,T2-volume-eleve,oui,Variante 'artisan' prefix
artisan electricien chambery,transactional,local-listing,ville-principale,electricien,aucun,80,medium,/chambery/electricien,existante,2,T2-volume-eleve,oui,Variante 'artisan' prefix
artisan peintre chambery,transactional,local-listing,ville-principale,peintre,aucun,80,medium,/chambery/peintre,existante,2,T2-volume-eleve,oui,Variante 'artisan' prefix
artisan macon chambery,transactional,local-listing,ville-principale,macon,aucun,80,medium,/chambery/macon,existante,2,T2-volume-eleve,oui,Variante 'artisan' prefix
artisan carreleur chambery,transactional,local-listing,ville-principale,carreleur,aucun,80,medium,/chambery/carreleur,existante,2,T2-volume-eleve,oui,Variante 'artisan' prefix
artisan menuisier chambery,transactional,local-listing,ville-principale,menuisier,aucun,80,medium,/chambery/menuisier,existante,2,T2-volume-eleve,oui,Variante 'artisan' prefix
artisan couvreur chambery,transactional,local-listing,ville-principale,couvreur,aucun,80,medium,/chambery/couvreur,existante,2,T2-volume-eleve,oui,Variante 'artisan' prefix
artisan chauffagiste chambery,transactional,local-listing,ville-principale,chauffagiste,aucun,80,medium,/chambery/chauffagiste,existante,2,T2-volume-eleve,oui,Variante 'artisan' prefix
artisan plombier annecy,transactional,local-listing,ville-principale,plombier,aucun,80,medium,/annecy/plombier,existante,2,T2-volume-eleve,oui,Variante 'artisan' prefix
artisan electricien annecy,transactional,local-listing,ville-principale,electricien,aucun,80,medium,/annecy/electricien,existante,2,T2-volume-eleve,oui,Variante 'artisan' prefix
artisan peintre annecy,transactional,local-listing,ville-principale,peintre,aucun,80,medium,/annecy/peintre,existante,2,T2-volume-eleve,oui,Variante 'artisan' prefix
artisan macon annecy,transactional,local-listing,ville-principale,macon,aucun,80,medium,/annecy/macon,existante,2,T2-volume-eleve,oui,Variante 'artisan' prefix
artisan carreleur annecy,transactional,local-listing,ville-principale,carreleur,aucun,80,medium,/annecy/carreleur,existante,2,T2-volume-eleve,oui,Variante 'artisan' prefix
artisan menuisier annecy,transactional,local-listing,ville-principale,menuisier,aucun,80,medium,/annecy/menuisier,existante,2,T2-volume-eleve,oui,Variante 'artisan' prefix
artisan couvreur annecy,transactional,local-listing,ville-principale,couvreur,aucun,80,medium,/annecy/couvreur,existante,2,T2-volume-eleve,oui,Variante 'artisan' prefix
artisan chauffagiste annecy,transactional,local-listing,ville-principale,chauffagiste,aucun,80,medium,/annecy/chauffagiste,existante,2,T2-volume-eleve,oui,Variante 'artisan' prefix
artisan plombier grenoble,transactional,local-listing,ville-principale,plombier,aucun,80,medium,/grenoble/plombier,existante,2,T2-volume-eleve,oui,Variante 'artisan' prefix
artisan electricien grenoble,transactional,local-listing,ville-principale,electricien,aucun,80,medium,/grenoble/electricien,existante,2,T2-volume-eleve,oui,Variante 'artisan' prefix
artisan peintre grenoble,transactional,local-listing,ville-principale,peintre,aucun,80,medium,/grenoble/peintre,existante,2,T2-volume-eleve,oui,Variante 'artisan' prefix
artisan macon grenoble,transactional,local-listing,ville-principale,macon,aucun,80,medium,/grenoble/macon,existante,2,T2-volume-eleve,oui,Variante 'artisan' prefix
artisan carreleur grenoble,transactional,local-listing,ville-principale,carreleur,aucun,80,medium,/grenoble/carreleur,existante,2,T2-volume-eleve,oui,Variante 'artisan' prefix
artisan menuisier grenoble,transactional,local-listing,ville-principale,menuisier,aucun,80,medium,/grenoble/menuisier,existante,2,T2-volume-eleve,oui,Variante 'artisan' prefix
artisan couvreur grenoble,transactional,local-listing,ville-principale,couvreur,aucun,80,medium,/grenoble/couvreur,existante,2,T2-volume-eleve,oui,Variante 'artisan' prefix
artisan chauffagiste grenoble,transactional,local-listing,ville-principale,chauffagiste,aucun,80,medium,/grenoble/chauffagiste,existante,2,T2-volume-eleve,oui,Variante 'artisan' prefix
artisan plombier valence,transactional,local-listing,ville-principale,plombier,aucun,80,medium,/valence/plombier,existante,2,T2-volume-eleve,oui,Variante 'artisan' prefix
artisan electricien valence,transactional,local-listing,ville-principale,electricien,aucun,80,medium,/valence/electricien,existante,2,T2-volume-eleve,oui,Variante 'artisan' prefix
artisan peintre valence,transactional,local-listing,ville-principale,peintre,aucun,80,medium,/valence/peintre,existante,2,T2-volume-eleve,oui,Variante 'artisan' prefix
artisan macon valence,transactional,local-listing,ville-principale,macon,aucun,80,medium,/valence/macon,existante,2,T2-volume-eleve,oui,Variante 'artisan' prefix
artisan carreleur valence,transactional,local-listing,ville-principale,carreleur,aucun,80,medium,/valence/carreleur,existante,2,T2-volume-eleve,oui,Variante 'artisan' prefix
artisan menuisier valence,transactional,local-listing,ville-principale,menuisier,aucun,80,medium,/valence/menuisier,existante,2,T2-volume-eleve,oui,Variante 'artisan' prefix
artisan couvreur valence,transactional,local-listing,ville-principale,couvreur,aucun,80,medium,/valence/couvreur,existante,2,T2-volume-eleve,oui,Variante 'artisan' prefix
artisan chauffagiste valence,transactional,local-listing,ville-principale,chauffagiste,aucun,80,medium,/valence/chauffagiste,existante,2,T2-volume-eleve,oui,Variante 'artisan' prefix
urgence travaux,transactional,urgence,national,multi,urgence,80,medium,/urgence,existante,2,T1-quick-win,oui,Page urgence existante - intent fort
macon saint alban leysse,transactional,local-listing,commune-banlieue,macon,aucun,80,low,/chambery/saint-alban-leysse/macon,a-creer,2,T1-quick-win,oui,"Banlieue moyenne (5,800hab) - quick win local pur"
couvreur saint alban leysse,transactional,local-listing,commune-banlieue,couvreur,aucun,80,low,/chambery/saint-alban-leysse/couvreur,a-creer,2,T1-quick-win,oui,"Banlieue moyenne (5,800hab) - quick win local pur"
macon saint martin le vinoux,transactional,local-listing,commune-banlieue,macon,aucun,80,low,/grenoble/saint-martin-le-vinoux/macon,a-creer,2,T1-quick-win,oui,"Banlieue moyenne (5,800hab) - quick win local pur"
couvreur saint martin le vinoux,transactional,local-listing,commune-banlieue,couvreur,aucun,80,low,/grenoble/saint-martin-le-vinoux/couvreur,a-creer,2,T1-quick-win,oui,"Banlieue moyenne (5,800hab) - quick win local pur"
macon saint cyr au mont d or,transactional,local-listing,commune-banlieue,macon,aucun,80,low,/lyon/saint-cyr-au-mont-d-or/macon,a-creer,2,T1-quick-win,oui,"Banlieue moyenne (5,800hab) - quick win local pur"
couvreur saint cyr au mont d or,transactional,local-listing,commune-banlieue,couvreur,aucun,80,low,/lyon/saint-cyr-au-mont-d-or/couvreur,a-creer,2,T1-quick-win,oui,"Banlieue moyenne (5,800hab) - quick win local pur"
macon saint marcel les valence,transactional,local-listing,commune-banlieue,macon,aucun,80,low,/valence/saint-marcel-les-valence/macon,a-creer,2,T1-quick-win,oui,"Banlieue moyenne (5,800hab) - quick win local pur"
couvreur saint marcel les valence,transactional,local-listing,commune-banlieue,couvreur,aucun,80,low,/valence/saint-marcel-les-valence/couvreur,a-creer,2,T1-quick-win,oui,"Banlieue moyenne (5,800hab) - quick win local pur"
plombier proche,transactional,local-listing,ville-principale,plombier,proche,80,high,/annecy/plombier,a-creer,2,T2-volume-eleve,non,Geolocalise - 'autour de moi' fort vol nationaux
electricien proche,transactional,local-listing,ville-principale,electricien,proche,80,high,/annecy/electricien,a-creer,2,T2-volume-eleve,non,Geolocalise - 'autour de moi' fort vol nationaux
peintre proche,transactional,local-listing,ville-principale,peintre,proche,80,high,/annecy/peintre,a-creer,2,T2-volume-eleve,non,Geolocalise - 'autour de moi' fort vol nationaux
macon proche,transactional,local-listing,ville-principale,macon,proche,80,high,/annecy/macon,a-creer,2,T2-volume-eleve,non,Geolocalise - 'autour de moi' fort vol nationaux
carreleur proche,transactional,local-listing,ville-principale,carreleur,proche,80,high,/annecy/carreleur,a-creer,2,T2-volume-eleve,non,Geolocalise - 'autour de moi' fort vol nationaux
menuisier proche,transactional,local-listing,ville-principale,menuisier,proche,80,high,/annecy/menuisier,a-creer,2,T2-volume-eleve,non,Geolocalise - 'autour de moi' fort vol nationaux
couvreur proche,transactional,local-listing,ville-principale,couvreur,proche,80,high,/annecy/couvreur,a-creer,2,T2-volume-eleve,non,Geolocalise - 'autour de moi' fort vol nationaux
chauffagiste proche,transactional,local-listing,ville-principale,chauffagiste,proche,80,high,/annecy/chauffagiste,a-creer,2,T2-volume-eleve,non,Geolocalise - 'autour de moi' fort vol nationaux
plombier 24h valence,transactional,local-listing,ville-principale,plombier,ouvert-24h,80,medium,/valence/plombier,a-creer,2,T1-quick-win,oui,Modificateur urgence/dispo - vol direct intent
plombier prix valence,informational,prix-tarif,ville-principale,plombier,prix,80,medium,/valence/plombier,a-creer,2,T2-volume-eleve,oui,Modificateur commercial - intent compare/decide
plombier pas cher valence,commercial,local-listing,ville-principale,plombier,pas-cher,80,medium,/valence/plombier,a-creer,2,T2-volume-eleve,oui,Modificateur commercial - intent compare/decide
electricien 24h valence,transactional,local-listing,ville-principale,electricien,ouvert-24h,80,medium,/valence/electricien,a-creer,2,T1-quick-win,oui,Modificateur urgence/dispo - vol direct intent
electricien prix valence,informational,prix-tarif,ville-principale,electricien,prix,80,medium,/valence/electricien,a-creer,2,T2-volume-eleve,oui,Modificateur commercial - intent compare/decide
electricien pas cher valence,commercial,local-listing,ville-principale,electricien,pas-cher,80,medium,/valence/electricien,a-creer,2,T2-volume-eleve,oui,Modificateur commercial - intent compare/decide
peintre 24h valence,transactional,local-listing,ville-principale,peintre,ouvert-24h,80,medium,/valence/peintre,a-creer,2,T1-quick-win,oui,Modificateur urgence/dispo - vol direct intent
peintre prix valence,informational,prix-tarif,ville-principale,peintre,prix,80,medium,/valence/peintre,a-creer,2,T2-volume-eleve,oui,Modificateur commercial - intent compare/decide
peintre pas cher valence,commercial,local-listing,ville-principale,peintre,pas-cher,80,medium,/valence/peintre,a-creer,2,T2-volume-eleve,oui,Modificateur commercial - intent compare/decide
macon 24h valence,transactional,local-listing,ville-principale,macon,ouvert-24h,80,medium,/valence/macon,a-creer,2,T1-quick-win,oui,Modificateur urgence/dispo - vol direct intent
macon prix valence,informational,prix-tarif,ville-principale,macon,prix,80,medium,/valence/macon,a-creer,2,T2-volume-eleve,oui,Modificateur commercial - intent compare/decide
macon pas cher valence,commercial,local-listing,ville-principale,macon,pas-cher,80,medium,/valence/macon,a-creer,2,T2-volume-eleve,oui,Modificateur commercial - intent compare/decide
carreleur 24h valence,transactional,local-listing,ville-principale,carreleur,ouvert-24h,80,medium,/valence/carreleur,a-creer,2,T1-quick-win,oui,Modificateur urgence/dispo - vol direct intent
carreleur prix valence,informational,prix-tarif,ville-principale,carreleur,prix,80,medium,/valence/carreleur,a-creer,2,T2-volume-eleve,oui,Modificateur commercial - intent compare/decide
carreleur pas cher valence,commercial,local-listing,ville-principale,carreleur,pas-cher,80,medium,/valence/carreleur,a-creer,2,T2-volume-eleve,oui,Modificateur commercial - intent compare/decide
menuisier 24h valence,transactional,local-listing,ville-principale,menuisier,ouvert-24h,80,medium,/valence/menuisier,a-creer,2,T1-quick-win,oui,Modificateur urgence/dispo - vol direct intent
menuisier prix valence,informational,prix-tarif,ville-principale,menuisier,prix,80,medium,/valence/menuisier,a-creer,2,T2-volume-eleve,oui,Modificateur commercial - intent compare/decide
menuisier pas cher valence,commercial,local-listing,ville-principale,menuisier,pas-cher,80,medium,/valence/menuisier,a-creer,2,T2-volume-eleve,oui,Modificateur commercial - intent compare/decide
couvreur 24h valence,transactional,local-listing,ville-principale,couvreur,ouvert-24h,80,medium,/valence/couvreur,a-creer,2,T1-quick-win,oui,Modificateur urgence/dispo - vol direct intent
couvreur prix valence,informational,prix-tarif,ville-principale,couvreur,prix,80,medium,/valence/couvreur,a-creer,2,T2-volume-eleve,oui,Modificateur commercial - intent compare/decide
couvreur pas cher valence,commercial,local-listing,ville-principale,couvreur,pas-cher,80,medium,/valence/couvreur,a-creer,2,T2-volume-eleve,oui,Modificateur commercial - intent compare/decide
chauffagiste 24h valence,transactional,local-listing,ville-principale,chauffagiste,ouvert-24h,80,medium,/valence/chauffagiste,a-creer,2,T1-quick-win,oui,Modificateur urgence/dispo - vol direct intent
chauffagiste prix valence,informational,prix-tarif,ville-principale,chauffagiste,prix,80,medium,/valence/chauffagiste,a-creer,2,T2-volume-eleve,oui,Modificateur commercial - intent compare/decide
chauffagiste pas cher valence,commercial,local-listing,ville-principale,chauffagiste,pas-cher,80,medium,/valence/chauffagiste,a-creer,2,T2-volume-eleve,oui,Modificateur commercial - intent compare/decide
prix recherche fuite toiture,informational,prix-tarif,national,couvreur,prix,80,low,/prix/couvreur/fuite-toiture,a-creer,2,T3-longue-traine,oui,Sous-page prix par type de travaux - intent achat fort
comparer 3 devis travaux,informational,guide-howto,national,multi,aucun,80,medium,/guides/comparer-devis-travaux,a-creer,2,T4-questions-guides,oui,Variante reformulation H1
acompte travaux 30 40 50%,informational,guide-howto,national,multi,aucun,80,medium,/guides/acompte-travaux-legal,a-creer,2,T4-questions-guides,oui,Variante reformulation H1
serrurier urgence prix arnaque,transactional,guide-howto,national,multi,aucun,80,medium,/guides/serrurier-urgence-prix,a-creer,2,T4-questions-guides,oui,Variante reformulation H1
ite vs iti comparatif,informational,guide-howto,national,multi,aucun,80,medium,/guides/ite-vs-iti,a-creer,2,T4-questions-guides,oui,Variante reformulation H1
reception chantier reserves modele,informational,guide-howto,national,multi,aucun,80,medium,/guides/reception-chantier-reserves,a-creer,2,T4-questions-guides,oui,Variante reformulation H1
travail au noir risques client,informational,guide-howto,national,multi,aucun,80,medium,/guides/travail-noir-risques,a-creer,2,T4-questions-guides,oui,Variante reformulation H1
dpe obligatoire avant travaux 2026,informational,guide-howto,national,multi,aucun,80,medium,/guides/dpe-obligatoire-2026,a-creer,2,T4-questions-guides,oui,Variante reformulation H1
permis vs declaration extension,informational,guide-howto,national,multi,aucun,80,medium,/guides/permis-vs-declaration,a-creer,2,T4-questions-guides,oui,Variante reformulation H1
remplacer baignoire par douche italienne,informational,guide-howto,national,multi,aucun,80,medium,/guides/baignoire-en-douche-italienne,a-creer,2,T4-questions-guides,oui,Variante reformulation H1
macon champagne au mont d or,transactional,local-listing,commune-banlieue,macon,aucun,79,low,/lyon/champagne-au-mont-d-or/macon,a-creer,2,T1-quick-win,oui,"Banlieue moyenne (5,700hab) - quick win local pur"
couvreur champagne au mont d or,transactional,local-listing,commune-banlieue,couvreur,aucun,79,low,/lyon/champagne-au-mont-d-or/couvreur,a-creer,2,T1-quick-win,oui,"Banlieue moyenne (5,700hab) - quick win local pur"
macon sathonay camp,transactional,local-listing,commune-banlieue,macon,aucun,79,low,/lyon/sathonay-camp/macon,a-creer,2,T1-quick-win,oui,"Banlieue moyenne (5,700hab) - quick win local pur"
couvreur sathonay camp,transactional,local-listing,commune-banlieue,couvreur,aucun,79,low,/lyon/sathonay-camp/couvreur,a-creer,2,T1-quick-win,oui,"Banlieue moyenne (5,700hab) - quick win local pur"
refection toiture lyon,transactional,local-listing,ville-principale,multi,aucun,79,medium,/travaux/refection-toiture/lyon,a-creer,2,T2-volume-eleve,oui,Travaux + ville - intent project achat
macon vernaison,transactional,local-listing,commune-banlieue,macon,aucun,77,low,/lyon/vernaison/macon,a-creer,2,T1-quick-win,oui,"Banlieue moyenne (5,300hab) - quick win local pur"
couvreur vernaison,transactional,local-listing,commune-banlieue,couvreur,aucun,77,low,/lyon/vernaison/couvreur,a-creer,2,T1-quick-win,oui,"Banlieue moyenne (5,300hab) - quick win local pur"
macon etoile sur rhone,transactional,local-listing,commune-banlieue,macon,aucun,77,low,/valence/etoile-sur-rhone/macon,a-creer,2,T1-quick-win,oui,"Banlieue moyenne (5,300hab) - quick win local pur"
couvreur etoile sur rhone,transactional,local-listing,commune-banlieue,couvreur,aucun,77,low,/valence/etoile-sur-rhone/couvreur,a-creer,2,T1-quick-win,oui,"Banlieue moyenne (5,300hab) - quick win local pur"
plombier 24h chambery,transactional,local-listing,ville-principale,plombier,ouvert-24h,77,medium,/chambery/plombier,a-creer,2,T1-quick-win,oui,Modificateur urgence/dispo - vol direct intent
plombier prix chambery,informational,prix-tarif,ville-principale,plombier,prix,77,medium,/chambery/plombier,a-creer,2,T2-volume-eleve,oui,Modificateur commercial - intent compare/decide
plombier pas cher chambery,commercial,local-listing,ville-principale,plombier,pas-cher,77,medium,/chambery/plombier,a-creer,2,T2-volume-eleve,oui,Modificateur commercial - intent compare/decide
electricien 24h chambery,transactional,local-listing,ville-principale,electricien,ouvert-24h,77,medium,/chambery/electricien,a-creer,2,T1-quick-win,oui,Modificateur urgence/dispo - vol direct intent
electricien prix chambery,informational,prix-tarif,ville-principale,electricien,prix,77,medium,/chambery/electricien,a-creer,2,T2-volume-eleve,oui,Modificateur commercial - intent compare/decide
electricien pas cher chambery,commercial,local-listing,ville-principale,electricien,pas-cher,77,medium,/chambery/electricien,a-creer,2,T2-volume-eleve,oui,Modificateur commercial - intent compare/decide
peintre 24h chambery,transactional,local-listing,ville-principale,peintre,ouvert-24h,77,medium,/chambery/peintre,a-creer,2,T1-quick-win,oui,Modificateur urgence/dispo - vol direct intent
peintre prix chambery,informational,prix-tarif,ville-principale,peintre,prix,77,medium,/chambery/peintre,a-creer,2,T2-volume-eleve,oui,Modificateur commercial - intent compare/decide
peintre pas cher chambery,commercial,local-listing,ville-principale,peintre,pas-cher,77,medium,/chambery/peintre,a-creer,2,T2-volume-eleve,oui,Modificateur commercial - intent compare/decide
macon 24h chambery,transactional,local-listing,ville-principale,macon,ouvert-24h,77,medium,/chambery/macon,a-creer,2,T1-quick-win,oui,Modificateur urgence/dispo - vol direct intent
macon prix chambery,informational,prix-tarif,ville-principale,macon,prix,77,medium,/chambery/macon,a-creer,2,T2-volume-eleve,oui,Modificateur commercial - intent compare/decide
macon pas cher chambery,commercial,local-listing,ville-principale,macon,pas-cher,77,medium,/chambery/macon,a-creer,2,T2-volume-eleve,oui,Modificateur commercial - intent compare/decide
carreleur 24h chambery,transactional,local-listing,ville-principale,carreleur,ouvert-24h,77,medium,/chambery/carreleur,a-creer,2,T1-quick-win,oui,Modificateur urgence/dispo - vol direct intent
carreleur prix chambery,informational,prix-tarif,ville-principale,carreleur,prix,77,medium,/chambery/carreleur,a-creer,2,T2-volume-eleve,oui,Modificateur commercial - intent compare/decide
carreleur pas cher chambery,commercial,local-listing,ville-principale,carreleur,pas-cher,77,medium,/chambery/carreleur,a-creer,2,T2-volume-eleve,oui,Modificateur commercial - intent compare/decide
menuisier 24h chambery,transactional,local-listing,ville-principale,menuisier,ouvert-24h,77,medium,/chambery/menuisier,a-creer,2,T1-quick-win,oui,Modificateur urgence/dispo - vol direct intent
menuisier prix chambery,informational,prix-tarif,ville-principale,menuisier,prix,77,medium,/chambery/menuisier,a-creer,2,T2-volume-eleve,oui,Modificateur commercial - intent compare/decide
menuisier pas cher chambery,commercial,local-listing,ville-principale,menuisier,pas-cher,77,medium,/chambery/menuisier,a-creer,2,T2-volume-eleve,oui,Modificateur commercial - intent compare/decide
couvreur 24h chambery,transactional,local-listing,ville-principale,couvreur,ouvert-24h,77,medium,/chambery/couvreur,a-creer,2,T1-quick-win,oui,Modificateur urgence/dispo - vol direct intent
couvreur prix chambery,informational,prix-tarif,ville-principale,couvreur,prix,77,medium,/chambery/couvreur,a-creer,2,T2-volume-eleve,oui,Modificateur commercial - intent compare/decide
couvreur pas cher chambery,commercial,local-listing,ville-principale,couvreur,pas-cher,77,medium,/chambery/couvreur,a-creer,2,T2-volume-eleve,oui,Modificateur commercial - intent compare/decide
chauffagiste 24h chambery,transactional,local-listing,ville-principale,chauffagiste,ouvert-24h,77,medium,/chambery/chauffagiste,a-creer,2,T1-quick-win,oui,Modificateur urgence/dispo - vol direct intent
chauffagiste prix chambery,informational,prix-tarif,ville-principale,chauffagiste,prix,77,medium,/chambery/chauffagiste,a-creer,2,T2-volume-eleve,oui,Modificateur commercial - intent compare/decide
chauffagiste pas cher chambery,commercial,local-listing,ville-principale,chauffagiste,pas-cher,77,medium,/chambery/chauffagiste,a-creer,2,T2-volume-eleve,oui,Modificateur commercial - intent compare/decide
macon challes les eaux,transactional,local-listing,commune-banlieue,macon,aucun,76,low,/chambery/challes-les-eaux/macon,a-creer,2,T1-quick-win,oui,"Banlieue moyenne (5,200hab) - quick win local pur"
couvreur challes les eaux,transactional,local-listing,commune-banlieue,couvreur,aucun,76,low,/chambery/challes-les-eaux/couvreur,a-creer,2,T1-quick-win,oui,"Banlieue moyenne (5,200hab) - quick win local pur"
peintre venissieux 69200,transactional,local-listing,commune-banlieue,peintre,aucun,76,medium,/lyon/venissieux/peintre,a-creer,2,T3-longue-traine,non,Variante avec code postal - signal local hyper-precis
menuisier venissieux 69200,transactional,local-listing,commune-banlieue,menuisier,aucun,76,medium,/lyon/venissieux/menuisier,a-creer,2,T3-longue-traine,non,Variante avec code postal - signal local hyper-precis
macon charbonnieres les bains,transactional,local-listing,commune-banlieue,macon,aucun,76,low,/lyon/charbonnieres-les-bains/macon,a-creer,2,T1-quick-win,oui,"Banlieue moyenne (5,200hab) - quick win local pur"
couvreur charbonnieres les bains,transactional,local-listing,commune-banlieue,couvreur,aucun,76,low,/lyon/charbonnieres-les-bains/couvreur,a-creer,2,T1-quick-win,oui,"Banlieue moyenne (5,200hab) - quick win local pur"
meilleur plombier annecy,commercial,local-listing,ville-principale,plombier,meilleur,75,medium,/annecy/plombier,existante,2,T2-volume-eleve,oui,Modificateur meilleur/top - capte intent reassurance
carreleur lyon avis,commercial,local-listing,ville-principale,carreleur,avis,75,medium,/lyon/carreleur,existante,2,T2-volume-eleve,oui,Modificateur avis - fort intent commercial
chauffagiste lyon avis,commercial,local-listing,ville-principale,chauffagiste,avis,75,medium,/lyon/chauffagiste,existante,2,T2-volume-eleve,oui,Modificateur avis - fort intent commercial
carreleur lyon 4e 69004,transactional,local-listing,arrondissement-lyon,carreleur,aucun,75,medium,/lyon/lyon-4e/carreleur,a-creer,2,T3-longue-traine,non,Variante avec code postal - signal local hyper-precis
chauffagiste lyon 4e 69004,transactional,local-listing,arrondissement-lyon,chauffagiste,aucun,75,medium,/lyon/lyon-4e/chauffagiste,a-creer,2,T3-longue-traine,non,Variante avec code postal - signal local hyper-precis
plombier ouvert actuellement grenoble,transactional,local-listing,ville-principale,plombier,ouvert-24h,75,medium,/grenoble/plombier,a-creer,2,T1-quick-win,oui,Modificateur urgence/dispo - vol direct intent
electricien ouvert actuellement grenoble,transactional,local-listing,ville-principale,electricien,ouvert-24h,75,medium,/grenoble/electricien,a-creer,2,T1-quick-win,oui,Modificateur urgence/dispo - vol direct intent
peintre ouvert actuellement grenoble,transactional,local-listing,ville-principale,peintre,ouvert-24h,75,medium,/grenoble/peintre,a-creer,2,T1-quick-win,oui,Modificateur urgence/dispo - vol direct intent
macon ouvert actuellement grenoble,transactional,local-listing,ville-principale,macon,ouvert-24h,75,medium,/grenoble/macon,a-creer,2,T1-quick-win,oui,Modificateur urgence/dispo - vol direct intent
carreleur ouvert actuellement grenoble,transactional,local-listing,ville-principale,carreleur,ouvert-24h,75,medium,/grenoble/carreleur,a-creer,2,T1-quick-win,oui,Modificateur urgence/dispo - vol direct intent
menuisier ouvert actuellement grenoble,transactional,local-listing,ville-principale,menuisier,ouvert-24h,75,medium,/grenoble/menuisier,a-creer,2,T1-quick-win,oui,Modificateur urgence/dispo - vol direct intent
couvreur ouvert actuellement grenoble,transactional,local-listing,ville-principale,couvreur,ouvert-24h,75,medium,/grenoble/couvreur,a-creer,2,T1-quick-win,oui,Modificateur urgence/dispo - vol direct intent
chauffagiste ouvert actuellement grenoble,transactional,local-listing,ville-principale,chauffagiste,ouvert-24h,75,medium,/grenoble/chauffagiste,a-creer,2,T1-quick-win,oui,Modificateur urgence/dispo - vol direct intent
plombier ouvert actuellement villeurbanne,transactional,local-listing,commune-banlieue,plombier,ouvert-24h,75,medium,/lyon/villeurbanne/plombier,a-creer,2,T1-quick-win,oui,Modificateur urgence/dispo - vol direct intent
electricien ouvert actuellement villeurbanne,transactional,local-listing,commune-banlieue,electricien,ouvert-24h,75,medium,/lyon/villeurbanne/electricien,a-creer,2,T1-quick-win,oui,Modificateur urgence/dispo - vol direct intent
peintre ouvert actuellement villeurbanne,transactional,local-listing,commune-banlieue,peintre,ouvert-24h,75,medium,/lyon/villeurbanne/peintre,a-creer,2,T1-quick-win,oui,Modificateur urgence/dispo - vol direct intent
macon ouvert actuellement villeurbanne,transactional,local-listing,commune-banlieue,macon,ouvert-24h,75,medium,/lyon/villeurbanne/macon,a-creer,2,T1-quick-win,oui,Modificateur urgence/dispo - vol direct intent
carreleur ouvert actuellement villeurbanne,transactional,local-listing,commune-banlieue,carreleur,ouvert-24h,75,medium,/lyon/villeurbanne/carreleur,a-creer,2,T1-quick-win,oui,Modificateur urgence/dispo - vol direct intent
menuisier ouvert actuellement villeurbanne,transactional,local-listing,commune-banlieue,menuisier,ouvert-24h,75,medium,/lyon/villeurbanne/menuisier,a-creer,2,T1-quick-win,oui,Modificateur urgence/dispo - vol direct intent
couvreur ouvert actuellement villeurbanne,transactional,local-listing,commune-banlieue,couvreur,ouvert-24h,75,medium,/lyon/villeurbanne/couvreur,a-creer,2,T1-quick-win,oui,Modificateur urgence/dispo - vol direct intent
chauffagiste ouvert actuellement villeurbanne,transactional,local-listing,commune-banlieue,chauffagiste,ouvert-24h,75,medium,/lyon/villeurbanne/chauffagiste,a-creer,2,T1-quick-win,oui,Modificateur urgence/dispo - vol direct intent
electricien chambery avis,commercial,local-listing,ville-principale,electricien,avis,72,medium,/chambery/electricien,existante,2,T2-volume-eleve,oui,Modificateur avis - fort intent commercial
meilleur electricien grenoble,commercial,local-listing,ville-principale,electricien,meilleur,72,medium,/grenoble/electricien,existante,2,T2-volume-eleve,oui,Modificateur meilleur/top - capte intent reassurance
electricien valence avis,commercial,local-listing,ville-principale,electricien,avis,72,medium,/valence/electricien,existante,2,T2-volume-eleve,oui,Modificateur avis - fort intent commercial
macon villeurbanne 69100,transactional,local-listing,commune-banlieue,macon,aucun,72,medium,/lyon/villeurbanne/macon,a-creer,2,T3-longue-traine,non,Variante avec code postal - signal local hyper-precis
couvreur villeurbanne 69100,transactional,local-listing,commune-banlieue,couvreur,aucun,72,medium,/lyon/villeurbanne/couvreur,a-creer,2,T3-longue-traine,non,Variante avec code postal - signal local hyper-precis
isolation combles grenoble,transactional,local-listing,ville-principale,multi,aucun,72,medium,/travaux/isolation-combles/grenoble,a-creer,2,T2-volume-eleve,oui,Travaux + ville - intent project achat
isolation exterieure grenoble,transactional,local-listing,ville-principale,multi,aucun,72,medium,/travaux/isolation-exterieure/grenoble,a-creer,2,T2-volume-eleve,oui,Travaux + ville - intent project achat
douche italienne grenoble,transactional,local-listing,ville-principale,multi,aucun,72,medium,/travaux/douche-italienne/grenoble,a-creer,2,T2-volume-eleve,oui,Travaux + ville - intent project achat
depannage electrique grenoble,transactional,local-listing,ville-principale,multi,aucun,72,medium,/travaux/depannage-electrique/grenoble,a-creer,2,T2-volume-eleve,oui,Travaux + ville - intent project achat
carreleur lyon 2e 69002,transactional,local-listing,arrondissement-lyon,carreleur,aucun,71,medium,/lyon/lyon-2e/carreleur,a-creer,2,T3-longue-traine,non,Variante avec code postal - signal local hyper-precis
chauffagiste lyon 2e 69002,transactional,local-listing,arrondissement-lyon,chauffagiste,aucun,71,medium,/lyon/lyon-2e/chauffagiste,a-creer,2,T3-longue-traine,non,Variante avec code postal - signal local hyper-precis
peintre vaulx en velin 69120,transactional,local-listing,commune-banlieue,peintre,aucun,70,medium,/lyon/vaulx-en-velin/peintre,a-creer,2,T3-longue-traine,non,Variante avec code postal - signal local hyper-precis
menuisier vaulx en velin 69120,transactional,local-listing,commune-banlieue,menuisier,aucun,70,medium,/lyon/vaulx-en-velin/menuisier,a-creer,2,T3-longue-traine,non,Variante avec code postal - signal local hyper-precis
macon lyon 6e 69006,transactional,local-listing,arrondissement-lyon,macon,aucun,69,medium,/lyon/lyon-6e/macon,a-creer,2,T3-longue-traine,non,Variante avec code postal - signal local hyper-precis
couvreur lyon 6e 69006,transactional,local-listing,arrondissement-lyon,couvreur,aucun,69,medium,/lyon/lyon-6e/couvreur,a-creer,2,T3-longue-traine,non,Variante avec code postal - signal local hyper-precis
macon lyon 9e 69009,transactional,local-listing,arrondissement-lyon,macon,aucun,69,medium,/lyon/lyon-9e/macon,a-creer,2,T3-longue-traine,non,Variante avec code postal - signal local hyper-precis
couvreur lyon 9e 69009,transactional,local-listing,arrondissement-lyon,couvreur,aucun,69,medium,/lyon/lyon-9e/couvreur,a-creer,2,T3-longue-traine,non,Variante avec code postal - signal local hyper-precis
renovation cuisine valence,transactional,local-listing,ville-principale,multi,aucun,69,medium,/travaux/renovation-cuisine/valence,a-creer,2,T2-volume-eleve,oui,Travaux + ville - intent project achat
carreleur lyon 1er 69001,transactional,local-listing,arrondissement-lyon,carreleur,aucun,68,medium,/lyon/lyon-1er/carreleur,a-creer,2,T3-longue-traine,non,Variante avec code postal - signal local hyper-precis
chauffagiste lyon 1er 69001,transactional,local-listing,arrondissement-lyon,chauffagiste,aucun,68,medium,/lyon/lyon-1er/chauffagiste,a-creer,2,T3-longue-traine,non,Variante avec code postal - signal local hyper-precis
plombier ouvert actuellement annecy,transactional,local-listing,ville-principale,plombier,ouvert-24h,68,medium,/annecy/plombier,a-creer,2,T1-quick-win,oui,Modificateur urgence/dispo - vol direct intent
electricien ouvert actuellement annecy,transactional,local-listing,ville-principale,electricien,ouvert-24h,68,medium,/annecy/electricien,a-creer,2,T1-quick-win,oui,Modificateur urgence/dispo - vol direct intent
peintre ouvert actuellement annecy,transactional,local-listing,ville-principale,peintre,ouvert-24h,68,medium,/annecy/peintre,a-creer,2,T1-quick-win,oui,Modificateur urgence/dispo - vol direct intent
macon ouvert actuellement annecy,transactional,local-listing,ville-principale,macon,ouvert-24h,68,medium,/annecy/macon,a-creer,2,T1-quick-win,oui,Modificateur urgence/dispo - vol direct intent
carreleur ouvert actuellement annecy,transactional,local-listing,ville-principale,carreleur,ouvert-24h,68,medium,/annecy/carreleur,a-creer,2,T1-quick-win,oui,Modificateur urgence/dispo - vol direct intent
menuisier ouvert actuellement annecy,transactional,local-listing,ville-principale,menuisier,ouvert-24h,68,medium,/annecy/menuisier,a-creer,2,T1-quick-win,oui,Modificateur urgence/dispo - vol direct intent
couvreur ouvert actuellement annecy,transactional,local-listing,ville-principale,couvreur,ouvert-24h,68,medium,/annecy/couvreur,a-creer,2,T1-quick-win,oui,Modificateur urgence/dispo - vol direct intent
chauffagiste ouvert actuellement annecy,transactional,local-listing,ville-principale,chauffagiste,ouvert-24h,68,medium,/annecy/chauffagiste,a-creer,2,T1-quick-win,oui,Modificateur urgence/dispo - vol direct intent
peintre saint priest 69800,transactional,local-listing,commune-banlieue,peintre,aucun,67,medium,/lyon/saint-priest/peintre,a-creer,2,T3-longue-traine,non,Variante avec code postal - signal local hyper-precis
menuisier saint priest 69800,transactional,local-listing,commune-banlieue,menuisier,aucun,67,medium,/lyon/saint-priest/menuisier,a-creer,2,T3-longue-traine,non,Variante avec code postal - signal local hyper-precis
renovation cuisine chambery,transactional,local-listing,ville-principale,multi,aucun,67,medium,/travaux/renovation-cuisine/chambery,a-creer,2,T2-volume-eleve,oui,Travaux + ville - intent project achat
macon lyon 5e 69005,transactional,local-listing,arrondissement-lyon,macon,aucun,66,medium,/lyon/lyon-5e/macon,a-creer,2,T3-longue-traine,non,Variante avec code postal - signal local hyper-precis
couvreur lyon 5e 69005,transactional,local-listing,arrondissement-lyon,couvreur,aucun,66,medium,/lyon/lyon-5e/couvreur,a-creer,2,T3-longue-traine,non,Variante avec code postal - signal local hyper-precis
isolation combles annecy,transactional,local-listing,ville-principale,multi,aucun,65,medium,/travaux/isolation-combles/annecy,a-creer,2,T2-volume-eleve,oui,Travaux + ville - intent project achat
isolation exterieure annecy,transactional,local-listing,ville-principale,multi,aucun,65,medium,/travaux/isolation-exterieure/annecy,a-creer,2,T2-volume-eleve,oui,Travaux + ville - intent project achat
douche italienne annecy,transactional,local-listing,ville-principale,multi,aucun,65,medium,/travaux/douche-italienne/annecy,a-creer,2,T2-volume-eleve,oui,Travaux + ville - intent project achat
depannage electrique annecy,transactional,local-listing,ville-principale,multi,aucun,65,medium,/travaux/depannage-electrique/annecy,a-creer,2,T2-volume-eleve,oui,Travaux + ville - intent project achat
peintre caluire et cuire 69300,transactional,local-listing,commune-banlieue,peintre,aucun,64,medium,/lyon/caluire-et-cuire/peintre,a-creer,2,T3-longue-traine,non,Variante avec code postal - signal local hyper-precis
menuisier caluire et cuire 69300,transactional,local-listing,commune-banlieue,menuisier,aucun,64,medium,/lyon/caluire-et-cuire/menuisier,a-creer,2,T3-longue-traine,non,Variante avec code postal - signal local hyper-precis
plombier devis gratuit valence,transactional,local-listing,ville-principale,plombier,devis,64,medium,/valence/plombier,a-creer,2,T2-volume-eleve,oui,Modificateur commercial - intent compare/decide
electricien devis gratuit valence,transactional,local-listing,ville-principale,electricien,devis,64,medium,/valence/electricien,a-creer,2,T2-volume-eleve,oui,Modificateur commercial - intent compare/decide
peintre devis gratuit valence,transactional,local-listing,ville-principale,peintre,devis,64,medium,/valence/peintre,a-creer,2,T2-volume-eleve,oui,Modificateur commercial - intent compare/decide
macon devis gratuit valence,transactional,local-listing,ville-principale,macon,devis,64,medium,/valence/macon,a-creer,2,T2-volume-eleve,oui,Modificateur commercial - intent compare/decide
carreleur devis gratuit valence,transactional,local-listing,ville-principale,carreleur,devis,64,medium,/valence/carreleur,a-creer,2,T2-volume-eleve,oui,Modificateur commercial - intent compare/decide
menuisier devis gratuit valence,transactional,local-listing,ville-principale,menuisier,devis,64,medium,/valence/menuisier,a-creer,2,T2-volume-eleve,oui,Modificateur commercial - intent compare/decide
couvreur devis gratuit valence,transactional,local-listing,ville-principale,couvreur,devis,64,medium,/valence/couvreur,a-creer,2,T2-volume-eleve,oui,Modificateur commercial - intent compare/decide
chauffagiste devis gratuit valence,transactional,local-listing,ville-principale,chauffagiste,devis,64,medium,/valence/chauffagiste,a-creer,2,T2-volume-eleve,oui,Modificateur commercial - intent compare/decide
carreleur venissieux 69200,transactional,local-listing,commune-banlieue,carreleur,aucun,63,medium,/lyon/venissieux/carreleur,a-creer,2,T3-longue-traine,non,Variante avec code postal - signal local hyper-precis
chauffagiste venissieux 69200,transactional,local-listing,commune-banlieue,chauffagiste,aucun,63,medium,/lyon/venissieux/chauffagiste,a-creer,2,T3-longue-traine,non,Variante avec code postal - signal local hyper-precis
peintre bron 69500,transactional,local-listing,commune-banlieue,peintre,aucun,63,medium,/lyon/bron/peintre,a-creer,2,T3-longue-traine,non,Variante avec code postal - signal local hyper-precis
menuisier bron 69500,transactional,local-listing,commune-banlieue,menuisier,aucun,63,medium,/lyon/bron/menuisier,a-creer,2,T3-longue-traine,non,Variante avec code postal - signal local hyper-precis
plombier dimanche grenoble,transactional,local-listing,ville-principale,plombier,dimanche,62,medium,/grenoble/plombier,a-creer,2,T1-quick-win,oui,Modificateur urgence/dispo - vol direct intent
plombier rge grenoble,commercial,local-listing,ville-principale,plombier,rge,62,medium,/grenoble/plombier,a-creer,2,T2-volume-eleve,oui,Modificateur commercial - intent compare/decide
electricien dimanche grenoble,transactional,local-listing,ville-principale,electricien,dimanche,62,medium,/grenoble/electricien,a-creer,2,T1-quick-win,oui,Modificateur urgence/dispo - vol direct intent
electricien rge grenoble,commercial,local-listing,ville-principale,electricien,rge,62,medium,/grenoble/electricien,a-creer,2,T2-volume-eleve,oui,Modificateur commercial - intent compare/decide
peintre dimanche grenoble,transactional,local-listing,ville-principale,peintre,dimanche,62,medium,/grenoble/peintre,a-creer,2,T1-quick-win,oui,Modificateur urgence/dispo - vol direct intent
peintre rge grenoble,commercial,local-listing,ville-principale,peintre,rge,62,medium,/grenoble/peintre,a-creer,2,T2-volume-eleve,oui,Modificateur commercial - intent compare/decide
macon dimanche grenoble,transactional,local-listing,ville-principale,macon,dimanche,62,medium,/grenoble/macon,a-creer,2,T1-quick-win,oui,Modificateur urgence/dispo - vol direct intent
macon rge grenoble,commercial,local-listing,ville-principale,macon,rge,62,medium,/grenoble/macon,a-creer,2,T2-volume-eleve,oui,Modificateur commercial - intent compare/decide
carreleur dimanche grenoble,transactional,local-listing,ville-principale,carreleur,dimanche,62,medium,/grenoble/carreleur,a-creer,2,T1-quick-win,oui,Modificateur urgence/dispo - vol direct intent
carreleur rge grenoble,commercial,local-listing,ville-principale,carreleur,rge,62,medium,/grenoble/carreleur,a-creer,2,T2-volume-eleve,oui,Modificateur commercial - intent compare/decide
menuisier dimanche grenoble,transactional,local-listing,ville-principale,menuisier,dimanche,62,medium,/grenoble/menuisier,a-creer,2,T1-quick-win,oui,Modificateur urgence/dispo - vol direct intent
menuisier rge grenoble,commercial,local-listing,ville-principale,menuisier,rge,62,medium,/grenoble/menuisier,a-creer,2,T2-volume-eleve,oui,Modificateur commercial - intent compare/decide
couvreur dimanche grenoble,transactional,local-listing,ville-principale,couvreur,dimanche,62,medium,/grenoble/couvreur,a-creer,2,T1-quick-win,oui,Modificateur urgence/dispo - vol direct intent
couvreur rge grenoble,commercial,local-listing,ville-principale,couvreur,rge,62,medium,/grenoble/couvreur,a-creer,2,T2-volume-eleve,oui,Modificateur commercial - intent compare/decide
chauffagiste dimanche grenoble,transactional,local-listing,ville-principale,chauffagiste,dimanche,62,medium,/grenoble/chauffagiste,a-creer,2,T1-quick-win,oui,Modificateur urgence/dispo - vol direct intent
chauffagiste rge grenoble,commercial,local-listing,ville-principale,chauffagiste,rge,62,medium,/grenoble/chauffagiste,a-creer,2,T2-volume-eleve,oui,Modificateur commercial - intent compare/decide
plombier dimanche villeurbanne,transactional,local-listing,commune-banlieue,plombier,dimanche,62,medium,/lyon/villeurbanne/plombier,a-creer,2,T1-quick-win,oui,Modificateur urgence/dispo - vol direct intent
plombier rge villeurbanne,commercial,local-listing,commune-banlieue,plombier,rge,62,medium,/lyon/villeurbanne/plombier,a-creer,2,T2-volume-eleve,oui,Modificateur commercial - intent compare/decide
electricien dimanche villeurbanne,transactional,local-listing,commune-banlieue,electricien,dimanche,62,medium,/lyon/villeurbanne/electricien,a-creer,2,T1-quick-win,oui,Modificateur urgence/dispo - vol direct intent
electricien rge villeurbanne,commercial,local-listing,commune-banlieue,electricien,rge,62,medium,/lyon/villeurbanne/electricien,a-creer,2,T2-volume-eleve,oui,Modificateur commercial - intent compare/decide
peintre dimanche villeurbanne,transactional,local-listing,commune-banlieue,peintre,dimanche,62,medium,/lyon/villeurbanne/peintre,a-creer,2,T1-quick-win,oui,Modificateur urgence/dispo - vol direct intent
peintre rge villeurbanne,commercial,local-listing,commune-banlieue,peintre,rge,62,medium,/lyon/villeurbanne/peintre,a-creer,2,T2-volume-eleve,oui,Modificateur commercial - intent compare/decide
macon dimanche villeurbanne,transactional,local-listing,commune-banlieue,macon,dimanche,62,medium,/lyon/villeurbanne/macon,a-creer,2,T1-quick-win,oui,Modificateur urgence/dispo - vol direct intent
macon rge villeurbanne,commercial,local-listing,commune-banlieue,macon,rge,62,medium,/lyon/villeurbanne/macon,a-creer,2,T2-volume-eleve,oui,Modificateur commercial - intent compare/decide
carreleur dimanche villeurbanne,transactional,local-listing,commune-banlieue,carreleur,dimanche,62,medium,/lyon/villeurbanne/carreleur,a-creer,2,T1-quick-win,oui,Modificateur urgence/dispo - vol direct intent
carreleur rge villeurbanne,commercial,local-listing,commune-banlieue,carreleur,rge,62,medium,/lyon/villeurbanne/carreleur,a-creer,2,T2-volume-eleve,oui,Modificateur commercial - intent compare/decide
menuisier dimanche villeurbanne,transactional,local-listing,commune-banlieue,menuisier,dimanche,62,medium,/lyon/villeurbanne/menuisier,a-creer,2,T1-quick-win,oui,Modificateur urgence/dispo - vol direct intent
menuisier rge villeurbanne,commercial,local-listing,commune-banlieue,menuisier,rge,62,medium,/lyon/villeurbanne/menuisier,a-creer,2,T2-volume-eleve,oui,Modificateur commercial - intent compare/decide
couvreur dimanche villeurbanne,transactional,local-listing,commune-banlieue,couvreur,dimanche,62,medium,/lyon/villeurbanne/couvreur,a-creer,2,T1-quick-win,oui,Modificateur urgence/dispo - vol direct intent
couvreur rge villeurbanne,commercial,local-listing,commune-banlieue,couvreur,rge,62,medium,/lyon/villeurbanne/couvreur,a-creer,2,T2-volume-eleve,oui,Modificateur commercial - intent compare/decide
chauffagiste dimanche villeurbanne,transactional,local-listing,commune-banlieue,chauffagiste,dimanche,62,medium,/lyon/villeurbanne/chauffagiste,a-creer,2,T1-quick-win,oui,Modificateur urgence/dispo - vol direct intent
chauffagiste rge villeurbanne,commercial,local-listing,commune-banlieue,chauffagiste,rge,62,medium,/lyon/villeurbanne/chauffagiste,a-creer,2,T2-volume-eleve,oui,Modificateur commercial - intent compare/decide
peintre saint martin d heres 38400,transactional,local-listing,commune-banlieue,peintre,aucun,61,medium,/grenoble/saint-martin-d-heres/peintre,a-creer,2,T3-longue-traine,non,Variante avec code postal - signal local hyper-precis
menuisier saint martin d heres 38400,transactional,local-listing,commune-banlieue,menuisier,aucun,61,medium,/grenoble/saint-martin-d-heres/menuisier,a-creer,2,T3-longue-traine,non,Variante avec code postal - signal local hyper-precis
plombier devis gratuit chambery,transactional,local-listing,ville-principale,plombier,devis,61,medium,/chambery/plombier,a-creer,2,T2-volume-eleve,oui,Modificateur commercial - intent compare/decide
electricien devis gratuit chambery,transactional,local-listing,ville-principale,electricien,devis,61,medium,/chambery/electricien,a-creer,2,T2-volume-eleve,oui,Modificateur commercial - intent compare/decide
peintre devis gratuit chambery,transactional,local-listing,ville-principale,peintre,devis,61,medium,/chambery/peintre,a-creer,2,T2-volume-eleve,oui,Modificateur commercial - intent compare/decide
macon devis gratuit chambery,transactional,local-listing,ville-principale,macon,devis,61,medium,/chambery/macon,a-creer,2,T2-volume-eleve,oui,Modificateur commercial - intent compare/decide
carreleur devis gratuit chambery,transactional,local-listing,ville-principale,carreleur,devis,61,medium,/chambery/carreleur,a-creer,2,T2-volume-eleve,oui,Modificateur commercial - intent compare/decide
menuisier devis gratuit chambery,transactional,local-listing,ville-principale,menuisier,devis,61,medium,/chambery/menuisier,a-creer,2,T2-volume-eleve,oui,Modificateur commercial - intent compare/decide
couvreur devis gratuit chambery,transactional,local-listing,ville-principale,couvreur,devis,61,medium,/chambery/couvreur,a-creer,2,T2-volume-eleve,oui,Modificateur commercial - intent compare/decide
chauffagiste devis gratuit chambery,transactional,local-listing,ville-principale,chauffagiste,devis,61,medium,/chambery/chauffagiste,a-creer,2,T2-volume-eleve,oui,Modificateur commercial - intent compare/decide
meilleur plombier chambery,commercial,local-listing,ville-principale,plombier,meilleur,60,medium,/chambery/plombier,existante,2,T2-volume-eleve,oui,Modificateur meilleur/top - capte intent reassurance
meilleur electricien annecy,commercial,local-listing,ville-principale,electricien,meilleur,60,medium,/annecy/electricien,existante,2,T2-volume-eleve,oui,Modificateur meilleur/top - capte intent reassurance
meilleur peintre lyon,commercial,local-listing,ville-principale,peintre,meilleur,60,medium,/lyon/peintre,existante,2,T2-volume-eleve,oui,Modificateur meilleur/top - capte intent reassurance
macon lyon avis,commercial,local-listing,ville-principale,macon,avis,60,medium,/lyon/macon,existante,2,T2-volume-eleve,oui,Modificateur avis - fort intent commercial
meilleur menuisier lyon,commercial,local-listing,ville-principale,menuisier,meilleur,60,medium,/lyon/menuisier,existante,2,T2-volume-eleve,oui,Modificateur meilleur/top - capte intent reassurance
couvreur lyon avis,commercial,local-listing,ville-principale,couvreur,avis,60,medium,/lyon/couvreur,existante,2,T2-volume-eleve,oui,Modificateur avis - fort intent commercial
meilleur plombier valence,commercial,local-listing,ville-principale,plombier,meilleur,60,medium,/valence/plombier,existante,2,T2-volume-eleve,oui,Modificateur meilleur/top - capte intent reassurance
peintre echirolles 38130,transactional,local-listing,commune-banlieue,peintre,aucun,60,medium,/grenoble/echirolles/peintre,a-creer,2,T3-longue-traine,non,Variante avec code postal - signal local hyper-precis
menuisier echirolles 38130,transactional,local-listing,commune-banlieue,menuisier,aucun,60,medium,/grenoble/echirolles/menuisier,a-creer,2,T3-longue-traine,non,Variante avec code postal - signal local hyper-precis
macon lyon 4e 69004,transactional,local-listing,arrondissement-lyon,macon,aucun,60,medium,/lyon/lyon-4e/macon,a-creer,2,T3-longue-traine,non,Variante avec code postal - signal local hyper-precis
couvreur lyon 4e 69004,transactional,local-listing,arrondissement-lyon,couvreur,aucun,60,medium,/lyon/lyon-4e/couvreur,a-creer,2,T3-longue-traine,non,Variante avec code postal - signal local hyper-precis
comment trouver artisan fiable,informational,guide-howto,national,multi,aucun,60,medium,/guides/artisan-fiable,a-creer,2,T4-questions-guides,oui,Variante reformulation H1
comment verifier siret artisan,informational,guide-howto,national,multi,aucun,60,medium,/guides/verifier-siret-artisan,a-creer,2,T4-questions-guides,oui,Variante 'comment' - PAA-friendly
negocier un devis sans froisser,informational,guide-howto,national,multi,aucun,60,medium,/guides/negocier-devis,a-creer,2,T4-questions-guides,oui,Variante reformulation H1
comment artisan disparu acompte,informational,guide-howto,national,multi,aucun,60,medium,/guides/artisan-disparu-recours,a-creer,2,T4-questions-guides,oui,Variante 'comment' - PAA-friendly
plombier urgence prix arnaques,transactional,guide-howto,national,multi,aucun,60,medium,/guides/plombier-urgence-arnaque,a-creer,2,T4-questions-guides,oui,Variante reformulation H1
eco-ptz comment l obtenir,informational,guide-howto,national,multi,aucun,60,medium,/guides/eco-ptz-comment-obtenir,a-creer,2,T4-questions-guides,oui,Variante reformulation H1
porter plainte contre artisan,informational,guide-howto,national,multi,aucun,60,medium,/guides/porter-plainte-artisan,a-creer,2,T4-questions-guides,oui,Variante reformulation H1
comment mediateur consommation btp,informational,guide-howto,national,multi,aucun,60,medium,/guides/mediateur-consommation-batiment,a-creer,2,T4-questions-guides,oui,Variante 'comment' - PAA-friendly
annuler un devis signe,informational,guide-howto,national,multi,aucun,60,medium,/guides/annuler-devis-travaux,a-creer,2,T4-questions-guides,oui,Variante reformulation H1
travaux supplementaires non prevus devis,informational,guide-howto,national,multi,aucun,60,medium,/guides/travaux-supplementaires-devis,a-creer,2,T4-questions-guides,oui,Variante reformulation H1
comment devis non signe travaux,informational,guide-howto,national,multi,aucun,60,medium,/guides/devis-non-signe-travaux,a-creer,2,T4-questions-guides,oui,Variante 'comment' - PAA-friendly
comment artisan refuse facture,informational,guide-howto,national,multi,aucun,60,medium,/guides/artisan-refuse-facture,a-creer,2,T4-questions-guides,oui,Variante 'comment' - PAA-friendly
comment qualibat qualifelec qualigaz,informational,guide-howto,national,multi,aucun,60,medium,/guides/labels-qualibat-qualifelec,a-creer,2,T4-questions-guides,oui,Variante 'comment' - PAA-friendly
ouvrir un mur porteur prix demarches,informational,guide-howto,national,multi,aucun,60,medium,/guides/ouvrir-mur-porteur,a-creer,2,T4-questions-guides,oui,Variante reformulation H1
comment maitre d oeuvre vs architecte,informational,guide-howto,national,multi,aucun,60,medium,/guides/maitre-oeuvre-vs-architecte,a-creer,2,T4-questions-guides,oui,Variante 'comment' - PAA-friendly
comment norme nf c 15-100 renovation,informational,guide-howto,national,multi,aucun,60,medium,/guides/norme-electrique-renovation,a-creer,2,T4-questions-guides,oui,Variante 'comment' - PAA-friendly
fissures murs grave ou pas,informational,guide-howto,national,multi,aucun,60,medium,/guides/fissures-murs-grave,a-creer,2,T4-questions-guides,oui,Variante reformulation H1
comment remontees capillaires traitement,informational,guide-howto,national,multi,aucun,60,medium,/guides/humidite-remontees-capillaires,a-creer,2,T4-questions-guides,oui,Variante 'comment' - PAA-friendly
comment prix pose carrelage 50m2,informational,guide-howto,national,multi,aucun,60,medium,/guides/pose-carrelage-50m2,a-creer,2,T4-questions-guides,oui,Variante 'comment' - PAA-friendly
comment prix peinture appartement 70m2,informational,guide-howto,national,multi,aucun,60,medium,/guides/peinture-appartement-70m2,a-creer,2,T4-questions-guides,oui,Variante 'comment' - PAA-friendly
comment artisan pas rge aide perdue,informational,guide-howto,national,multi,aucun,60,medium,/guides/artisan-rge-pas-aide,a-creer,2,T4-questions-guides,oui,Variante 'comment' - PAA-friendly
comment 50% acompte artisan normal,informational,guide-howto,national,multi,aucun,60,medium,/guides/acompte-50-normal,a-creer,2,T4-questions-guides,oui,Variante 'comment' - PAA-friendly
carreleur vaulx en velin 69120,transactional,local-listing,commune-banlieue,carreleur,aucun,58,medium,/lyon/vaulx-en-velin/carreleur,a-creer,2,T3-longue-traine,non,Variante avec code postal - signal local hyper-precis
chauffagiste vaulx en velin 69120,transactional,local-listing,commune-banlieue,chauffagiste,aucun,58,medium,/lyon/vaulx-en-velin/chauffagiste,a-creer,2,T3-longue-traine,non,Variante avec code postal - signal local hyper-precis
peintre meyzieu 69330,transactional,local-listing,commune-banlieue,peintre,aucun,58,medium,/lyon/meyzieu/peintre,a-creer,2,T3-longue-traine,non,Variante avec code postal - signal local hyper-precis
menuisier meyzieu 69330,transactional,local-listing,commune-banlieue,menuisier,aucun,58,medium,/lyon/meyzieu/menuisier,a-creer,2,T3-longue-traine,non,Variante avec code postal - signal local hyper-precis
ravalement facade grenoble,transactional,local-listing,ville-principale,multi,aucun,58,medium,/travaux/ravalement-facade/grenoble,a-creer,2,T2-volume-eleve,oui,Travaux + ville - intent project achat
changement fenetres grenoble,transactional,local-listing,ville-principale,multi,aucun,58,medium,/travaux/changement-fenetres/grenoble,a-creer,2,T2-volume-eleve,oui,Travaux + ville - intent project achat
installation electrique grenoble,transactional,local-listing,ville-principale,multi,aucun,58,medium,/travaux/installation-electrique/grenoble,a-creer,2,T2-volume-eleve,oui,Travaux + ville - intent project achat
recherche fuite eau grenoble,transactional,local-listing,ville-principale,multi,aucun,58,medium,/travaux/recherche-fuite-eau/grenoble,a-creer,2,T2-volume-eleve,oui,Travaux + ville - intent project achat
macon lyon 2e 69002,transactional,local-listing,arrondissement-lyon,macon,aucun,57,medium,/lyon/lyon-2e/macon,a-creer,2,T3-longue-traine,non,Variante avec code postal - signal local hyper-precis
couvreur lyon 2e 69002,transactional,local-listing,arrondissement-lyon,couvreur,aucun,57,medium,/lyon/lyon-2e/couvreur,a-creer,2,T3-longue-traine,non,Variante avec code postal - signal local hyper-precis
plombier dimanche annecy,transactional,local-listing,ville-principale,plombier,dimanche,57,medium,/annecy/plombier,a-creer,2,T1-quick-win,oui,Modificateur urgence/dispo - vol direct intent
plombier rge annecy,commercial,local-listing,ville-principale,plombier,rge,57,medium,/annecy/plombier,a-creer,2,T2-volume-eleve,oui,Modificateur commercial - intent compare/decide
electricien dimanche annecy,transactional,local-listing,ville-principale,electricien,dimanche,57,medium,/annecy/electricien,a-creer,2,T1-quick-win,oui,Modificateur urgence/dispo - vol direct intent
electricien rge annecy,commercial,local-listing,ville-principale,electricien,rge,57,medium,/annecy/electricien,a-creer,2,T2-volume-eleve,oui,Modificateur commercial - intent compare/decide
peintre dimanche annecy,transactional,local-listing,ville-principale,peintre,dimanche,57,medium,/annecy/peintre,a-creer,2,T1-quick-win,oui,Modificateur urgence/dispo - vol direct intent
peintre rge annecy,commercial,local-listing,ville-principale,peintre,rge,57,medium,/annecy/peintre,a-creer,2,T2-volume-eleve,oui,Modificateur commercial - intent compare/decide
macon dimanche annecy,transactional,local-listing,ville-principale,macon,dimanche,57,medium,/annecy/macon,a-creer,2,T1-quick-win,oui,Modificateur urgence/dispo - vol direct intent
macon rge annecy,commercial,local-listing,ville-principale,macon,rge,57,medium,/annecy/macon,a-creer,2,T2-volume-eleve,oui,Modificateur commercial - intent compare/decide
carreleur dimanche annecy,transactional,local-listing,ville-principale,carreleur,dimanche,57,medium,/annecy/carreleur,a-creer,2,T1-quick-win,oui,Modificateur urgence/dispo - vol direct intent
carreleur rge annecy,commercial,local-listing,ville-principale,carreleur,rge,57,medium,/annecy/carreleur,a-creer,2,T2-volume-eleve,oui,Modificateur commercial - intent compare/decide
menuisier dimanche annecy,transactional,local-listing,ville-principale,menuisier,dimanche,57,medium,/annecy/menuisier,a-creer,2,T1-quick-win,oui,Modificateur urgence/dispo - vol direct intent
menuisier rge annecy,commercial,local-listing,ville-principale,menuisier,rge,57,medium,/annecy/menuisier,a-creer,2,T2-volume-eleve,oui,Modificateur commercial - intent compare/decide
couvreur dimanche annecy,transactional,local-listing,ville-principale,couvreur,dimanche,57,medium,/annecy/couvreur,a-creer,2,T1-quick-win,oui,Modificateur urgence/dispo - vol direct intent
couvreur rge annecy,commercial,local-listing,ville-principale,couvreur,rge,57,medium,/annecy/couvreur,a-creer,2,T2-volume-eleve,oui,Modificateur commercial - intent compare/decide
chauffagiste dimanche annecy,transactional,local-listing,ville-principale,chauffagiste,dimanche,57,medium,/annecy/chauffagiste,a-creer,2,T1-quick-win,oui,Modificateur urgence/dispo - vol direct intent
chauffagiste rge annecy,commercial,local-listing,ville-principale,chauffagiste,rge,57,medium,/annecy/chauffagiste,a-creer,2,T2-volume-eleve,oui,Modificateur commercial - intent compare/decide
plombier proche,transactional,local-listing,ville-principale,plombier,proche,57,high,/valence/plombier,a-creer,2,T2-volume-eleve,non,Geolocalise - 'autour de moi' fort vol nationaux
electricien proche,transactional,local-listing,ville-principale,electricien,proche,57,high,/valence/electricien,a-creer,2,T2-volume-eleve,non,Geolocalise - 'autour de moi' fort vol nationaux
peintre proche,transactional,local-listing,ville-principale,peintre,proche,57,high,/valence/peintre,a-creer,2,T2-volume-eleve,non,Geolocalise - 'autour de moi' fort vol nationaux
macon proche,transactional,local-listing,ville-principale,macon,proche,57,high,/valence/macon,a-creer,2,T2-volume-eleve,non,Geolocalise - 'autour de moi' fort vol nationaux
carreleur proche,transactional,local-listing,ville-principale,carreleur,proche,57,high,/valence/carreleur,a-creer,2,T2-volume-eleve,non,Geolocalise - 'autour de moi' fort vol nationaux
menuisier proche,transactional,local-listing,ville-principale,menuisier,proche,57,high,/valence/menuisier,a-creer,2,T2-volume-eleve,non,Geolocalise - 'autour de moi' fort vol nationaux
couvreur proche,transactional,local-listing,ville-principale,couvreur,proche,57,high,/valence/couvreur,a-creer,2,T2-volume-eleve,non,Geolocalise - 'autour de moi' fort vol nationaux
chauffagiste proche,transactional,local-listing,ville-principale,chauffagiste,proche,57,high,/valence/chauffagiste,a-creer,2,T2-volume-eleve,non,Geolocalise - 'autour de moi' fort vol nationaux
peintre rillieux la pape 69140,transactional,local-listing,commune-banlieue,peintre,aucun,56,medium,/lyon/rillieux-la-pape/peintre,a-creer,2,T3-longue-traine,non,Variante avec code postal - signal local hyper-precis
menuisier rillieux la pape 69140,transactional,local-listing,commune-banlieue,menuisier,aucun,56,medium,/lyon/rillieux-la-pape/menuisier,a-creer,2,T3-longue-traine,non,Variante avec code postal - signal local hyper-precis
carreleur saint priest 69800,transactional,local-listing,commune-banlieue,carreleur,aucun,55,medium,/lyon/saint-priest/carreleur,a-creer,2,T3-longue-traine,non,Variante avec code postal - signal local hyper-precis
chauffagiste saint priest 69800,transactional,local-listing,commune-banlieue,chauffagiste,aucun,55,medium,/lyon/saint-priest/chauffagiste,a-creer,2,T3-longue-traine,non,Variante avec code postal - signal local hyper-precis
peintre grenoble avis,commercial,local-listing,ville-principale,peintre,avis,54,medium,/grenoble/peintre,existante,2,T2-volume-eleve,oui,Modificateur avis - fort intent commercial
menuisier grenoble avis,commercial,local-listing,ville-principale,menuisier,avis,54,medium,/grenoble/menuisier,existante,2,T2-volume-eleve,oui,Modificateur avis - fort intent commercial
macon lyon 1er 69001,transactional,local-listing,arrondissement-lyon,macon,aucun,54,medium,/lyon/lyon-1er/macon,a-creer,2,T3-longue-traine,non,Variante avec code postal - signal local hyper-precis
couvreur lyon 1er 69001,transactional,local-listing,arrondissement-lyon,couvreur,aucun,54,medium,/lyon/lyon-1er/couvreur,a-creer,2,T3-longue-traine,non,Variante avec code postal - signal local hyper-precis
peintre decines charpieu 69150,transactional,local-listing,commune-banlieue,peintre,aucun,54,medium,/lyon/decines-charpieu/peintre,a-creer,2,T3-longue-traine,non,Variante avec code postal - signal local hyper-precis
menuisier decines charpieu 69150,transactional,local-listing,commune-banlieue,menuisier,aucun,54,medium,/lyon/decines-charpieu/menuisier,a-creer,2,T3-longue-traine,non,Variante avec code postal - signal local hyper-precis
plombier proche,transactional,local-listing,ville-principale,plombier,proche,54,high,/chambery/plombier,a-creer,2,T2-volume-eleve,non,Geolocalise - 'autour de moi' fort vol nationaux
electricien proche,transactional,local-listing,ville-principale,electricien,proche,54,high,/chambery/electricien,a-creer,2,T2-volume-eleve,non,Geolocalise - 'autour de moi' fort vol nationaux
peintre proche,transactional,local-listing,ville-principale,peintre,proche,54,high,/chambery/peintre,a-creer,2,T2-volume-eleve,non,Geolocalise - 'autour de moi' fort vol nationaux
macon proche,transactional,local-listing,ville-principale,macon,proche,54,high,/chambery/macon,a-creer,2,T2-volume-eleve,non,Geolocalise - 'autour de moi' fort vol nationaux
carreleur proche,transactional,local-listing,ville-principale,carreleur,proche,54,high,/chambery/carreleur,a-creer,2,T2-volume-eleve,non,Geolocalise - 'autour de moi' fort vol nationaux
menuisier proche,transactional,local-listing,ville-principale,menuisier,proche,54,high,/chambery/menuisier,a-creer,2,T2-volume-eleve,non,Geolocalise - 'autour de moi' fort vol nationaux
couvreur proche,transactional,local-listing,ville-principale,couvreur,proche,54,high,/chambery/couvreur,a-creer,2,T2-volume-eleve,non,Geolocalise - 'autour de moi' fort vol nationaux
chauffagiste proche,transactional,local-listing,ville-principale,chauffagiste,proche,54,high,/chambery/chauffagiste,a-creer,2,T2-volume-eleve,non,Geolocalise - 'autour de moi' fort vol nationaux
carreleur caluire et cuire 69300,transactional,local-listing,commune-banlieue,carreleur,aucun,53,medium,/lyon/caluire-et-cuire/carreleur,a-creer,2,T3-longue-traine,non,Variante avec code postal - signal local hyper-precis
chauffagiste caluire et cuire 69300,transactional,local-listing,commune-banlieue,chauffagiste,aucun,53,medium,/lyon/caluire-et-cuire/chauffagiste,a-creer,2,T3-longue-traine,non,Variante avec code postal - signal local hyper-precis
peintre oullins 69600,transactional,local-listing,commune-banlieue,peintre,aucun,53,medium,/lyon/oullins/peintre,a-creer,2,T3-longue-traine,non,Variante avec code postal - signal local hyper-precis
menuisier oullins 69600,transactional,local-listing,commune-banlieue,menuisier,aucun,53,medium,/lyon/oullins/menuisier,a-creer,2,T3-longue-traine,non,Variante avec code postal - signal local hyper-precis
carreleur bron 69500,transactional,local-listing,commune-banlieue,carreleur,aucun,52,medium,/lyon/bron/carreleur,a-creer,2,T3-longue-traine,non,Variante avec code postal - signal local hyper-precis
chauffagiste bron 69500,transactional,local-listing,commune-banlieue,chauffagiste,aucun,52,medium,/lyon/bron/chauffagiste,a-creer,2,T3-longue-traine,non,Variante avec code postal - signal local hyper-precis
ravalement facade annecy,transactional,local-listing,ville-principale,multi,aucun,52,medium,/travaux/ravalement-facade/annecy,a-creer,2,T2-volume-eleve,oui,Travaux + ville - intent project achat
changement fenetres annecy,transactional,local-listing,ville-principale,multi,aucun,52,medium,/travaux/changement-fenetres/annecy,a-creer,2,T2-volume-eleve,oui,Travaux + ville - intent project achat
installation electrique annecy,transactional,local-listing,ville-principale,multi,aucun,52,medium,/travaux/installation-electrique/annecy,a-creer,2,T2-volume-eleve,oui,Travaux + ville - intent project achat
recherche fuite eau annecy,transactional,local-listing,ville-principale,multi,aucun,52,medium,/travaux/recherche-fuite-eau/annecy,a-creer,2,T2-volume-eleve,oui,Travaux + ville - intent project achat
carreleur saint martin d heres 38400,transactional,local-listing,commune-banlieue,carreleur,aucun,51,medium,/grenoble/saint-martin-d-heres/carreleur,a-creer,2,T3-longue-traine,non,Variante avec code postal - signal local hyper-precis
chauffagiste saint martin d heres 38400,transactional,local-listing,commune-banlieue,chauffagiste,aucun,51,medium,/grenoble/saint-martin-d-heres/chauffagiste,a-creer,2,T3-longue-traine,non,Variante avec code postal - signal local hyper-precis
annuaire artisan chambery,transactional,ville-hub,ville-principale,multi,aucun,50,medium,/chambery,existante,2,T2-volume-eleve,oui,Match exact USP Bativio
annuaire artisan annecy,transactional,ville-hub,ville-principale,multi,aucun,50,medium,/annecy,existante,2,T2-volume-eleve,oui,Match exact USP Bativio
annuaire artisan grenoble,transactional,ville-hub,ville-principale,multi,aucun,50,medium,/grenoble,existante,2,T2-volume-eleve,oui,Match exact USP Bativio
annuaire artisan lyon,transactional,ville-hub,ville-principale,multi,aucun,50,medium,/lyon,existante,2,T2-volume-eleve,oui,Match exact USP Bativio
annuaire artisan valence,transactional,ville-hub,ville-principale,multi,aucun,50,medium,/valence,existante,2,T2-volume-eleve,oui,Match exact USP Bativio
meilleur carreleur lyon,commercial,local-listing,ville-principale,carreleur,meilleur,50,medium,/lyon/carreleur,existante,2,T2-volume-eleve,oui,Modificateur meilleur/top - capte intent reassurance
meilleur chauffagiste lyon,commercial,local-listing,ville-principale,chauffagiste,meilleur,50,medium,/lyon/chauffagiste,existante,2,T2-volume-eleve,oui,Modificateur meilleur/top - capte intent reassurance
carreleur echirolles 38130,transactional,local-listing,commune-banlieue,carreleur,aucun,50,medium,/grenoble/echirolles/carreleur,a-creer,2,T3-longue-traine,non,Variante avec code postal - signal local hyper-precis
chauffagiste echirolles 38130,transactional,local-listing,commune-banlieue,chauffagiste,aucun,50,medium,/grenoble/echirolles/chauffagiste,a-creer,2,T3-longue-traine,non,Variante avec code postal - signal local hyper-precis
peintre fontaine 38600,transactional,local-listing,commune-banlieue,peintre,aucun,50,medium,/grenoble/fontaine/peintre,a-creer,2,T3-longue-traine,non,Variante avec code postal - signal local hyper-precis
menuisier fontaine 38600,transactional,local-listing,commune-banlieue,menuisier,aucun,50,medium,/grenoble/fontaine/menuisier,a-creer,2,T3-longue-traine,non,Variante avec code postal - signal local hyper-precis
macon venissieux 69200,transactional,local-listing,commune-banlieue,macon,aucun,50,medium,/lyon/venissieux/macon,a-creer,2,T3-longue-traine,non,Variante avec code postal - signal local hyper-precis
couvreur venissieux 69200,transactional,local-listing,commune-banlieue,couvreur,aucun,50,medium,/lyon/venissieux/couvreur,a-creer,2,T3-longue-traine,non,Variante avec code postal - signal local hyper-precis
plombier nuit grenoble,transactional,local-listing,ville-principale,plombier,ouvert-24h,50,medium,/grenoble/plombier,a-creer,2,T1-quick-win,oui,Modificateur urgence/dispo - vol direct intent
electricien nuit grenoble,transactional,local-listing,ville-principale,electricien,ouvert-24h,50,medium,/grenoble/electricien,a-creer,2,T1-quick-win,oui,Modificateur urgence/dispo - vol direct intent
peintre nuit grenoble,transactional,local-listing,ville-principale,peintre,ouvert-24h,50,medium,/grenoble/peintre,a-creer,2,T1-quick-win,oui,Modificateur urgence/dispo - vol direct intent
macon nuit grenoble,transactional,local-listing,ville-principale,macon,ouvert-24h,50,medium,/grenoble/macon,a-creer,2,T1-quick-win,oui,Modificateur urgence/dispo - vol direct intent
carreleur nuit grenoble,transactional,local-listing,ville-principale,carreleur,ouvert-24h,50,medium,/grenoble/carreleur,a-creer,2,T1-quick-win,oui,Modificateur urgence/dispo - vol direct intent
menuisier nuit grenoble,transactional,local-listing,ville-principale,menuisier,ouvert-24h,50,medium,/grenoble/menuisier,a-creer,2,T1-quick-win,oui,Modificateur urgence/dispo - vol direct intent
couvreur nuit grenoble,transactional,local-listing,ville-principale,couvreur,ouvert-24h,50,medium,/grenoble/couvreur,a-creer,2,T1-quick-win,oui,Modificateur urgence/dispo - vol direct intent
chauffagiste nuit grenoble,transactional,local-listing,ville-principale,chauffagiste,ouvert-24h,50,medium,/grenoble/chauffagiste,a-creer,2,T1-quick-win,oui,Modificateur urgence/dispo - vol direct intent
plombier nuit villeurbanne,transactional,local-listing,commune-banlieue,plombier,ouvert-24h,50,medium,/lyon/villeurbanne/plombier,a-creer,2,T1-quick-win,oui,Modificateur urgence/dispo - vol direct intent
electricien nuit villeurbanne,transactional,local-listing,commune-banlieue,electricien,ouvert-24h,50,medium,/lyon/villeurbanne/electricien,a-creer,2,T1-quick-win,oui,Modificateur urgence/dispo - vol direct intent
peintre nuit villeurbanne,transactional,local-listing,commune-banlieue,peintre,ouvert-24h,50,medium,/lyon/villeurbanne/peintre,a-creer,2,T1-quick-win,oui,Modificateur urgence/dispo - vol direct intent
macon nuit villeurbanne,transactional,local-listing,commune-banlieue,macon,ouvert-24h,50,medium,/lyon/villeurbanne/macon,a-creer,2,T1-quick-win,oui,Modificateur urgence/dispo - vol direct intent
carreleur nuit villeurbanne,transactional,local-listing,commune-banlieue,carreleur,ouvert-24h,50,medium,/lyon/villeurbanne/carreleur,a-creer,2,T1-quick-win,oui,Modificateur urgence/dispo - vol direct intent
menuisier nuit villeurbanne,transactional,local-listing,commune-banlieue,menuisier,ouvert-24h,50,medium,/lyon/villeurbanne/menuisier,a-creer,2,T1-quick-win,oui,Modificateur urgence/dispo - vol direct intent
couvreur nuit villeurbanne,transactional,local-listing,commune-banlieue,couvreur,ouvert-24h,50,medium,/lyon/villeurbanne/couvreur,a-creer,2,T1-quick-win,oui,Modificateur urgence/dispo - vol direct intent
chauffagiste nuit villeurbanne,transactional,local-listing,commune-banlieue,chauffagiste,ouvert-24h,50,medium,/lyon/villeurbanne/chauffagiste,a-creer,2,T1-quick-win,oui,Modificateur urgence/dispo - vol direct intent
peintre tassin la demi lune 69160,transactional,local-listing,commune-banlieue,peintre,aucun,49,medium,/lyon/tassin-la-demi-lune/peintre,a-creer,2,T3-longue-traine,non,Variante avec code postal - signal local hyper-precis
menuisier tassin la demi lune 69160,transactional,local-listing,commune-banlieue,menuisier,aucun,49,medium,/lyon/tassin-la-demi-lune/menuisier,a-creer,2,T3-longue-traine,non,Variante avec code postal - signal local hyper-precis
peintre sainte foy les lyon 69110,transactional,local-listing,commune-banlieue,peintre,aucun,49,medium,/lyon/sainte-foy-les-lyon/peintre,a-creer,2,T3-longue-traine,non,Variante avec code postal - signal local hyper-precis
menuisier sainte foy les lyon 69110,transactional,local-listing,commune-banlieue,menuisier,aucun,49,medium,/lyon/sainte-foy-les-lyon/menuisier,a-creer,2,T3-longue-traine,non,Variante avec code postal - signal local hyper-precis
peintre saint genis laval 69230,transactional,local-listing,commune-banlieue,peintre,aucun,49,medium,/lyon/saint-genis-laval/peintre,a-creer,2,T3-longue-traine,non,Variante avec code postal - signal local hyper-precis
menuisier saint genis laval 69230,transactional,local-listing,commune-banlieue,menuisier,aucun,49,medium,/lyon/saint-genis-laval/menuisier,a-creer,2,T3-longue-traine,non,Variante avec code postal - signal local hyper-precis
meilleur electricien chambery,commercial,local-listing,ville-principale,electricien,meilleur,48,medium,/chambery/electricien,existante,2,T2-volume-eleve,oui,Modificateur meilleur/top - capte intent reassurance
meilleur electricien valence,commercial,local-listing,ville-principale,electricien,meilleur,48,medium,/valence/electricien,existante,2,T2-volume-eleve,oui,Modificateur meilleur/top - capte intent reassurance
peintre annecy le vieux 74940,transactional,local-listing,commune-banlieue,peintre,aucun,48,medium,/annecy/annecy-le-vieux/peintre,a-creer,2,T3-longue-traine,non,Variante avec code postal - signal local hyper-precis
menuisier annecy le vieux 74940,transactional,local-listing,commune-banlieue,menuisier,aucun,48,medium,/annecy/annecy-le-vieux/menuisier,a-creer,2,T3-longue-traine,non,Variante avec code postal - signal local hyper-precis
carreleur meyzieu 69330,transactional,local-listing,commune-banlieue,carreleur,aucun,48,medium,/lyon/meyzieu/carreleur,a-creer,2,T3-longue-traine,non,Variante avec code postal - signal local hyper-precis
chauffagiste meyzieu 69330,transactional,local-listing,commune-banlieue,chauffagiste,aucun,48,medium,/lyon/meyzieu/chauffagiste,a-creer,2,T3-longue-traine,non,Variante avec code postal - signal local hyper-precis
plombier ouvert actuellement valence,transactional,local-listing,ville-principale,plombier,ouvert-24h,48,medium,/valence/plombier,a-creer,2,T1-quick-win,oui,Modificateur urgence/dispo - vol direct intent
electricien ouvert actuellement valence,transactional,local-listing,ville-principale,electricien,ouvert-24h,48,medium,/valence/electricien,a-creer,2,T1-quick-win,oui,Modificateur urgence/dispo - vol direct intent
peintre ouvert actuellement valence,transactional,local-listing,ville-principale,peintre,ouvert-24h,48,medium,/valence/peintre,a-creer,2,T1-quick-win,oui,Modificateur urgence/dispo - vol direct intent
macon ouvert actuellement valence,transactional,local-listing,ville-principale,macon,ouvert-24h,48,medium,/valence/macon,a-creer,2,T1-quick-win,oui,Modificateur urgence/dispo - vol direct intent
carreleur ouvert actuellement valence,transactional,local-listing,ville-principale,carreleur,ouvert-24h,48,medium,/valence/carreleur,a-creer,2,T1-quick-win,oui,Modificateur urgence/dispo - vol direct intent
menuisier ouvert actuellement valence,transactional,local-listing,ville-principale,menuisier,ouvert-24h,48,medium,/valence/menuisier,a-creer,2,T1-quick-win,oui,Modificateur urgence/dispo - vol direct intent
couvreur ouvert actuellement valence,transactional,local-listing,ville-principale,couvreur,ouvert-24h,48,medium,/valence/couvreur,a-creer,2,T1-quick-win,oui,Modificateur urgence/dispo - vol direct intent
chauffagiste ouvert actuellement valence,transactional,local-listing,ville-principale,chauffagiste,ouvert-24h,48,medium,/valence/chauffagiste,a-creer,2,T1-quick-win,oui,Modificateur urgence/dispo - vol direct intent
comment artisan fournir materiaux soi meme,informational,guide-howto,national,multi,aucun,48,medium,/guides/fournir-materiaux-soi-meme,a-creer,2,T4-questions-guides,oui,Variante 'comment' - PAA-friendly
comment expertise judiciaire travaux,informational,guide-howto,national,multi,aucun,48,medium,/guides/expertise-judiciaire-travaux,a-creer,2,T4-questions-guides,oui,Variante 'comment' - PAA-friendly
peintre seynod 74600,transactional,local-listing,commune-banlieue,peintre,aucun,47,medium,/annecy/seynod/peintre,a-creer,2,T3-longue-traine,non,Variante avec code postal - signal local hyper-precis
menuisier seynod 74600,transactional,local-listing,commune-banlieue,menuisier,aucun,47,medium,/annecy/seynod/menuisier,a-creer,2,T3-longue-traine,non,Variante avec code postal - signal local hyper-precis
carreleur rillieux la pape 69140,transactional,local-listing,commune-banlieue,carreleur,aucun,47,medium,/lyon/rillieux-la-pape/carreleur,a-creer,2,T3-longue-traine,non,Variante avec code postal - signal local hyper-precis
chauffagiste rillieux la pape 69140,transactional,local-listing,commune-banlieue,chauffagiste,aucun,47,medium,/lyon/rillieux-la-pape/chauffagiste,a-creer,2,T3-longue-traine,non,Variante avec code postal - signal local hyper-precis
peintre givors 69700,transactional,local-listing,commune-banlieue,peintre,aucun,47,medium,/lyon/givors/peintre,a-creer,2,T3-longue-traine,non,Variante avec code postal - signal local hyper-precis
menuisier givors 69700,transactional,local-listing,commune-banlieue,menuisier,aucun,47,medium,/lyon/givors/menuisier,a-creer,2,T3-longue-traine,non,Variante avec code postal - signal local hyper-precis
peintre bourg les valence 26500,transactional,local-listing,commune-banlieue,peintre,aucun,47,medium,/valence/bourg-les-valence/peintre,a-creer,2,T3-longue-traine,non,Variante avec code postal - signal local hyper-precis
menuisier bourg les valence 26500,transactional,local-listing,commune-banlieue,menuisier,aucun,47,medium,/valence/bourg-les-valence/menuisier,a-creer,2,T3-longue-traine,non,Variante avec code postal - signal local hyper-precis
macon vaulx en velin 69120,transactional,local-listing,commune-banlieue,macon,aucun,46,medium,/lyon/vaulx-en-velin/macon,a-creer,2,T3-longue-traine,non,Variante avec code postal - signal local hyper-precis
couvreur vaulx en velin 69120,transactional,local-listing,commune-banlieue,couvreur,aucun,46,medium,/lyon/vaulx-en-velin/couvreur,a-creer,2,T3-longue-traine,non,Variante avec code postal - signal local hyper-precis
peintre saint fons 69190,transactional,local-listing,commune-banlieue,peintre,aucun,46,medium,/lyon/saint-fons/peintre,a-creer,2,T3-longue-traine,non,Variante avec code postal - signal local hyper-precis
menuisier saint fons 69190,transactional,local-listing,commune-banlieue,menuisier,aucun,46,medium,/lyon/saint-fons/menuisier,a-creer,2,T3-longue-traine,non,Variante avec code postal - signal local hyper-precis
peintre ecully 69130,transactional,local-listing,commune-banlieue,peintre,aucun,46,medium,/lyon/ecully/peintre,a-creer,2,T3-longue-traine,non,Variante avec code postal - signal local hyper-precis
menuisier ecully 69130,transactional,local-listing,commune-banlieue,menuisier,aucun,46,medium,/lyon/ecully/menuisier,a-creer,2,T3-longue-traine,non,Variante avec code postal - signal local hyper-precis
plombier ouvert actuellement chambery,transactional,local-listing,ville-principale,plombier,ouvert-24h,46,medium,/chambery/plombier,a-creer,2,T1-quick-win,oui,Modificateur urgence/dispo - vol direct intent
electricien ouvert actuellement chambery,transactional,local-listing,ville-principale,electricien,ouvert-24h,46,medium,/chambery/electricien,a-creer,2,T1-quick-win,oui,Modificateur urgence/dispo - vol direct intent
peintre ouvert actuellement chambery,transactional,local-listing,ville-principale,peintre,ouvert-24h,46,medium,/chambery/peintre,a-creer,2,T1-quick-win,oui,Modificateur urgence/dispo - vol direct intent
macon ouvert actuellement chambery,transactional,local-listing,ville-principale,macon,ouvert-24h,46,medium,/chambery/macon,a-creer,2,T1-quick-win,oui,Modificateur urgence/dispo - vol direct intent
carreleur ouvert actuellement chambery,transactional,local-listing,ville-principale,carreleur,ouvert-24h,46,medium,/chambery/carreleur,a-creer,2,T1-quick-win,oui,Modificateur urgence/dispo - vol direct intent
menuisier ouvert actuellement chambery,transactional,local-listing,ville-principale,menuisier,ouvert-24h,46,medium,/chambery/menuisier,a-creer,2,T1-quick-win,oui,Modificateur urgence/dispo - vol direct intent
couvreur ouvert actuellement chambery,transactional,local-listing,ville-principale,couvreur,ouvert-24h,46,medium,/chambery/couvreur,a-creer,2,T1-quick-win,oui,Modificateur urgence/dispo - vol direct intent
chauffagiste ouvert actuellement chambery,transactional,local-listing,ville-principale,chauffagiste,ouvert-24h,46,medium,/chambery/chauffagiste,a-creer,2,T1-quick-win,oui,Modificateur urgence/dispo - vol direct intent
isolation combles valence,transactional,local-listing,ville-principale,multi,aucun,46,medium,/travaux/isolation-combles/valence,a-creer,2,T2-volume-eleve,oui,Travaux + ville - intent project achat
isolation exterieure valence,transactional,local-listing,ville-principale,multi,aucun,46,medium,/travaux/isolation-exterieure/valence,a-creer,2,T2-volume-eleve,oui,Travaux + ville - intent project achat
douche italienne valence,transactional,local-listing,ville-principale,multi,aucun,46,medium,/travaux/douche-italienne/valence,a-creer,2,T2-volume-eleve,oui,Travaux + ville - intent project achat
depannage electrique valence,transactional,local-listing,ville-principale,multi,aucun,46,medium,/travaux/depannage-electrique/valence,a-creer,2,T2-volume-eleve,oui,Travaux + ville - intent project achat
peintre annecy avis,commercial,local-listing,ville-principale,peintre,avis,45,medium,/annecy/peintre,existante,2,T2-volume-eleve,oui,Modificateur avis - fort intent commercial
menuisier annecy avis,commercial,local-listing,ville-principale,menuisier,avis,45,medium,/annecy/menuisier,existante,2,T2-volume-eleve,oui,Modificateur avis - fort intent commercial
carreleur grenoble avis,commercial,local-listing,ville-principale,carreleur,avis,45,medium,/grenoble/carreleur,existante,2,T2-volume-eleve,oui,Modificateur avis - fort intent commercial
chauffagiste grenoble avis,commercial,local-listing,ville-principale,chauffagiste,avis,45,medium,/grenoble/chauffagiste,existante,2,T2-volume-eleve,oui,Modificateur avis - fort intent commercial
peintre cran gevrier 74960,transactional,local-listing,commune-banlieue,peintre,aucun,45,medium,/annecy/cran-gevrier/peintre,a-creer,2,T3-longue-traine,non,Variante avec code postal - signal local hyper-precis
menuisier cran gevrier 74960,transactional,local-listing,commune-banlieue,menuisier,aucun,45,medium,/annecy/cran-gevrier/menuisier,a-creer,2,T3-longue-traine,non,Variante avec code postal - signal local hyper-precis
peintre meylan 38240,transactional,local-listing,commune-banlieue,peintre,aucun,45,medium,/grenoble/meylan/peintre,a-creer,2,T3-longue-traine,non,Variante avec code postal - signal local hyper-precis
menuisier meylan 38240,transactional,local-listing,commune-banlieue,menuisier,aucun,45,medium,/grenoble/meylan/menuisier,a-creer,2,T3-longue-traine,non,Variante avec code postal - signal local hyper-precis
carreleur decines charpieu 69150,transactional,local-listing,commune-banlieue,carreleur,aucun,45,medium,/lyon/decines-charpieu/carreleur,a-creer,2,T3-longue-traine,non,Variante avec code postal - signal local hyper-precis
chauffagiste decines charpieu 69150,transactional,local-listing,commune-banlieue,chauffagiste,aucun,45,medium,/lyon/decines-charpieu/chauffagiste,a-creer,2,T3-longue-traine,non,Variante avec code postal - signal local hyper-precis
plombier nuit annecy,transactional,local-listing,ville-principale,plombier,ouvert-24h,45,medium,/annecy/plombier,a-creer,2,T1-quick-win,oui,Modificateur urgence/dispo - vol direct intent
electricien nuit annecy,transactional,local-listing,ville-principale,electricien,ouvert-24h,45,medium,/annecy/electricien,a-creer,2,T1-quick-win,oui,Modificateur urgence/dispo - vol direct intent
peintre nuit annecy,transactional,local-listing,ville-principale,peintre,ouvert-24h,45,medium,/annecy/peintre,a-creer,2,T1-quick-win,oui,Modificateur urgence/dispo - vol direct intent
macon nuit annecy,transactional,local-listing,ville-principale,macon,ouvert-24h,45,medium,/annecy/macon,a-creer,2,T1-quick-win,oui,Modificateur urgence/dispo - vol direct intent
carreleur nuit annecy,transactional,local-listing,ville-principale,carreleur,ouvert-24h,45,medium,/annecy/carreleur,a-creer,2,T1-quick-win,oui,Modificateur urgence/dispo - vol direct intent
menuisier nuit annecy,transactional,local-listing,ville-principale,menuisier,ouvert-24h,45,medium,/annecy/menuisier,a-creer,2,T1-quick-win,oui,Modificateur urgence/dispo - vol direct intent
couvreur nuit annecy,transactional,local-listing,ville-principale,couvreur,ouvert-24h,45,medium,/annecy/couvreur,a-creer,2,T1-quick-win,oui,Modificateur urgence/dispo - vol direct intent
chauffagiste nuit annecy,transactional,local-listing,ville-principale,chauffagiste,ouvert-24h,45,medium,/annecy/chauffagiste,a-creer,2,T1-quick-win,oui,Modificateur urgence/dispo - vol direct intent
peintre saint egreve 38120,transactional,local-listing,commune-banlieue,peintre,aucun,44,medium,/grenoble/saint-egreve/peintre,a-creer,2,T3-longue-traine,non,Variante avec code postal - signal local hyper-precis
menuisier saint egreve 38120,transactional,local-listing,commune-banlieue,menuisier,aucun,44,medium,/grenoble/saint-egreve/menuisier,a-creer,2,T3-longue-traine,non,Variante avec code postal - signal local hyper-precis
macon saint priest 69800,transactional,local-listing,commune-banlieue,macon,aucun,44,medium,/lyon/saint-priest/macon,a-creer,2,T3-longue-traine,non,Variante avec code postal - signal local hyper-precis
couvreur saint priest 69800,transactional,local-listing,commune-banlieue,couvreur,aucun,44,medium,/lyon/saint-priest/couvreur,a-creer,2,T3-longue-traine,non,Variante avec code postal - signal local hyper-precis
carreleur oullins 69600,transactional,local-listing,commune-banlieue,carreleur,aucun,44,medium,/lyon/oullins/carreleur,a-creer,2,T3-longue-traine,non,Variante avec code postal - signal local hyper-precis
chauffagiste oullins 69600,transactional,local-listing,commune-banlieue,chauffagiste,aucun,44,medium,/lyon/oullins/chauffagiste,a-creer,2,T3-longue-traine,non,Variante avec code postal - signal local hyper-precis
isolation combles chambery,transactional,local-listing,ville-principale,multi,aucun,44,medium,/travaux/isolation-combles/chambery,a-creer,2,T2-volume-eleve,oui,Travaux + ville - intent project achat
isolation exterieure chambery,transactional,local-listing,ville-principale,multi,aucun,44,medium,/travaux/isolation-exterieure/chambery,a-creer,2,T2-volume-eleve,oui,Travaux + ville - intent project achat
douche italienne chambery,transactional,local-listing,ville-principale,multi,aucun,44,medium,/travaux/douche-italienne/chambery,a-creer,2,T2-volume-eleve,oui,Travaux + ville - intent project achat
depannage electrique chambery,transactional,local-listing,ville-principale,multi,aucun,44,medium,/travaux/depannage-electrique/chambery,a-creer,2,T2-volume-eleve,oui,Travaux + ville - intent project achat
macon caluire et cuire 69300,transactional,local-listing,commune-banlieue,macon,aucun,43,medium,/lyon/caluire-et-cuire/macon,a-creer,2,T3-longue-traine,non,Variante avec code postal - signal local hyper-precis
couvreur caluire et cuire 69300,transactional,local-listing,commune-banlieue,couvreur,aucun,43,medium,/lyon/caluire-et-cuire/couvreur,a-creer,2,T3-longue-traine,non,Variante avec code postal - signal local hyper-precis
refection toiture grenoble,transactional,local-listing,ville-principale,multi,aucun,43,medium,/travaux/refection-toiture/grenoble,a-creer,2,T2-volume-eleve,oui,Travaux + ville - intent project achat
carreleur fontaine 38600,transactional,local-listing,commune-banlieue,carreleur,aucun,42,medium,/grenoble/fontaine/carreleur,a-creer,2,T3-longue-traine,non,Variante avec code postal - signal local hyper-precis
chauffagiste fontaine 38600,transactional,local-listing,commune-banlieue,chauffagiste,aucun,42,medium,/grenoble/fontaine/chauffagiste,a-creer,2,T3-longue-traine,non,Variante avec code postal - signal local hyper-precis
macon bron 69500,transactional,local-listing,commune-banlieue,macon,aucun,42,medium,/lyon/bron/macon,a-creer,2,T3-longue-traine,non,Variante avec code postal - signal local hyper-precis
couvreur bron 69500,transactional,local-listing,commune-banlieue,couvreur,aucun,42,medium,/lyon/bron/couvreur,a-creer,2,T3-longue-traine,non,Variante avec code postal - signal local hyper-precis
macon saint martin d heres 38400,transactional,local-listing,commune-banlieue,macon,aucun,41,medium,/grenoble/saint-martin-d-heres/macon,a-creer,2,T3-longue-traine,non,Variante avec code postal - signal local hyper-precis
couvreur saint martin d heres 38400,transactional,local-listing,commune-banlieue,couvreur,aucun,41,medium,/grenoble/saint-martin-d-heres/couvreur,a-creer,2,T3-longue-traine,non,Variante avec code postal - signal local hyper-precis
carreleur tassin la demi lune 69160,transactional,local-listing,commune-banlieue,carreleur,aucun,41,medium,/lyon/tassin-la-demi-lune/carreleur,a-creer,2,T3-longue-traine,non,Variante avec code postal - signal local hyper-precis
chauffagiste tassin la demi lune 69160,transactional,local-listing,commune-banlieue,chauffagiste,aucun,41,medium,/lyon/tassin-la-demi-lune/chauffagiste,a-creer,2,T3-longue-traine,non,Variante avec code postal - signal local hyper-precis
carreleur sainte foy les lyon 69110,transactional,local-listing,commune-banlieue,carreleur,aucun,41,medium,/lyon/sainte-foy-les-lyon/carreleur,a-creer,2,T3-longue-traine,non,Variante avec code postal - signal local hyper-precis
chauffagiste sainte foy les lyon 69110,transactional,local-listing,commune-banlieue,chauffagiste,aucun,41,medium,/lyon/sainte-foy-les-lyon/chauffagiste,a-creer,2,T3-longue-traine,non,Variante avec code postal - signal local hyper-precis
carreleur saint genis laval 69230,transactional,local-listing,commune-banlieue,carreleur,aucun,41,medium,/lyon/saint-genis-laval/carreleur,a-creer,2,T3-longue-traine,non,Variante avec code postal - signal local hyper-precis
chauffagiste saint genis laval 69230,transactional,local-listing,commune-banlieue,chauffagiste,aucun,41,medium,/lyon/saint-genis-laval/chauffagiste,a-creer,2,T3-longue-traine,non,Variante avec code postal - signal local hyper-precis
meilleur macon lyon,commercial,local-listing,ville-principale,macon,meilleur,40,medium,/lyon/macon,existante,2,T2-volume-eleve,oui,Modificateur meilleur/top - capte intent reassurance
meilleur couvreur lyon,commercial,local-listing,ville-principale,couvreur,meilleur,40,medium,/lyon/couvreur,existante,2,T2-volume-eleve,oui,Modificateur meilleur/top - capte intent reassurance
carreleur annecy le vieux 74940,transactional,local-listing,commune-banlieue,carreleur,aucun,40,medium,/annecy/annecy-le-vieux/carreleur,a-creer,2,T3-longue-traine,non,Variante avec code postal - signal local hyper-precis
chauffagiste annecy le vieux 74940,transactional,local-listing,commune-banlieue,chauffagiste,aucun,40,medium,/annecy/annecy-le-vieux/chauffagiste,a-creer,2,T3-longue-traine,non,Variante avec code postal - signal local hyper-precis
macon echirolles 38130,transactional,local-listing,commune-banlieue,macon,aucun,40,medium,/grenoble/echirolles/macon,a-creer,2,T3-longue-traine,non,Variante avec code postal - signal local hyper-precis
couvreur echirolles 38130,transactional,local-listing,commune-banlieue,couvreur,aucun,40,medium,/grenoble/echirolles/couvreur,a-creer,2,T3-longue-traine,non,Variante avec code postal - signal local hyper-precis
plombier dimanche valence,transactional,local-listing,ville-principale,plombier,dimanche,40,medium,/valence/plombier,a-creer,2,T1-quick-win,oui,Modificateur urgence/dispo - vol direct intent
plombier rge valence,commercial,local-listing,ville-principale,plombier,rge,40,medium,/valence/plombier,a-creer,2,T2-volume-eleve,oui,Modificateur commercial - intent compare/decide
electricien dimanche valence,transactional,local-listing,ville-principale,electricien,dimanche,40,medium,/valence/electricien,a-creer,2,T1-quick-win,oui,Modificateur urgence/dispo - vol direct intent
electricien rge valence,commercial,local-listing,ville-principale,electricien,rge,40,medium,/valence/electricien,a-creer,2,T2-volume-eleve,oui,Modificateur commercial - intent compare/decide
peintre dimanche valence,transactional,local-listing,ville-principale,peintre,dimanche,40,medium,/valence/peintre,a-creer,2,T1-quick-win,oui,Modificateur urgence/dispo - vol direct intent
peintre rge valence,commercial,local-listing,ville-principale,peintre,rge,40,medium,/valence/peintre,a-creer,2,T2-volume-eleve,oui,Modificateur commercial - intent compare/decide
macon dimanche valence,transactional,local-listing,ville-principale,macon,dimanche,40,medium,/valence/macon,a-creer,2,T1-quick-win,oui,Modificateur urgence/dispo - vol direct intent
macon rge valence,commercial,local-listing,ville-principale,macon,rge,40,medium,/valence/macon,a-creer,2,T2-volume-eleve,oui,Modificateur commercial - intent compare/decide
carreleur dimanche valence,transactional,local-listing,ville-principale,carreleur,dimanche,40,medium,/valence/carreleur,a-creer,2,T1-quick-win,oui,Modificateur urgence/dispo - vol direct intent
carreleur rge valence,commercial,local-listing,ville-principale,carreleur,rge,40,medium,/valence/carreleur,a-creer,2,T2-volume-eleve,oui,Modificateur commercial - intent compare/decide
menuisier dimanche valence,transactional,local-listing,ville-principale,menuisier,dimanche,40,medium,/valence/menuisier,a-creer,2,T1-quick-win,oui,Modificateur urgence/dispo - vol direct intent
menuisier rge valence,commercial,local-listing,ville-principale,menuisier,rge,40,medium,/valence/menuisier,a-creer,2,T2-volume-eleve,oui,Modificateur commercial - intent compare/decide
couvreur dimanche valence,transactional,local-listing,ville-principale,couvreur,dimanche,40,medium,/valence/couvreur,a-creer,2,T1-quick-win,oui,Modificateur urgence/dispo - vol direct intent
couvreur rge valence,commercial,local-listing,ville-principale,couvreur,rge,40,medium,/valence/couvreur,a-creer,2,T2-volume-eleve,oui,Modificateur commercial - intent compare/decide
chauffagiste dimanche valence,transactional,local-listing,ville-principale,chauffagiste,dimanche,40,medium,/valence/chauffagiste,a-creer,2,T1-quick-win,oui,Modificateur urgence/dispo - vol direct intent
chauffagiste rge valence,commercial,local-listing,ville-principale,chauffagiste,rge,40,medium,/valence/chauffagiste,a-creer,2,T2-volume-eleve,oui,Modificateur commercial - intent compare/decide
artisan disparu avec acompte,informational,guide-howto,national,multi,aucun,40,medium,/guides/artisan-disparu-recours,a-creer,2,T4-questions-guides,oui,Variante reformulation H1
devis non signe travaux commences,informational,guide-howto,national,multi,aucun,40,medium,/guides/devis-non-signe-travaux,a-creer,2,T4-questions-guides,oui,Variante reformulation H1
artisan refuse de donner facture,informational,guide-howto,national,multi,aucun,40,medium,/guides/artisan-refuse-facture,a-creer,2,T4-questions-guides,oui,Variante reformulation H1
labels qualibat qualifelec qualigaz,informational,guide-howto,national,multi,aucun,40,medium,/guides/labels-qualibat-qualifelec,a-creer,2,T4-questions-guides,oui,Variante reformulation H1
norme nf c 15-100 obligatoire,informational,guide-howto,national,multi,aucun,40,medium,/guides/norme-electrique-renovation,a-creer,2,T4-questions-guides,oui,Variante reformulation H1
humidite remontees capillaires,informational,guide-howto,national,multi,aucun,40,medium,/guides/humidite-remontees-capillaires,a-creer,2,T4-questions-guides,oui,Variante reformulation H1
artisan pas rge je perds aides,informational,guide-howto,national,multi,aucun,40,medium,/guides/artisan-rge-pas-aide,a-creer,2,T4-questions-guides,oui,Variante reformulation H1
50% acompte artisan normal ou abusif,informational,guide-howto,national,multi,aucun,40,medium,/guides/acompte-50-normal,a-creer,2,T4-questions-guides,oui,Variante reformulation H1
carreleur seynod 74600,transactional,local-listing,commune-banlieue,carreleur,aucun,39,medium,/annecy/seynod/carreleur,a-creer,2,T3-longue-traine,non,Variante avec code postal - signal local hyper-precis
chauffagiste seynod 74600,transactional,local-listing,commune-banlieue,chauffagiste,aucun,39,medium,/annecy/seynod/chauffagiste,a-creer,2,T3-longue-traine,non,Variante avec code postal - signal local hyper-precis
macon meyzieu 69330,transactional,local-listing,commune-banlieue,macon,aucun,39,medium,/lyon/meyzieu/macon,a-creer,2,T3-longue-traine,non,Variante avec code postal - signal local hyper-precis
couvreur meyzieu 69330,transactional,local-listing,commune-banlieue,couvreur,aucun,39,medium,/lyon/meyzieu/couvreur,a-creer,2,T3-longue-traine,non,Variante avec code postal - signal local hyper-precis
carreleur givors 69700,transactional,local-listing,commune-banlieue,carreleur,aucun,39,medium,/lyon/givors/carreleur,a-creer,2,T3-longue-traine,non,Variante avec code postal - signal local hyper-precis
chauffagiste givors 69700,transactional,local-listing,commune-banlieue,chauffagiste,aucun,39,medium,/lyon/givors/chauffagiste,a-creer,2,T3-longue-traine,non,Variante avec code postal - signal local hyper-precis
carreleur bourg les valence 26500,transactional,local-listing,commune-banlieue,carreleur,aucun,39,medium,/valence/bourg-les-valence/carreleur,a-creer,2,T3-longue-traine,non,Variante avec code postal - signal local hyper-precis
chauffagiste bourg les valence 26500,transactional,local-listing,commune-banlieue,chauffagiste,aucun,39,medium,/valence/bourg-les-valence/chauffagiste,a-creer,2,T3-longue-traine,non,Variante avec code postal - signal local hyper-precis
refection toiture annecy,transactional,local-listing,ville-principale,multi,aucun,39,medium,/travaux/refection-toiture/annecy,a-creer,2,T2-volume-eleve,oui,Travaux + ville - intent project achat
carreleur saint fons 69190,transactional,local-listing,commune-banlieue,carreleur,aucun,38,medium,/lyon/saint-fons/carreleur,a-creer,2,T3-longue-traine,non,Variante avec code postal - signal local hyper-precis
chauffagiste saint fons 69190,transactional,local-listing,commune-banlieue,chauffagiste,aucun,38,medium,/lyon/saint-fons/chauffagiste,a-creer,2,T3-longue-traine,non,Variante avec code postal - signal local hyper-precis
carreleur ecully 69130,transactional,local-listing,commune-banlieue,carreleur,aucun,38,medium,/lyon/ecully/carreleur,a-creer,2,T3-longue-traine,non,Variante avec code postal - signal local hyper-precis
chauffagiste ecully 69130,transactional,local-listing,commune-banlieue,chauffagiste,aucun,38,medium,/lyon/ecully/chauffagiste,a-creer,2,T3-longue-traine,non,Variante avec code postal - signal local hyper-precis
plombier dimanche chambery,transactional,local-listing,ville-principale,plombier,dimanche,38,medium,/chambery/plombier,a-creer,2,T1-quick-win,oui,Modificateur urgence/dispo - vol direct intent
plombier rge chambery,commercial,local-listing,ville-principale,plombier,rge,38,medium,/chambery/plombier,a-creer,2,T2-volume-eleve,oui,Modificateur commercial - intent compare/decide
electricien dimanche chambery,transactional,local-listing,ville-principale,electricien,dimanche,38,medium,/chambery/electricien,a-creer,2,T1-quick-win,oui,Modificateur urgence/dispo - vol direct intent
electricien rge chambery,commercial,local-listing,ville-principale,electricien,rge,38,medium,/chambery/electricien,a-creer,2,T2-volume-eleve,oui,Modificateur commercial - intent compare/decide
peintre dimanche chambery,transactional,local-listing,ville-principale,peintre,dimanche,38,medium,/chambery/peintre,a-creer,2,T1-quick-win,oui,Modificateur urgence/dispo - vol direct intent
peintre rge chambery,commercial,local-listing,ville-principale,peintre,rge,38,medium,/chambery/peintre,a-creer,2,T2-volume-eleve,oui,Modificateur commercial - intent compare/decide
macon dimanche chambery,transactional,local-listing,ville-principale,macon,dimanche,38,medium,/chambery/macon,a-creer,2,T1-quick-win,oui,Modificateur urgence/dispo - vol direct intent
macon rge chambery,commercial,local-listing,ville-principale,macon,rge,38,medium,/chambery/macon,a-creer,2,T2-volume-eleve,oui,Modificateur commercial - intent compare/decide
carreleur dimanche chambery,transactional,local-listing,ville-principale,carreleur,dimanche,38,medium,/chambery/carreleur,a-creer,2,T1-quick-win,oui,Modificateur urgence/dispo - vol direct intent
carreleur rge chambery,commercial,local-listing,ville-principale,carreleur,rge,38,medium,/chambery/carreleur,a-creer,2,T2-volume-eleve,oui,Modificateur commercial - intent compare/decide
menuisier dimanche chambery,transactional,local-listing,ville-principale,menuisier,dimanche,38,medium,/chambery/menuisier,a-creer,2,T1-quick-win,oui,Modificateur urgence/dispo - vol direct intent
menuisier rge chambery,commercial,local-listing,ville-principale,menuisier,rge,38,medium,/chambery/menuisier,a-creer,2,T2-volume-eleve,oui,Modificateur commercial - intent compare/decide
couvreur dimanche chambery,transactional,local-listing,ville-principale,couvreur,dimanche,38,medium,/chambery/couvreur,a-creer,2,T1-quick-win,oui,Modificateur urgence/dispo - vol direct intent
couvreur rge chambery,commercial,local-listing,ville-principale,couvreur,rge,38,medium,/chambery/couvreur,a-creer,2,T2-volume-eleve,oui,Modificateur commercial - intent compare/decide
chauffagiste dimanche chambery,transactional,local-listing,ville-principale,chauffagiste,dimanche,38,medium,/chambery/chauffagiste,a-creer,2,T1-quick-win,oui,Modificateur urgence/dispo - vol direct intent
chauffagiste rge chambery,commercial,local-listing,ville-principale,chauffagiste,rge,38,medium,/chambery/chauffagiste,a-creer,2,T2-volume-eleve,oui,Modificateur commercial - intent compare/decide
carreleur annecy avis,commercial,local-listing,ville-principale,carreleur,avis,37,medium,/annecy/carreleur,existante,2,T2-volume-eleve,oui,Modificateur avis - fort intent commercial
chauffagiste annecy avis,commercial,local-listing,ville-principale,chauffagiste,avis,37,medium,/annecy/chauffagiste,existante,2,T2-volume-eleve,oui,Modificateur avis - fort intent commercial
carreleur cran gevrier 74960,transactional,local-listing,commune-banlieue,carreleur,aucun,37,medium,/annecy/cran-gevrier/carreleur,a-creer,2,T3-longue-traine,non,Variante avec code postal - signal local hyper-precis
chauffagiste cran gevrier 74960,transactional,local-listing,commune-banlieue,chauffagiste,aucun,37,medium,/annecy/cran-gevrier/chauffagiste,a-creer,2,T3-longue-traine,non,Variante avec code postal - signal local hyper-precis
carreleur meylan 38240,transactional,local-listing,commune-banlieue,carreleur,aucun,37,medium,/grenoble/meylan/carreleur,a-creer,2,T3-longue-traine,non,Variante avec code postal - signal local hyper-precis
chauffagiste meylan 38240,transactional,local-listing,commune-banlieue,chauffagiste,aucun,37,medium,/grenoble/meylan/chauffagiste,a-creer,2,T3-longue-traine,non,Variante avec code postal - signal local hyper-precis
macon rillieux la pape 69140,transactional,local-listing,commune-banlieue,macon,aucun,37,medium,/lyon/rillieux-la-pape/macon,a-creer,2,T3-longue-traine,non,Variante avec code postal - signal local hyper-precis
couvreur rillieux la pape 69140,transactional,local-listing,commune-banlieue,couvreur,aucun,37,medium,/lyon/rillieux-la-pape/couvreur,a-creer,2,T3-longue-traine,non,Variante avec code postal - signal local hyper-precis
ravalement facade valence,transactional,local-listing,ville-principale,multi,aucun,37,medium,/travaux/ravalement-facade/valence,a-creer,2,T2-volume-eleve,oui,Travaux + ville - intent project achat
changement fenetres valence,transactional,local-listing,ville-principale,multi,aucun,37,medium,/travaux/changement-fenetres/valence,a-creer,2,T2-volume-eleve,oui,Travaux + ville - intent project achat
installation electrique valence,transactional,local-listing,ville-principale,multi,aucun,37,medium,/travaux/installation-electrique/valence,a-creer,2,T2-volume-eleve,oui,Travaux + ville - intent project achat
recherche fuite eau valence,transactional,local-listing,ville-principale,multi,aucun,37,medium,/travaux/recherche-fuite-eau/valence,a-creer,2,T2-volume-eleve,oui,Travaux + ville - intent project achat
peintre chambery avis,commercial,local-listing,ville-principale,peintre,avis,36,medium,/chambery/peintre,existante,2,T2-volume-eleve,oui,Modificateur avis - fort intent commercial
menuisier chambery avis,commercial,local-listing,ville-principale,menuisier,avis,36,medium,/chambery/menuisier,existante,2,T2-volume-eleve,oui,Modificateur avis - fort intent commercial
meilleur peintre grenoble,commercial,local-listing,ville-principale,peintre,meilleur,36,medium,/grenoble/peintre,existante,2,T2-volume-eleve,oui,Modificateur meilleur/top - capte intent reassurance
macon grenoble avis,commercial,local-listing,ville-principale,macon,avis,36,medium,/grenoble/macon,existante,2,T2-volume-eleve,oui,Modificateur avis - fort intent commercial
meilleur menuisier grenoble,commercial,local-listing,ville-principale,menuisier,meilleur,36,medium,/grenoble/menuisier,existante,2,T2-volume-eleve,oui,Modificateur meilleur/top - capte intent reassurance
couvreur grenoble avis,commercial,local-listing,ville-principale,couvreur,avis,36,medium,/grenoble/couvreur,existante,2,T2-volume-eleve,oui,Modificateur avis - fort intent commercial
peintre valence avis,commercial,local-listing,ville-principale,peintre,avis,36,medium,/valence/peintre,existante,2,T2-volume-eleve,oui,Modificateur avis - fort intent commercial
menuisier valence avis,commercial,local-listing,ville-principale,menuisier,avis,36,medium,/valence/menuisier,existante,2,T2-volume-eleve,oui,Modificateur avis - fort intent commercial
carreleur saint egreve 38120,transactional,local-listing,commune-banlieue,carreleur,aucun,36,medium,/grenoble/saint-egreve/carreleur,a-creer,2,T3-longue-traine,non,Variante avec code postal - signal local hyper-precis
chauffagiste saint egreve 38120,transactional,local-listing,commune-banlieue,chauffagiste,aucun,36,medium,/grenoble/saint-egreve/chauffagiste,a-creer,2,T3-longue-traine,non,Variante avec code postal - signal local hyper-precis
macon decines charpieu 69150,transactional,local-listing,commune-banlieue,macon,aucun,36,medium,/lyon/decines-charpieu/macon,a-creer,2,T3-longue-traine,non,Variante avec code postal - signal local hyper-precis
couvreur decines charpieu 69150,transactional,local-listing,commune-banlieue,couvreur,aucun,36,medium,/lyon/decines-charpieu/couvreur,a-creer,2,T3-longue-traine,non,Variante avec code postal - signal local hyper-precis
comment artisan auto entrepreneur ou societe,informational,guide-howto,national,multi,aucun,36,medium,/guides/artisan-ae-vs-societe,a-creer,2,T4-questions-guides,oui,Variante 'comment' - PAA-friendly
comment premier rdv artisan questions,informational,guide-howto,national,multi,aucun,36,medium,/guides/premier-rdv-artisan,a-creer,2,T4-questions-guides,oui,Variante 'comment' - PAA-friendly
comment expert batiment particulier prix,informational,guide-howto,national,multi,aucun,36,medium,/guides/expert-batiment-prix,a-creer,2,T4-questions-guides,oui,Variante 'comment' - PAA-friendly
macon oullins 69600,transactional,local-listing,commune-banlieue,macon,aucun,35,medium,/lyon/oullins/macon,a-creer,2,T3-longue-traine,non,Variante avec code postal - signal local hyper-precis
couvreur oullins 69600,transactional,local-listing,commune-banlieue,couvreur,aucun,35,medium,/lyon/oullins/couvreur,a-creer,2,T3-longue-traine,non,Variante avec code postal - signal local hyper-precis
ravalement facade chambery,transactional,local-listing,ville-principale,multi,aucun,35,medium,/travaux/ravalement-facade/chambery,a-creer,2,T2-volume-eleve,oui,Travaux + ville - intent project achat
changement fenetres chambery,transactional,local-listing,ville-principale,multi,aucun,35,medium,/travaux/changement-fenetres/chambery,a-creer,2,T2-volume-eleve,oui,Travaux + ville - intent project achat
installation electrique chambery,transactional,local-listing,ville-principale,multi,aucun,35,medium,/travaux/installation-electrique/chambery,a-creer,2,T2-volume-eleve,oui,Travaux + ville - intent project achat
recherche fuite eau chambery,transactional,local-listing,ville-principale,multi,aucun,35,medium,/travaux/recherche-fuite-eau/chambery,a-creer,2,T2-volume-eleve,oui,Travaux + ville - intent project achat
macon fontaine 38600,transactional,local-listing,commune-banlieue,macon,aucun,33,medium,/grenoble/fontaine/macon,a-creer,2,T3-longue-traine,non,Variante avec code postal - signal local hyper-precis
couvreur fontaine 38600,transactional,local-listing,commune-banlieue,couvreur,aucun,33,medium,/grenoble/fontaine/couvreur,a-creer,2,T3-longue-traine,non,Variante avec code postal - signal local hyper-precis
macon sainte foy les lyon 69110,transactional,local-listing,commune-banlieue,macon,aucun,33,medium,/lyon/sainte-foy-les-lyon/macon,a-creer,2,T3-longue-traine,non,Variante avec code postal - signal local hyper-precis
couvreur sainte foy les lyon 69110,transactional,local-listing,commune-banlieue,couvreur,aucun,33,medium,/lyon/sainte-foy-les-lyon/couvreur,a-creer,2,T3-longue-traine,non,Variante avec code postal - signal local hyper-precis
macon annecy le vieux 74940,transactional,local-listing,commune-banlieue,macon,aucun,32,medium,/annecy/annecy-le-vieux/macon,a-creer,2,T3-longue-traine,non,Variante avec code postal - signal local hyper-precis
couvreur annecy le vieux 74940,transactional,local-listing,commune-banlieue,couvreur,aucun,32,medium,/annecy/annecy-le-vieux/couvreur,a-creer,2,T3-longue-traine,non,Variante avec code postal - signal local hyper-precis
macon tassin la demi lune 69160,transactional,local-listing,commune-banlieue,macon,aucun,32,medium,/lyon/tassin-la-demi-lune/macon,a-creer,2,T3-longue-traine,non,Variante avec code postal - signal local hyper-precis
couvreur tassin la demi lune 69160,transactional,local-listing,commune-banlieue,couvreur,aucun,32,medium,/lyon/tassin-la-demi-lune/couvreur,a-creer,2,T3-longue-traine,non,Variante avec code postal - signal local hyper-precis
macon saint genis laval 69230,transactional,local-listing,commune-banlieue,macon,aucun,32,medium,/lyon/saint-genis-laval/macon,a-creer,2,T3-longue-traine,non,Variante avec code postal - signal local hyper-precis
couvreur saint genis laval 69230,transactional,local-listing,commune-banlieue,couvreur,aucun,32,medium,/lyon/saint-genis-laval/couvreur,a-creer,2,T3-longue-traine,non,Variante avec code postal - signal local hyper-precis
plombier nuit valence,transactional,local-listing,ville-principale,plombier,ouvert-24h,32,medium,/valence/plombier,a-creer,2,T1-quick-win,oui,Modificateur urgence/dispo - vol direct intent
electricien nuit valence,transactional,local-listing,ville-principale,electricien,ouvert-24h,32,medium,/valence/electricien,a-creer,2,T1-quick-win,oui,Modificateur urgence/dispo - vol direct intent
peintre nuit valence,transactional,local-listing,ville-principale,peintre,ouvert-24h,32,medium,/valence/peintre,a-creer,2,T1-quick-win,oui,Modificateur urgence/dispo - vol direct intent
macon nuit valence,transactional,local-listing,ville-principale,macon,ouvert-24h,32,medium,/valence/macon,a-creer,2,T1-quick-win,oui,Modificateur urgence/dispo - vol direct intent
carreleur nuit valence,transactional,local-listing,ville-principale,carreleur,ouvert-24h,32,medium,/valence/carreleur,a-creer,2,T1-quick-win,oui,Modificateur urgence/dispo - vol direct intent
menuisier nuit valence,transactional,local-listing,ville-principale,menuisier,ouvert-24h,32,medium,/valence/menuisier,a-creer,2,T1-quick-win,oui,Modificateur urgence/dispo - vol direct intent
couvreur nuit valence,transactional,local-listing,ville-principale,couvreur,ouvert-24h,32,medium,/valence/couvreur,a-creer,2,T1-quick-win,oui,Modificateur urgence/dispo - vol direct intent
chauffagiste nuit valence,transactional,local-listing,ville-principale,chauffagiste,ouvert-24h,32,medium,/valence/chauffagiste,a-creer,2,T1-quick-win,oui,Modificateur urgence/dispo - vol direct intent
fournir ses materiaux soi meme,informational,guide-howto,national,multi,aucun,32,medium,/guides/fournir-materiaux-soi-meme,a-creer,2,T4-questions-guides,oui,Variante reformulation H1
macon seynod 74600,transactional,local-listing,commune-banlieue,macon,aucun,31,medium,/annecy/seynod/macon,a-creer,2,T3-longue-traine,non,Variante avec code postal - signal local hyper-precis
couvreur seynod 74600,transactional,local-listing,commune-banlieue,couvreur,aucun,31,medium,/annecy/seynod/couvreur,a-creer,2,T3-longue-traine,non,Variante avec code postal - signal local hyper-precis
macon saint fons 69190,transactional,local-listing,commune-banlieue,macon,aucun,31,medium,/lyon/saint-fons/macon,a-creer,2,T3-longue-traine,non,Variante avec code postal - signal local hyper-precis
couvreur saint fons 69190,transactional,local-listing,commune-banlieue,couvreur,aucun,31,medium,/lyon/saint-fons/couvreur,a-creer,2,T3-longue-traine,non,Variante avec code postal - signal local hyper-precis
macon givors 69700,transactional,local-listing,commune-banlieue,macon,aucun,31,medium,/lyon/givors/macon,a-creer,2,T3-longue-traine,non,Variante avec code postal - signal local hyper-precis
couvreur givors 69700,transactional,local-listing,commune-banlieue,couvreur,aucun,31,medium,/lyon/givors/couvreur,a-creer,2,T3-longue-traine,non,Variante avec code postal - signal local hyper-precis
macon bourg les valence 26500,transactional,local-listing,commune-banlieue,macon,aucun,31,medium,/valence/bourg-les-valence/macon,a-creer,2,T3-longue-traine,non,Variante avec code postal - signal local hyper-precis
couvreur bourg les valence 26500,transactional,local-listing,commune-banlieue,couvreur,aucun,31,medium,/valence/bourg-les-valence/couvreur,a-creer,2,T3-longue-traine,non,Variante avec code postal - signal local hyper-precis
carreleur chambery avis,commercial,local-listing,ville-principale,carreleur,avis,30,medium,/chambery/carreleur,existante,2,T2-volume-eleve,oui,Modificateur avis - fort intent commercial
chauffagiste chambery avis,commercial,local-listing,ville-principale,chauffagiste,avis,30,medium,/chambery/chauffagiste,existante,2,T2-volume-eleve,oui,Modificateur avis - fort intent commercial
meilleur peintre annecy,commercial,local-listing,ville-principale,peintre,meilleur,30,medium,/annecy/peintre,existante,2,T2-volume-eleve,oui,Modificateur meilleur/top - capte intent reassurance
macon annecy avis,commercial,local-listing,ville-principale,macon,avis,30,medium,/annecy/macon,existante,2,T2-volume-eleve,oui,Modificateur avis - fort intent commercial
meilleur menuisier annecy,commercial,local-listing,ville-principale,menuisier,meilleur,30,medium,/annecy/menuisier,existante,2,T2-volume-eleve,oui,Modificateur meilleur/top - capte intent reassurance
couvreur annecy avis,commercial,local-listing,ville-principale,couvreur,avis,30,medium,/annecy/couvreur,existante,2,T2-volume-eleve,oui,Modificateur avis - fort intent commercial
meilleur carreleur grenoble,commercial,local-listing,ville-principale,carreleur,meilleur,30,medium,/grenoble/carreleur,existante,2,T2-volume-eleve,oui,Modificateur meilleur/top - capte intent reassurance
meilleur chauffagiste grenoble,commercial,local-listing,ville-principale,chauffagiste,meilleur,30,medium,/grenoble/chauffagiste,existante,2,T2-volume-eleve,oui,Modificateur meilleur/top - capte intent reassurance
carreleur valence avis,commercial,local-listing,ville-principale,carreleur,avis,30,medium,/valence/carreleur,existante,2,T2-volume-eleve,oui,Modificateur avis - fort intent commercial
chauffagiste valence avis,commercial,local-listing,ville-principale,chauffagiste,avis,30,medium,/valence/chauffagiste,existante,2,T2-volume-eleve,oui,Modificateur avis - fort intent commercial
macon cran gevrier 74960,transactional,local-listing,commune-banlieue,macon,aucun,30,medium,/annecy/cran-gevrier/macon,a-creer,2,T3-longue-traine,non,Variante avec code postal - signal local hyper-precis
couvreur cran gevrier 74960,transactional,local-listing,commune-banlieue,couvreur,aucun,30,medium,/annecy/cran-gevrier/couvreur,a-creer,2,T3-longue-traine,non,Variante avec code postal - signal local hyper-precis
macon meylan 38240,transactional,local-listing,commune-banlieue,macon,aucun,30,medium,/grenoble/meylan/macon,a-creer,2,T3-longue-traine,non,Variante avec code postal - signal local hyper-precis
couvreur meylan 38240,transactional,local-listing,commune-banlieue,couvreur,aucun,30,medium,/grenoble/meylan/couvreur,a-creer,2,T3-longue-traine,non,Variante avec code postal - signal local hyper-precis
macon ecully 69130,transactional,local-listing,commune-banlieue,macon,aucun,30,medium,/lyon/ecully/macon,a-creer,2,T3-longue-traine,non,Variante avec code postal - signal local hyper-precis
couvreur ecully 69130,transactional,local-listing,commune-banlieue,couvreur,aucun,30,medium,/lyon/ecully/couvreur,a-creer,2,T3-longue-traine,non,Variante avec code postal - signal local hyper-precis
plombier nuit chambery,transactional,local-listing,ville-principale,plombier,ouvert-24h,30,medium,/chambery/plombier,a-creer,2,T1-quick-win,oui,Modificateur urgence/dispo - vol direct intent
electricien nuit chambery,transactional,local-listing,ville-principale,electricien,ouvert-24h,30,medium,/chambery/electricien,a-creer,2,T1-quick-win,oui,Modificateur urgence/dispo - vol direct intent
peintre nuit chambery,transactional,local-listing,ville-principale,peintre,ouvert-24h,30,medium,/chambery/peintre,a-creer,2,T1-quick-win,oui,Modificateur urgence/dispo - vol direct intent
macon nuit chambery,transactional,local-listing,ville-principale,macon,ouvert-24h,30,medium,/chambery/macon,a-creer,2,T1-quick-win,oui,Modificateur urgence/dispo - vol direct intent
carreleur nuit chambery,transactional,local-listing,ville-principale,carreleur,ouvert-24h,30,medium,/chambery/carreleur,a-creer,2,T1-quick-win,oui,Modificateur urgence/dispo - vol direct intent
menuisier nuit chambery,transactional,local-listing,ville-principale,menuisier,ouvert-24h,30,medium,/chambery/menuisier,a-creer,2,T1-quick-win,oui,Modificateur urgence/dispo - vol direct intent
couvreur nuit chambery,transactional,local-listing,ville-principale,couvreur,ouvert-24h,30,medium,/chambery/couvreur,a-creer,2,T1-quick-win,oui,Modificateur urgence/dispo - vol direct intent
chauffagiste nuit chambery,transactional,local-listing,ville-principale,chauffagiste,ouvert-24h,30,medium,/chambery/chauffagiste,a-creer,2,T1-quick-win,oui,Modificateur urgence/dispo - vol direct intent
comment vivre dans la maison pendant travaux,informational,guide-howto,national,multi,aucun,30,medium,/guides/vivre-pendant-travaux,a-creer,2,T4-questions-guides,oui,Variante 'comment' - PAA-friendly
comment avis google artisans fiables,informational,guide-howto,national,multi,aucun,30,medium,/guides/avis-google-vs-bao,a-creer,2,T4-questions-guides,oui,Variante 'comment' - PAA-friendly
macon saint egreve 38120,transactional,local-listing,commune-banlieue,macon,aucun,29,medium,/grenoble/saint-egreve/macon,a-creer,2,T3-longue-traine,non,Variante avec code postal - signal local hyper-precis
couvreur saint egreve 38120,transactional,local-listing,commune-banlieue,couvreur,aucun,29,medium,/grenoble/saint-egreve/couvreur,a-creer,2,T3-longue-traine,non,Variante avec code postal - signal local hyper-precis
refection toiture valence,transactional,local-listing,ville-principale,multi,aucun,27,medium,/travaux/refection-toiture/valence,a-creer,2,T2-volume-eleve,oui,Travaux + ville - intent project achat
refection toiture chambery,transactional,local-listing,ville-principale,multi,aucun,26,medium,/travaux/refection-toiture/chambery,a-creer,2,T2-volume-eleve,oui,Travaux + ville - intent project achat
meilleur carreleur annecy,commercial,local-listing,ville-principale,carreleur,meilleur,25,medium,/annecy/carreleur,existante,2,T2-volume-eleve,oui,Modificateur meilleur/top - capte intent reassurance
meilleur chauffagiste annecy,commercial,local-listing,ville-principale,chauffagiste,meilleur,25,medium,/annecy/chauffagiste,existante,2,T2-volume-eleve,oui,Modificateur meilleur/top - capte intent reassurance
meilleur peintre chambery,commercial,local-listing,ville-principale,peintre,meilleur,24,medium,/chambery/peintre,existante,2,T2-volume-eleve,oui,Modificateur meilleur/top - capte intent reassurance
macon chambery avis,commercial,local-listing,ville-principale,macon,avis,24,medium,/chambery/macon,existante,2,T2-volume-eleve,oui,Modificateur avis - fort intent commercial
meilleur menuisier chambery,commercial,local-listing,ville-principale,menuisier,meilleur,24,medium,/chambery/menuisier,existante,2,T2-volume-eleve,oui,Modificateur meilleur/top - capte intent reassurance
couvreur chambery avis,commercial,local-listing,ville-principale,couvreur,avis,24,medium,/chambery/couvreur,existante,2,T2-volume-eleve,oui,Modificateur avis - fort intent commercial
meilleur macon grenoble,commercial,local-listing,ville-principale,macon,meilleur,24,medium,/grenoble/macon,existante,2,T2-volume-eleve,oui,Modificateur meilleur/top - capte intent reassurance
meilleur couvreur grenoble,commercial,local-listing,ville-principale,couvreur,meilleur,24,medium,/grenoble/couvreur,existante,2,T2-volume-eleve,oui,Modificateur meilleur/top - capte intent reassurance
meilleur peintre valence,commercial,local-listing,ville-principale,peintre,meilleur,24,medium,/valence/peintre,existante,2,T2-volume-eleve,oui,Modificateur meilleur/top - capte intent reassurance
macon valence avis,commercial,local-listing,ville-principale,macon,avis,24,medium,/valence/macon,existante,2,T2-volume-eleve,oui,Modificateur avis - fort intent commercial
meilleur menuisier valence,commercial,local-listing,ville-principale,menuisier,meilleur,24,medium,/valence/menuisier,existante,2,T2-volume-eleve,oui,Modificateur meilleur/top - capte intent reassurance
couvreur valence avis,commercial,local-listing,ville-principale,couvreur,avis,24,medium,/valence/couvreur,existante,2,T2-volume-eleve,oui,Modificateur avis - fort intent commercial
artisan ae vs societe,informational,guide-howto,national,multi,aucun,24,medium,/guides/artisan-ae-vs-societe,a-creer,2,T4-questions-guides,oui,Variante reformulation H1
meilleur carreleur chambery,commercial,local-listing,ville-principale,carreleur,meilleur,20,medium,/chambery/carreleur,existante,2,T2-volume-eleve,oui,Modificateur meilleur/top - capte intent reassurance
meilleur chauffagiste chambery,commercial,local-listing,ville-principale,chauffagiste,meilleur,20,medium,/chambery/chauffagiste,existante,2,T2-volume-eleve,oui,Modificateur meilleur/top - capte intent reassurance
meilleur macon annecy,commercial,local-listing,ville-principale,macon,meilleur,20,medium,/annecy/macon,existante,2,T2-volume-eleve,oui,Modificateur meilleur/top - capte intent reassurance
meilleur couvreur annecy,commercial,local-listing,ville-principale,couvreur,meilleur,20,medium,/annecy/couvreur,existante,2,T2-volume-eleve,oui,Modificateur meilleur/top - capte intent reassurance
meilleur carreleur valence,commercial,local-listing,ville-principale,carreleur,meilleur,20,medium,/valence/carreleur,existante,2,T2-volume-eleve,oui,Modificateur meilleur/top - capte intent reassurance
meilleur chauffagiste valence,commercial,local-listing,ville-principale,chauffagiste,meilleur,20,medium,/valence/chauffagiste,existante,2,T2-volume-eleve,oui,Modificateur meilleur/top - capte intent reassurance
vivre chez soi pendant travaux,informational,guide-howto,national,multi,aucun,20,medium,/guides/vivre-pendant-travaux,a-creer,2,T4-questions-guides,oui,Variante reformulation H1
avis google vs bouche a oreille,informational,guide-howto,national,multi,aucun,20,medium,/guides/avis-google-vs-bao,a-creer,2,T4-questions-guides,oui,Variante reformulation H1
comment artisan local ou loin,informational,guide-howto,national,multi,aucun,18,medium,/guides/artisan-local-vs-loin,a-creer,2,T4-questions-guides,oui,Variante 'comment' - PAA-friendly
meilleur macon chambery,commercial,local-listing,ville-principale,macon,meilleur,16,medium,/chambery/macon,existante,2,T2-volume-eleve,oui,Modificateur meilleur/top - capte intent reassurance
meilleur couvreur chambery,commercial,local-listing,ville-principale,couvreur,meilleur,16,medium,/chambery/couvreur,existante,2,T2-volume-eleve,oui,Modificateur meilleur/top - capte intent reassurance
meilleur macon valence,commercial,local-listing,ville-principale,macon,meilleur,16,medium,/valence/macon,existante,2,T2-volume-eleve,oui,Modificateur meilleur/top - capte intent reassurance
meilleur couvreur valence,commercial,local-listing,ville-principale,couvreur,meilleur,16,medium,/valence/couvreur,existante,2,T2-volume-eleve,oui,Modificateur meilleur/top - capte intent reassurance
artisan local ou pas grave,informational,guide-howto,national,multi,aucun,12,medium,/guides/artisan-local-vs-loin,a-creer,2,T4-questions-guides,oui,Variante reformulation H1
paysagiste lyon,transactional,local-listing,ville-principale,multi,aucun,651,medium,/lyon/paysagiste,a-creer,3,T3-longue-traine,oui,Metier etendu hors V1 - paysagiste fort vol urgence
plaquiste lyon,transactional,local-listing,ville-principale,multi,aucun,488,medium,/lyon/plaquiste,a-creer,3,T3-longue-traine,oui,Metier etendu hors V1 - plaquiste fort vol urgence
plombier montelimar,transactional,local-listing,commune-bassin,plombier,aucun,390,low,/valence/montelimar/plombier,a-creer,3,T3-longue-traine,oui,"Bassin grosse (39,800hab) - couverture geographique"
plombier annemasse,transactional,local-listing,commune-bassin,plombier,aucun,383,low,/annecy/annemasse/plombier,a-creer,3,T3-longue-traine,oui,"Bassin grosse (38,000hab) - couverture geographique"
plombier villefranche sur saone,transactional,local-listing,commune-bassin,plombier,aucun,378,low,/lyon/villefranche-sur-saone/plombier,a-creer,3,T3-longue-traine,oui,"Bassin grosse (36,700hab) - couverture geographique"
plombier thonon les bains,transactional,local-listing,commune-bassin,plombier,aucun,375,low,/annecy/thonon-les-bains/plombier,a-creer,3,T3-longue-traine,oui,"Bassin grosse (36,100hab) - couverture geographique"
paysagiste grenoble,transactional,local-listing,ville-principale,multi,aucun,355,medium,/grenoble/paysagiste,a-creer,3,T3-longue-traine,oui,Metier etendu hors V1 - paysagiste fort vol urgence
plombier bourgoin jallieu,transactional,local-listing,commune-bassin,plombier,aucun,343,low,/lyon/bourgoin-jallieu/plombier,a-creer,3,T3-longue-traine,oui,"Bassin grosse (28,800hab) - couverture geographique"
paysagiste annecy,transactional,local-listing,ville-principale,multi,aucun,322,medium,/annecy/paysagiste,a-creer,3,T3-longue-traine,oui,Metier etendu hors V1 - paysagiste fort vol urgence
electricien montelimar,transactional,local-listing,commune-bassin,electricien,aucun,312,low,/valence/montelimar/electricien,a-creer,3,T3-longue-traine,oui,"Bassin grosse (39,800hab) - couverture geographique"
electricien annemasse,transactional,local-listing,commune-bassin,electricien,aucun,307,low,/annecy/annemasse/electricien,a-creer,3,T3-longue-traine,oui,"Bassin grosse (38,000hab) - couverture geographique"
electricien villefranche sur saone,transactional,local-listing,commune-bassin,electricien,aucun,302,low,/lyon/villefranche-sur-saone/electricien,a-creer,3,T3-longue-traine,oui,"Bassin grosse (36,700hab) - couverture geographique"
electricien thonon les bains,transactional,local-listing,commune-bassin,electricien,aucun,300,low,/annecy/thonon-les-bains/electricien,a-creer,3,T3-longue-traine,oui,"Bassin grosse (36,100hab) - couverture geographique"
plombier albertville,transactional,local-listing,commune-bassin,plombier,aucun,290,low,/chambery/albertville/plombier,a-creer,3,T3-longue-traine,oui,"Bassin grosse (19,000hab) - couverture geographique"
plombier cluses,transactional,local-listing,commune-bassin,plombier,aucun,282,low,/annecy/cluses/plombier,a-creer,3,T3-longue-traine,oui,"Bassin grosse (17,700hab) - couverture geographique"
plombier l isle d abeau,transactional,local-listing,commune-bassin,plombier,aucun,279,low,/lyon/l-isle-d-abeau/plombier,a-creer,3,T3-longue-traine,oui,"Bassin grosse (17,200hab) - couverture geographique"
plombier sallanches,transactional,local-listing,commune-bassin,plombier,aucun,276,low,/annecy/sallanches/plombier,a-creer,3,T3-longue-traine,oui,"Bassin grosse (16,800hab) - couverture geographique"
electricien bourgoin jallieu,transactional,local-listing,commune-bassin,electricien,aucun,274,low,/lyon/bourgoin-jallieu/electricien,a-creer,3,T3-longue-traine,oui,"Bassin grosse (28,800hab) - couverture geographique"
plombier annonay,transactional,local-listing,commune-bassin,plombier,aucun,272,low,/valence/annonay/plombier,a-creer,3,T3-longue-traine,oui,"Bassin grosse (16,100hab) - couverture geographique"
plaquiste grenoble,transactional,local-listing,ville-principale,multi,aucun,266,medium,/grenoble/plaquiste,a-creer,3,T3-longue-traine,oui,Metier etendu hors V1 - plaquiste fort vol urgence
plombier saint julien en genevois,transactional,local-listing,commune-bassin,plombier,aucun,263,low,/annecy/saint-julien-en-genevois/plombier,a-creer,3,T3-longue-traine,oui,"Bassin grosse (14,800hab) - couverture geographique"
plombier pierrelatte,transactional,local-listing,commune-bassin,plombier,aucun,255,low,/valence/pierrelatte/plombier,a-creer,3,T3-longue-traine,oui,"Bassin grosse (13,800hab) - couverture geographique"
plombier belleville en beaujolais,transactional,local-listing,commune-bassin,plombier,aucun,254,low,/lyon/belleville-en-beaujolais/plombier,a-creer,3,T3-longue-traine,oui,"Bassin grosse (13,600hab) - couverture geographique"
plombier bonneville,transactional,local-listing,commune-bassin,plombier,aucun,250,low,/annecy/bonneville/plombier,a-creer,3,T3-longue-traine,oui,"Bassin grosse (13,100hab) - couverture geographique"
plombier brignais,transactional,local-listing,commune-bassin,plombier,aucun,243,low,/lyon/brignais/plombier,a-creer,3,T3-longue-traine,oui,"Bassin grosse (12,200hab) - couverture geographique"
plombier aubenas,transactional,local-listing,commune-bassin,plombier,aucun,243,low,/valence/aubenas/plombier,a-creer,3,T3-longue-traine,oui,"Bassin grosse (12,200hab) - couverture geographique"
plaquiste annecy,transactional,local-listing,ville-principale,multi,aucun,241,medium,/annecy/plaquiste,a-creer,3,T3-longue-traine,oui,Metier etendu hors V1 - plaquiste fort vol urgence
plombier tarare,transactional,local-listing,commune-bassin,plombier,aucun,234,low,/lyon/tarare/plombier,a-creer,3,T3-longue-traine,oui,"Bassin grosse (11,100hab) - couverture geographique"
electricien albertville,transactional,local-listing,commune-bassin,electricien,aucun,232,low,/chambery/albertville/electricien,a-creer,3,T3-longue-traine,oui,"Bassin grosse (19,000hab) - couverture geographique"
plombier croix rousse,transactional,local-listing,quartier-intramuros,plombier,aucun,232,medium,/lyon/croix-rousse/plombier,a-creer,3,T3-longue-traine,oui,"Quartier Lyon dense (30,000hab) - hyperlocal"
plombier guillotiere,transactional,local-listing,quartier-intramuros,plombier,aucun,232,medium,/lyon/guillotiere/plombier,a-creer,3,T3-longue-traine,oui,"Quartier Lyon dense (30,000hab) - hyperlocal"
paysagiste valence,transactional,local-listing,ville-principale,multi,aucun,228,medium,/valence/paysagiste,a-creer,3,T3-longue-traine,oui,Metier etendu hors V1 - paysagiste fort vol urgence
electricien cluses,transactional,local-listing,commune-bassin,electricien,aucun,226,low,/annecy/cluses/electricien,a-creer,3,T3-longue-traine,oui,"Bassin grosse (17,700hab) - couverture geographique"
electricien l isle d abeau,transactional,local-listing,commune-bassin,electricien,aucun,223,low,/lyon/l-isle-d-abeau/electricien,a-creer,3,T3-longue-traine,oui,"Bassin grosse (17,200hab) - couverture geographique"
electricien sallanches,transactional,local-listing,commune-bassin,electricien,aucun,221,low,/annecy/sallanches/electricien,a-creer,3,T3-longue-traine,oui,"Bassin grosse (16,800hab) - couverture geographique"
paysagiste chambery,transactional,local-listing,ville-principale,multi,aucun,219,medium,/chambery/paysagiste,a-creer,3,T3-longue-traine,oui,Metier etendu hors V1 - paysagiste fort vol urgence
electricien annonay,transactional,local-listing,commune-bassin,electricien,aucun,217,low,/valence/annonay/electricien,a-creer,3,T3-longue-traine,oui,"Bassin grosse (16,100hab) - couverture geographique"
plombier part dieu,transactional,local-listing,quartier-intramuros,plombier,aucun,216,medium,/lyon/part-dieu/plombier,a-creer,3,T3-longue-traine,oui,"Quartier Lyon dense (25,000hab) - hyperlocal"
plombier gerland,transactional,local-listing,quartier-intramuros,plombier,aucun,216,medium,/lyon/gerland/plombier,a-creer,3,T3-longue-traine,oui,"Quartier Lyon dense (25,000hab) - hyperlocal"
plombier monplaisir,transactional,local-listing,quartier-intramuros,plombier,aucun,216,medium,/lyon/monplaisir/plombier,a-creer,3,T3-longue-traine,oui,"Quartier Lyon dense (25,000hab) - hyperlocal"
plombier vaise,transactional,local-listing,quartier-intramuros,plombier,aucun,216,medium,/lyon/vaise/plombier,a-creer,3,T3-longue-traine,oui,"Quartier Lyon dense (25,000hab) - hyperlocal"
electricien saint julien en genevois,transactional,local-listing,commune-bassin,electricien,aucun,210,low,/annecy/saint-julien-en-genevois/electricien,a-creer,3,T3-longue-traine,oui,"Bassin grosse (14,800hab) - couverture geographique"
electricien pierrelatte,transactional,local-listing,commune-bassin,electricien,aucun,204,low,/valence/pierrelatte/electricien,a-creer,3,T3-longue-traine,oui,"Bassin grosse (13,800hab) - couverture geographique"
electricien belleville en beaujolais,transactional,local-listing,commune-bassin,electricien,aucun,203,low,/lyon/belleville-en-beaujolais/electricien,a-creer,3,T3-longue-traine,oui,"Bassin grosse (13,600hab) - couverture geographique"
electricien bonneville,transactional,local-listing,commune-bassin,electricien,aucun,200,low,/annecy/bonneville/electricien,a-creer,3,T3-longue-traine,oui,"Bassin grosse (13,100hab) - couverture geographique"
plombier presquile,transactional,local-listing,quartier-intramuros,plombier,aucun,197,medium,/lyon/presquile/plombier,a-creer,3,T3-longue-traine,oui,"Quartier Lyon dense (20,000hab) - hyperlocal"
plombier villette paul bert,transactional,local-listing,quartier-intramuros,plombier,aucun,197,medium,/lyon/villette-paul-bert/plombier,a-creer,3,T3-longue-traine,oui,"Quartier Lyon dense (20,000hab) - hyperlocal"
electricien brignais,transactional,local-listing,commune-bassin,electricien,aucun,194,low,/lyon/brignais/electricien,a-creer,3,T3-longue-traine,oui,"Bassin grosse (12,200hab) - couverture geographique"
electricien aubenas,transactional,local-listing,commune-bassin,electricien,aucun,194,low,/valence/aubenas/electricien,a-creer,3,T3-longue-traine,oui,"Bassin grosse (12,200hab) - couverture geographique"
plombier montchat,transactional,local-listing,quartier-intramuros,plombier,aucun,189,medium,/lyon/montchat/plombier,a-creer,3,T3-longue-traine,oui,"Quartier Lyon dense (18,000hab) - hyperlocal"
plombier brotteaux,transactional,local-listing,quartier-intramuros,plombier,aucun,189,medium,/lyon/brotteaux/plombier,a-creer,3,T3-longue-traine,oui,"Quartier Lyon dense (18,000hab) - hyperlocal"
plombier etats unis,transactional,local-listing,quartier-intramuros,plombier,aucun,189,medium,/lyon/etats-unis/plombier,a-creer,3,T3-longue-traine,oui,"Quartier Lyon dense (18,000hab) - hyperlocal"
electricien tarare,transactional,local-listing,commune-bassin,electricien,aucun,187,low,/lyon/tarare/electricien,a-creer,3,T3-longue-traine,oui,"Bassin grosse (11,100hab) - couverture geographique"
electricien croix rousse,transactional,local-listing,quartier-intramuros,electricien,aucun,186,medium,/lyon/croix-rousse/electricien,a-creer,3,T3-longue-traine,oui,"Quartier Lyon dense (30,000hab) - hyperlocal"
electricien guillotiere,transactional,local-listing,quartier-intramuros,electricien,aucun,186,medium,/lyon/guillotiere/electricien,a-creer,3,T3-longue-traine,oui,"Quartier Lyon dense (30,000hab) - hyperlocal"
plombier voreppe,transactional,local-listing,commune-agglo,plombier,aucun,177,low,/grenoble/voreppe/plombier,a-creer,3,T3-longue-traine,oui,"Agglo moyenne (9,700hab) - longue traine locale"
plombier prefecture,transactional,local-listing,quartier-intramuros,plombier,aucun,176,medium,/lyon/prefecture/plombier,a-creer,3,T3-longue-traine,oui,"Quartier Lyon dense (15,000hab) - hyperlocal"
plombier mermoz,transactional,local-listing,quartier-intramuros,plombier,aucun,176,medium,/lyon/mermoz/plombier,a-creer,3,T3-longue-traine,oui,"Quartier Lyon dense (15,000hab) - hyperlocal"
electricien part dieu,transactional,local-listing,quartier-intramuros,electricien,aucun,173,medium,/lyon/part-dieu/electricien,a-creer,3,T3-longue-traine,oui,"Quartier Lyon dense (25,000hab) - hyperlocal"
electricien gerland,transactional,local-listing,quartier-intramuros,electricien,aucun,173,medium,/lyon/gerland/electricien,a-creer,3,T3-longue-traine,oui,"Quartier Lyon dense (25,000hab) - hyperlocal"
electricien monplaisir,transactional,local-listing,quartier-intramuros,electricien,aucun,173,medium,/lyon/monplaisir/electricien,a-creer,3,T3-longue-traine,oui,"Quartier Lyon dense (25,000hab) - hyperlocal"
electricien vaise,transactional,local-listing,quartier-intramuros,electricien,aucun,173,medium,/lyon/vaise/electricien,a-creer,3,T3-longue-traine,oui,"Quartier Lyon dense (25,000hab) - hyperlocal"
plombier livron sur drome,transactional,local-listing,commune-agglo,plombier,aucun,173,low,/valence/livron-sur-drome/plombier,a-creer,3,T3-longue-traine,oui,"Agglo moyenne (9,100hab) - longue traine locale"
plaquiste valence,transactional,local-listing,ville-principale,multi,aucun,171,medium,/valence/plaquiste,a-creer,3,T3-longue-traine,oui,Metier etendu hors V1 - plaquiste fort vol urgence
plombier crolles,transactional,local-listing,commune-agglo,plombier,aucun,170,low,/grenoble/crolles/plombier,a-creer,3,T3-longue-traine,oui,"Agglo moyenne (8,700hab) - longue traine locale"
plombier vif,transactional,local-listing,commune-agglo,plombier,aucun,167,low,/grenoble/vif/plombier,a-creer,3,T3-longue-traine,oui,"Agglo moyenne (8,400hab) - longue traine locale"
plombier saint marcellin,transactional,local-listing,commune-agglo,plombier,aucun,167,low,/grenoble/saint-marcellin/plombier,a-creer,3,T3-longue-traine,oui,"Agglo moyenne (8,400hab) - longue traine locale"
plombier claix,transactional,local-listing,commune-agglo,plombier,aucun,166,low,/grenoble/claix/plombier,a-creer,3,T3-longue-traine,oui,"Agglo moyenne (8,200hab) - longue traine locale"
plombier moirans,transactional,local-listing,commune-agglo,plombier,aucun,166,low,/grenoble/moirans/plombier,a-creer,3,T3-longue-traine,oui,"Agglo moyenne (8,200hab) - longue traine locale"
plombier privas,transactional,local-listing,commune-agglo,plombier,aucun,165,low,/valence/privas/plombier,a-creer,3,T3-longue-traine,oui,"Agglo moyenne (8,100hab) - longue traine locale"
plombier crest,transactional,local-listing,commune-agglo,plombier,aucun,165,low,/valence/crest/plombier,a-creer,3,T3-longue-traine,oui,"Agglo moyenne (8,100hab) - longue traine locale"
plombier varces allieres et risset,transactional,local-listing,commune-agglo,plombier,aucun,164,low,/grenoble/varces-allieres-et-risset/plombier,a-creer,3,T3-longue-traine,oui,"Agglo moyenne (8,000hab) - longue traine locale"
plaquiste chambery,transactional,local-listing,ville-principale,multi,aucun,164,medium,/chambery/plaquiste,a-creer,3,T3-longue-traine,oui,Metier etendu hors V1 - plaquiste fort vol urgence
plombier vizille,transactional,local-listing,commune-agglo,plombier,aucun,162,low,/grenoble/vizille/plombier,a-creer,3,T3-longue-traine,oui,"Agglo moyenne (7,700hab) - longue traine locale"
plombier tullins,transactional,local-listing,commune-agglo,plombier,aucun,162,low,/grenoble/tullins/plombier,a-creer,3,T3-longue-traine,oui,"Agglo moyenne (7,800hab) - longue traine locale"
plombier faverges seythenex,transactional,local-listing,commune-agglo,plombier,aucun,161,low,/annecy/faverges-seythenex/plombier,a-creer,3,T3-longue-traine,oui,"Agglo moyenne (7,600hab) - longue traine locale"
plombier berriat,transactional,local-listing,quartier-intramuros,plombier,aucun,161,medium,/grenoble/berriat/plombier,a-creer,3,T3-longue-traine,oui,"Quartier Grenoble dense (12,000hab) - hyperlocal"
plombier villeneuve,transactional,local-listing,quartier-intramuros,plombier,aucun,161,medium,/grenoble/villeneuve/plombier,a-creer,3,T3-longue-traine,oui,"Quartier Grenoble dense (12,000hab) - hyperlocal"
plombier villard bonnot,transactional,local-listing,commune-agglo,plombier,aucun,161,low,/grenoble/villard-bonnot/plombier,a-creer,3,T3-longue-traine,oui,"Agglo moyenne (7,600hab) - longue traine locale"
plombier tete d or,transactional,local-listing,quartier-intramuros,plombier,aucun,161,medium,/lyon/tete-d-or/plombier,a-creer,3,T3-longue-traine,oui,"Quartier Lyon dense (12,000hab) - hyperlocal"
plombier jean mace,transactional,local-listing,quartier-intramuros,plombier,aucun,161,medium,/lyon/jean-mace/plombier,a-creer,3,T3-longue-traine,oui,"Quartier Lyon dense (12,000hab) - hyperlocal"
plombier bachut,transactional,local-listing,quartier-intramuros,plombier,aucun,161,medium,/lyon/bachut/plombier,a-creer,3,T3-longue-traine,oui,"Quartier Lyon dense (12,000hab) - hyperlocal"
plombier la duchere,transactional,local-listing,quartier-intramuros,plombier,aucun,161,medium,/lyon/la-duchere/plombier,a-creer,3,T3-longue-traine,oui,"Quartier Lyon dense (12,000hab) - hyperlocal"
electricien presquile,transactional,local-listing,quartier-intramuros,electricien,aucun,158,medium,/lyon/presquile/electricien,a-creer,3,T3-longue-traine,oui,"Quartier Lyon dense (20,000hab) - hyperlocal"
electricien villette paul bert,transactional,local-listing,quartier-intramuros,electricien,aucun,158,medium,/lyon/villette-paul-bert/electricien,a-creer,3,T3-longue-traine,oui,"Quartier Lyon dense (20,000hab) - hyperlocal"
plombier saint ismier,transactional,local-listing,commune-agglo,plombier,aucun,156,low,/grenoble/saint-ismier/plombier,a-creer,3,T3-longue-traine,oui,"Agglo moyenne (7,100hab) - longue traine locale"
peintre montelimar,transactional,local-listing,commune-bassin,peintre,aucun,156,low,/valence/montelimar/peintre,a-creer,3,T3-longue-traine,oui,"Bassin grosse (39,800hab) - couverture geographique"
menuisier montelimar,transactional,local-listing,commune-bassin,menuisier,aucun,156,low,/valence/montelimar/menuisier,a-creer,3,T3-longue-traine,oui,"Bassin grosse (39,800hab) - couverture geographique"
plombier domene,transactional,local-listing,commune-agglo,plombier,aucun,154,low,/grenoble/domene/plombier,a-creer,3,T3-longue-traine,oui,"Agglo moyenne (6,800hab) - longue traine locale"
plombier thones,transactional,local-listing,commune-agglo,plombier,aucun,153,low,/annecy/thones/plombier,a-creer,3,T3-longue-traine,oui,"Agglo moyenne (6,700hab) - longue traine locale"
peintre annemasse,transactional,local-listing,commune-bassin,peintre,aucun,153,low,/annecy/annemasse/peintre,a-creer,3,T3-longue-traine,oui,"Bassin grosse (38,000hab) - couverture geographique"
menuisier annemasse,transactional,local-listing,commune-bassin,menuisier,aucun,153,low,/annecy/annemasse/menuisier,a-creer,3,T3-longue-traine,oui,"Bassin grosse (38,000hab) - couverture geographique"
plombier loriol sur drome,transactional,local-listing,commune-agglo,plombier,aucun,152,low,/valence/loriol-sur-drome/plombier,a-creer,3,T3-longue-traine,oui,"Agglo moyenne (6,600hab) - longue traine locale"
electricien montchat,transactional,local-listing,quartier-intramuros,electricien,aucun,151,medium,/lyon/montchat/electricien,a-creer,3,T3-longue-traine,oui,"Quartier Lyon dense (18,000hab) - hyperlocal"
electricien brotteaux,transactional,local-listing,quartier-intramuros,electricien,aucun,151,medium,/lyon/brotteaux/electricien,a-creer,3,T3-longue-traine,oui,"Quartier Lyon dense (18,000hab) - hyperlocal"
electricien etats unis,transactional,local-listing,quartier-intramuros,electricien,aucun,151,medium,/lyon/etats-unis/electricien,a-creer,3,T3-longue-traine,oui,"Quartier Lyon dense (18,000hab) - hyperlocal"
peintre villefranche sur saone,transactional,local-listing,commune-bassin,peintre,aucun,151,low,/lyon/villefranche-sur-saone/peintre,a-creer,3,T3-longue-traine,oui,"Bassin grosse (36,700hab) - couverture geographique"
menuisier villefranche sur saone,transactional,local-listing,commune-bassin,menuisier,aucun,151,low,/lyon/villefranche-sur-saone/menuisier,a-creer,3,T3-longue-traine,oui,"Bassin grosse (36,700hab) - couverture geographique"
facturation electronique artisan,informational,guide-howto,national,multi,aucun,150,medium,/facturation-electronique,existante,3,T4-questions-guides,non,USP Invoquo
plombier les hauts de chambery,transactional,local-listing,quartier-intramuros,plombier,aucun,150,medium,/chambery/les-hauts-de-chambery/plombier,a-creer,3,T3-longue-traine,oui,"Quartier Chambéry dense (10,000hab) - hyperlocal"
plombier centre ville,transactional,local-listing,quartier-intramuros,plombier,aucun,150,medium,/annecy/centre-ville/plombier,a-creer,3,T3-longue-traine,oui,"Quartier Annecy dense (10,000hab) - hyperlocal"
peintre thonon les bains,transactional,local-listing,commune-bassin,peintre,aucun,150,low,/annecy/thonon-les-bains/peintre,a-creer,3,T3-longue-traine,oui,"Bassin grosse (36,100hab) - couverture geographique"
menuisier thonon les bains,transactional,local-listing,commune-bassin,menuisier,aucun,150,low,/annecy/thonon-les-bains/menuisier,a-creer,3,T3-longue-traine,oui,"Bassin grosse (36,100hab) - couverture geographique"
plombier hyper centre,transactional,local-listing,quartier-intramuros,plombier,aucun,150,medium,/grenoble/hyper-centre/plombier,a-creer,3,T3-longue-traine,oui,"Quartier Grenoble dense (10,000hab) - hyperlocal"
prix carrelage cuisine,informational,prix-tarif,national,carreleur,prix,150,low,/prix/carreleur/cuisine,a-creer,3,T3-longue-traine,oui,Sous-page prix par type de travaux - intent achat fort
cout renovation toiture complete,informational,prix-tarif,national,couvreur,prix,150,medium,/prix/couvreur/renovation-toiture,a-creer,3,T3-longue-traine,oui,Synonyme cout - capture verbatim utilisateur
plombier savoie,transactional,dept-hub,departement,plombier,aucun,150,medium,/savoie/plombier,a-creer,3,T3-longue-traine,oui,Hub departement metier - longue traine geo
electricien savoie,transactional,dept-hub,departement,electricien,aucun,150,medium,/savoie/electricien,a-creer,3,T3-longue-traine,oui,Hub departement metier - longue traine geo
plombier haute savoie,transactional,dept-hub,departement,plombier,aucun,150,medium,/haute-savoie/plombier,a-creer,3,T3-longue-traine,oui,Hub departement metier - longue traine geo
electricien haute savoie,transactional,dept-hub,departement,electricien,aucun,150,medium,/haute-savoie/electricien,a-creer,3,T3-longue-traine,oui,Hub departement metier - longue traine geo
plombier isere,transactional,dept-hub,departement,plombier,aucun,150,medium,/isere/plombier,a-creer,3,T3-longue-traine,oui,Hub departement metier - longue traine geo
electricien isere,transactional,dept-hub,departement,electricien,aucun,150,medium,/isere/electricien,a-creer,3,T3-longue-traine,oui,Hub departement metier - longue traine geo
plombier rhone,transactional,dept-hub,departement,plombier,aucun,150,medium,/rhone/plombier,a-creer,3,T3-longue-traine,oui,Hub departement metier - longue traine geo
electricien rhone,transactional,dept-hub,departement,electricien,aucun,150,medium,/rhone/electricien,a-creer,3,T3-longue-traine,oui,Hub departement metier - longue traine geo
plombier drome,transactional,dept-hub,departement,plombier,aucun,150,medium,/drome/plombier,a-creer,3,T3-longue-traine,oui,Hub departement metier - longue traine geo
electricien drome,transactional,dept-hub,departement,electricien,aucun,150,medium,/drome/electricien,a-creer,3,T3-longue-traine,oui,Hub departement metier - longue traine geo
plombier ardeche,transactional,dept-hub,departement,plombier,aucun,150,medium,/ardeche/plombier,a-creer,3,T3-longue-traine,oui,Hub departement metier - longue traine geo
electricien ardeche,transactional,dept-hub,departement,electricien,aucun,150,medium,/ardeche/electricien,a-creer,3,T3-longue-traine,oui,Hub departement metier - longue traine geo
plombier tain l hermitage,transactional,local-listing,commune-agglo,plombier,aucun,143,low,/valence/tain-l-hermitage/plombier,a-creer,3,T3-longue-traine,oui,"Agglo moyenne (5,700hab) - longue traine locale"
electricien voreppe,transactional,local-listing,commune-agglo,electricien,aucun,142,low,/grenoble/voreppe/electricien,a-creer,3,T3-longue-traine,oui,"Agglo moyenne (9,700hab) - longue traine locale"
electricien prefecture,transactional,local-listing,quartier-intramuros,electricien,aucun,141,medium,/lyon/prefecture/electricien,a-creer,3,T3-longue-traine,oui,"Quartier Lyon dense (15,000hab) - hyperlocal"
electricien mermoz,transactional,local-listing,quartier-intramuros,electricien,aucun,141,medium,/lyon/mermoz/electricien,a-creer,3,T3-longue-traine,oui,"Quartier Lyon dense (15,000hab) - hyperlocal"
plombier gresy sur aix,transactional,local-listing,commune-agglo,plombier,aucun,138,low,/chambery/gresy-sur-aix/plombier,a-creer,3,T3-longue-traine,oui,"Agglo moyenne (5,200hab) - longue traine locale"
electricien livron sur drome,transactional,local-listing,commune-agglo,electricien,aucun,138,low,/valence/livron-sur-drome/electricien,a-creer,3,T3-longue-traine,oui,"Agglo moyenne (9,100hab) - longue traine locale"
plombier le bourget du lac,transactional,local-listing,commune-agglo,plombier,aucun,137,low,/chambery/le-bourget-du-lac/plombier,a-creer,3,T3-longue-traine,oui,"Agglo moyenne (5,100hab) - longue traine locale"
plombier montbonnot saint martin,transactional,local-listing,commune-agglo,plombier,aucun,137,low,/grenoble/montbonnot-saint-martin/plombier,a-creer,3,T3-longue-traine,oui,"Agglo moyenne (5,100hab) - longue traine locale"
peintre bourgoin jallieu,transactional,local-listing,commune-bassin,peintre,aucun,137,low,/lyon/bourgoin-jallieu/peintre,a-creer,3,T3-longue-traine,oui,"Bassin grosse (28,800hab) - couverture geographique"
menuisier bourgoin jallieu,transactional,local-listing,commune-bassin,menuisier,aucun,137,low,/lyon/bourgoin-jallieu/menuisier,a-creer,3,T3-longue-traine,oui,"Bassin grosse (28,800hab) - couverture geographique"
electricien crolles,transactional,local-listing,commune-agglo,electricien,aucun,136,low,/grenoble/crolles/electricien,a-creer,3,T3-longue-traine,oui,"Agglo moyenne (8,700hab) - longue traine locale"
electricien vif,transactional,local-listing,commune-agglo,electricien,aucun,134,low,/grenoble/vif/electricien,a-creer,3,T3-longue-traine,oui,"Agglo moyenne (8,400hab) - longue traine locale"
electricien saint marcellin,transactional,local-listing,commune-agglo,electricien,aucun,134,low,/grenoble/saint-marcellin/electricien,a-creer,3,T3-longue-traine,oui,"Agglo moyenne (8,400hab) - longue traine locale"
plombier la voulte sur rhone,transactional,local-listing,commune-agglo,plombier,aucun,134,low,/valence/la-voulte-sur-rhone/plombier,a-creer,3,T3-longue-traine,oui,"Agglo moyenne (4,800hab) - longue traine locale"
plombier cruseilles,transactional,local-listing,commune-agglo,plombier,aucun,133,low,/annecy/cruseilles/plombier,a-creer,3,T3-longue-traine,oui,"Agglo moyenne (4,700hab) - longue traine locale"
plombier le versoud,transactional,local-listing,commune-agglo,plombier,aucun,133,low,/grenoble/le-versoud/plombier,a-creer,3,T3-longue-traine,oui,"Agglo moyenne (4,700hab) - longue traine locale"
electricien claix,transactional,local-listing,commune-agglo,electricien,aucun,133,low,/grenoble/claix/electricien,a-creer,3,T3-longue-traine,oui,"Agglo moyenne (8,200hab) - longue traine locale"
plombier le pont de cheruy,transactional,local-listing,commune-agglo,plombier,aucun,133,low,/grenoble/le-pont-de-cheruy/plombier,a-creer,3,T3-longue-traine,oui,"Agglo moyenne (4,700hab) - longue traine locale"
electricien moirans,transactional,local-listing,commune-agglo,electricien,aucun,133,low,/grenoble/moirans/electricien,a-creer,3,T3-longue-traine,oui,"Agglo moyenne (8,200hab) - longue traine locale"
electricien privas,transactional,local-listing,commune-agglo,electricien,aucun,132,low,/valence/privas/electricien,a-creer,3,T3-longue-traine,oui,"Agglo moyenne (8,100hab) - longue traine locale"
electricien crest,transactional,local-listing,commune-agglo,electricien,aucun,132,low,/valence/crest/electricien,a-creer,3,T3-longue-traine,oui,"Agglo moyenne (8,100hab) - longue traine locale"
electricien varces allieres et risset,transactional,local-listing,commune-agglo,electricien,aucun,131,low,/grenoble/varces-allieres-et-risset/electricien,a-creer,3,T3-longue-traine,oui,"Agglo moyenne (8,000hab) - longue traine locale"
plombier coublevie,transactional,local-listing,commune-agglo,plombier,aucun,131,low,/grenoble/coublevie/plombier,a-creer,3,T3-longue-traine,oui,"Agglo moyenne (4,600hab) - longue traine locale"
electricien tullins,transactional,local-listing,commune-agglo,electricien,aucun,130,low,/grenoble/tullins/electricien,a-creer,3,T3-longue-traine,oui,"Agglo moyenne (7,800hab) - longue traine locale"
carreleur montelimar,transactional,local-listing,commune-bassin,carreleur,aucun,130,low,/valence/montelimar/carreleur,a-creer,3,T3-longue-traine,oui,"Bassin grosse (39,800hab) - couverture geographique"
chauffagiste montelimar,transactional,local-listing,commune-bassin,chauffagiste,aucun,130,low,/valence/montelimar/chauffagiste,a-creer,3,T3-longue-traine,oui,"Bassin grosse (39,800hab) - couverture geographique"
chapiste lyon,transactional,local-listing,ville-principale,multi,aucun,130,medium,/lyon/chapiste,a-creer,3,T3-longue-traine,oui,Metier etendu hors V1 - chapiste fort vol urgence
electricien faverges seythenex,transactional,local-listing,commune-agglo,electricien,aucun,129,low,/annecy/faverges-seythenex/electricien,a-creer,3,T3-longue-traine,oui,"Agglo moyenne (7,600hab) - longue traine locale"
electricien berriat,transactional,local-listing,quartier-intramuros,electricien,aucun,129,medium,/grenoble/berriat/electricien,a-creer,3,T3-longue-traine,oui,"Quartier Grenoble dense (12,000hab) - hyperlocal"
electricien villeneuve,transactional,local-listing,quartier-intramuros,electricien,aucun,129,medium,/grenoble/villeneuve/electricien,a-creer,3,T3-longue-traine,oui,"Quartier Grenoble dense (12,000hab) - hyperlocal"
electricien villard bonnot,transactional,local-listing,commune-agglo,electricien,aucun,129,low,/grenoble/villard-bonnot/electricien,a-creer,3,T3-longue-traine,oui,"Agglo moyenne (7,600hab) - longue traine locale"
electricien vizille,transactional,local-listing,commune-agglo,electricien,aucun,129,low,/grenoble/vizille/electricien,a-creer,3,T3-longue-traine,oui,"Agglo moyenne (7,700hab) - longue traine locale"
electricien tete d or,transactional,local-listing,quartier-intramuros,electricien,aucun,129,medium,/lyon/tete-d-or/electricien,a-creer,3,T3-longue-traine,oui,"Quartier Lyon dense (12,000hab) - hyperlocal"
electricien jean mace,transactional,local-listing,quartier-intramuros,electricien,aucun,129,medium,/lyon/jean-mace/electricien,a-creer,3,T3-longue-traine,oui,"Quartier Lyon dense (12,000hab) - hyperlocal"
electricien bachut,transactional,local-listing,quartier-intramuros,electricien,aucun,129,medium,/lyon/bachut/electricien,a-creer,3,T3-longue-traine,oui,"Quartier Lyon dense (12,000hab) - hyperlocal"
electricien la duchere,transactional,local-listing,quartier-intramuros,electricien,aucun,129,medium,/lyon/la-duchere/electricien,a-creer,3,T3-longue-traine,oui,"Quartier Lyon dense (12,000hab) - hyperlocal"
carreleur annemasse,transactional,local-listing,commune-bassin,carreleur,aucun,127,low,/annecy/annemasse/carreleur,a-creer,3,T3-longue-traine,oui,"Bassin grosse (38,000hab) - couverture geographique"
chauffagiste annemasse,transactional,local-listing,commune-bassin,chauffagiste,aucun,127,low,/annecy/annemasse/chauffagiste,a-creer,3,T3-longue-traine,oui,"Bassin grosse (38,000hab) - couverture geographique"
carreleur villefranche sur saone,transactional,local-listing,commune-bassin,carreleur,aucun,126,low,/lyon/villefranche-sur-saone/carreleur,a-creer,3,T3-longue-traine,oui,"Bassin grosse (36,700hab) - couverture geographique"
chauffagiste villefranche sur saone,transactional,local-listing,commune-bassin,chauffagiste,aucun,126,low,/lyon/villefranche-sur-saone/chauffagiste,a-creer,3,T3-longue-traine,oui,"Bassin grosse (36,700hab) - couverture geographique"
plombier saint vallier,transactional,local-listing,commune-agglo,plombier,aucun,126,low,/valence/saint-vallier/plombier,a-creer,3,T3-longue-traine,oui,"Agglo moyenne (4,100hab) - longue traine locale"
carreleur thonon les bains,transactional,local-listing,commune-bassin,carreleur,aucun,125,low,/annecy/thonon-les-bains/carreleur,a-creer,3,T3-longue-traine,oui,"Bassin grosse (36,100hab) - couverture geographique"
chauffagiste thonon les bains,transactional,local-listing,commune-bassin,chauffagiste,aucun,125,low,/annecy/thonon-les-bains/chauffagiste,a-creer,3,T3-longue-traine,oui,"Bassin grosse (36,100hab) - couverture geographique"
electricien saint ismier,transactional,local-listing,commune-agglo,electricien,aucun,125,low,/grenoble/saint-ismier/electricien,a-creer,3,T3-longue-traine,oui,"Agglo moyenne (7,100hab) - longue traine locale"
cout renovation complete electrique,informational,prix-tarif,national,electricien,prix,125,medium,/prix/electricien/renovation-electrique,a-creer,3,T3-longue-traine,oui,Synonyme cout - capture verbatim utilisateur
cout changement fenetres double vitrage,informational,prix-tarif,national,menuisier,prix,125,medium,/prix/menuisier/fenetres,a-creer,3,T3-longue-traine,oui,Synonyme cout - capture verbatim utilisateur
plombier jarrie,transactional,local-listing,commune-agglo,plombier,aucun,124,low,/grenoble/jarrie/plombier,a-creer,3,T3-longue-traine,oui,"Agglo moyenne (4,000hab) - longue traine locale"
electricien domene,transactional,local-listing,commune-agglo,electricien,aucun,123,low,/grenoble/domene/electricien,a-creer,3,T3-longue-traine,oui,"Agglo moyenne (6,800hab) - longue traine locale"
plombier doussard,transactional,local-listing,commune-agglo,plombier,aucun,122,low,/annecy/doussard/plombier,a-creer,3,T3-longue-traine,oui,"Agglo moyenne (3,800hab) - longue traine locale"
electricien thones,transactional,local-listing,commune-agglo,electricien,aucun,122,low,/annecy/thones/electricien,a-creer,3,T3-longue-traine,oui,"Agglo moyenne (6,700hab) - longue traine locale"
electricien loriol sur drome,transactional,local-listing,commune-agglo,electricien,aucun,121,low,/valence/loriol-sur-drome/electricien,a-creer,3,T3-longue-traine,oui,"Agglo moyenne (6,600hab) - longue traine locale"
electricien les hauts de chambery,transactional,local-listing,quartier-intramuros,electricien,aucun,120,medium,/chambery/les-hauts-de-chambery/electricien,a-creer,3,T3-longue-traine,oui,"Quartier Chambéry dense (10,000hab) - hyperlocal"
electricien centre ville,transactional,local-listing,quartier-intramuros,electricien,aucun,120,medium,/annecy/centre-ville/electricien,a-creer,3,T3-longue-traine,oui,"Quartier Annecy dense (10,000hab) - hyperlocal"
electricien hyper centre,transactional,local-listing,quartier-intramuros,electricien,aucun,120,medium,/grenoble/hyper-centre/electricien,a-creer,3,T3-longue-traine,oui,"Quartier Grenoble dense (10,000hab) - hyperlocal"
peintre albertville,transactional,local-listing,commune-bassin,peintre,aucun,116,low,/chambery/albertville/peintre,a-creer,3,T3-longue-traine,oui,"Bassin grosse (19,000hab) - couverture geographique"
menuisier albertville,transactional,local-listing,commune-bassin,menuisier,aucun,116,low,/chambery/albertville/menuisier,a-creer,3,T3-longue-traine,oui,"Bassin grosse (19,000hab) - couverture geographique"
electricien tain l hermitage,transactional,local-listing,commune-agglo,electricien,aucun,115,low,/valence/tain-l-hermitage/electricien,a-creer,3,T3-longue-traine,oui,"Agglo moyenne (5,700hab) - longue traine locale"
plombier bernin,transactional,local-listing,commune-agglo,plombier,aucun,114,low,/grenoble/bernin/plombier,a-creer,3,T3-longue-traine,oui,"Agglo moyenne (3,200hab) - longue traine locale"
plombier la buisse,transactional,local-listing,commune-agglo,plombier,aucun,114,low,/grenoble/la-buisse/plombier,a-creer,3,T3-longue-traine,oui,"Agglo moyenne (3,200hab) - longue traine locale"
carreleur bourgoin jallieu,transactional,local-listing,commune-bassin,carreleur,aucun,114,low,/lyon/bourgoin-jallieu/carreleur,a-creer,3,T3-longue-traine,oui,"Bassin grosse (28,800hab) - couverture geographique"
chauffagiste bourgoin jallieu,transactional,local-listing,commune-bassin,chauffagiste,aucun,114,low,/lyon/bourgoin-jallieu/chauffagiste,a-creer,3,T3-longue-traine,oui,"Bassin grosse (28,800hab) - couverture geographique"
peintre cluses,transactional,local-listing,commune-bassin,peintre,aucun,113,low,/annecy/cluses/peintre,a-creer,3,T3-longue-traine,oui,"Bassin grosse (17,700hab) - couverture geographique"
menuisier cluses,transactional,local-listing,commune-bassin,menuisier,aucun,113,low,/annecy/cluses/menuisier,a-creer,3,T3-longue-traine,oui,"Bassin grosse (17,700hab) - couverture geographique"
plombier champ sur drac,transactional,local-listing,commune-agglo,plombier,aucun,112,low,/grenoble/champ-sur-drac/plombier,a-creer,3,T3-longue-traine,oui,"Agglo moyenne (3,100hab) - longue traine locale"
peintre l isle d abeau,transactional,local-listing,commune-bassin,peintre,aucun,111,low,/lyon/l-isle-d-abeau/peintre,a-creer,3,T3-longue-traine,oui,"Bassin grosse (17,200hab) - couverture geographique"
menuisier l isle d abeau,transactional,local-listing,commune-bassin,menuisier,aucun,111,low,/lyon/l-isle-d-abeau/menuisier,a-creer,3,T3-longue-traine,oui,"Bassin grosse (17,200hab) - couverture geographique"
electricien gresy sur aix,transactional,local-listing,commune-agglo,electricien,aucun,110,low,/chambery/gresy-sur-aix/electricien,a-creer,3,T3-longue-traine,oui,"Agglo moyenne (5,200hab) - longue traine locale"
peintre sallanches,transactional,local-listing,commune-bassin,peintre,aucun,110,low,/annecy/sallanches/peintre,a-creer,3,T3-longue-traine,oui,"Bassin grosse (16,800hab) - couverture geographique"
menuisier sallanches,transactional,local-listing,commune-bassin,menuisier,aucun,110,low,/annecy/sallanches/menuisier,a-creer,3,T3-longue-traine,oui,"Bassin grosse (16,800hab) - couverture geographique"
electricien le bourget du lac,transactional,local-listing,commune-agglo,electricien,aucun,109,low,/chambery/le-bourget-du-lac/electricien,a-creer,3,T3-longue-traine,oui,"Agglo moyenne (5,100hab) - longue traine locale"
plombier tresserve,transactional,local-listing,commune-agglo,plombier,aucun,109,low,/chambery/tresserve/plombier,a-creer,3,T3-longue-traine,oui,"Agglo moyenne (2,900hab) - longue traine locale"
electricien montbonnot saint martin,transactional,local-listing,commune-agglo,electricien,aucun,109,low,/grenoble/montbonnot-saint-martin/electricien,a-creer,3,T3-longue-traine,oui,"Agglo moyenne (5,100hab) - longue traine locale"
peintre annonay,transactional,local-listing,commune-bassin,peintre,aucun,108,low,/valence/annonay/peintre,a-creer,3,T3-longue-traine,oui,"Bassin grosse (16,100hab) - couverture geographique"
menuisier annonay,transactional,local-listing,commune-bassin,menuisier,aucun,108,low,/valence/annonay/menuisier,a-creer,3,T3-longue-traine,oui,"Bassin grosse (16,100hab) - couverture geographique"
electricien la voulte sur rhone,transactional,local-listing,commune-agglo,electricien,aucun,107,low,/valence/la-voulte-sur-rhone/electricien,a-creer,3,T3-longue-traine,oui,"Agglo moyenne (4,800hab) - longue traine locale"
electricien cruseilles,transactional,local-listing,commune-agglo,electricien,aucun,106,low,/annecy/cruseilles/electricien,a-creer,3,T3-longue-traine,oui,"Agglo moyenne (4,700hab) - longue traine locale"
electricien le versoud,transactional,local-listing,commune-agglo,electricien,aucun,106,low,/grenoble/le-versoud/electricien,a-creer,3,T3-longue-traine,oui,"Agglo moyenne (4,700hab) - longue traine locale"
electricien le pont de cheruy,transactional,local-listing,commune-agglo,electricien,aucun,106,low,/grenoble/le-pont-de-cheruy/electricien,a-creer,3,T3-longue-traine,oui,"Agglo moyenne (4,700hab) - longue traine locale"
plombier le pouzin,transactional,local-listing,commune-agglo,plombier,aucun,106,low,/valence/le-pouzin/plombier,a-creer,3,T3-longue-traine,oui,"Agglo moyenne (2,700hab) - longue traine locale"
prix renovation salle de bain lyon,informational,prix-tarif,ville-principale,multi,prix,106,medium,/travaux/renovation-salle-de-bain/lyon,a-creer,3,T3-longue-traine,oui,Prix travaux + ville
prix pompe a chaleur lyon,informational,prix-tarif,ville-principale,multi,prix,106,medium,/travaux/pompe-a-chaleur/lyon,a-creer,3,T3-longue-traine,oui,Prix travaux + ville
peintre saint julien en genevois,transactional,local-listing,commune-bassin,peintre,aucun,105,low,/annecy/saint-julien-en-genevois/peintre,a-creer,3,T3-longue-traine,oui,"Bassin grosse (14,800hab) - couverture geographique"
menuisier saint julien en genevois,transactional,local-listing,commune-bassin,menuisier,aucun,105,low,/annecy/saint-julien-en-genevois/menuisier,a-creer,3,T3-longue-traine,oui,"Bassin grosse (14,800hab) - couverture geographique"
electricien coublevie,transactional,local-listing,commune-agglo,electricien,aucun,105,low,/grenoble/coublevie/electricien,a-creer,3,T3-longue-traine,oui,"Agglo moyenne (4,600hab) - longue traine locale"
plombier saint jean de muzols,transactional,local-listing,commune-agglo,plombier,aucun,105,low,/valence/saint-jean-de-muzols/plombier,a-creer,3,T3-longue-traine,oui,"Agglo moyenne (2,600hab) - longue traine locale"
macon montelimar,transactional,local-listing,commune-bassin,macon,aucun,104,low,/valence/montelimar/macon,a-creer,3,T3-longue-traine,oui,"Bassin grosse (39,800hab) - couverture geographique"
couvreur montelimar,transactional,local-listing,commune-bassin,couvreur,aucun,104,low,/valence/montelimar/couvreur,a-creer,3,T3-longue-traine,oui,"Bassin grosse (39,800hab) - couverture geographique"
plombier drumettaz clarafond,transactional,local-listing,commune-agglo,plombier,aucun,103,low,/chambery/drumettaz-clarafond/plombier,a-creer,3,T3-longue-traine,oui,"Agglo moyenne (2,500hab) - longue traine locale"
macon annemasse,transactional,local-listing,commune-bassin,macon,aucun,102,low,/annecy/annemasse/macon,a-creer,3,T3-longue-traine,oui,"Bassin grosse (38,000hab) - couverture geographique"
couvreur annemasse,transactional,local-listing,commune-bassin,couvreur,aucun,102,low,/annecy/annemasse/couvreur,a-creer,3,T3-longue-traine,oui,"Bassin grosse (38,000hab) - couverture geographique"
peintre pierrelatte,transactional,local-listing,commune-bassin,peintre,aucun,102,low,/valence/pierrelatte/peintre,a-creer,3,T3-longue-traine,oui,"Bassin grosse (13,800hab) - couverture geographique"
menuisier pierrelatte,transactional,local-listing,commune-bassin,menuisier,aucun,102,low,/valence/pierrelatte/menuisier,a-creer,3,T3-longue-traine,oui,"Bassin grosse (13,800hab) - couverture geographique"
plombier noyarey,transactional,local-listing,commune-agglo,plombier,aucun,101,low,/grenoble/noyarey/plombier,a-creer,3,T3-longue-traine,oui,"Agglo moyenne (2,400hab) - longue traine locale"
peintre belleville en beaujolais,transactional,local-listing,commune-bassin,peintre,aucun,101,low,/lyon/belleville-en-beaujolais/peintre,a-creer,3,T3-longue-traine,oui,"Bassin grosse (13,600hab) - couverture geographique"
menuisier belleville en beaujolais,transactional,local-listing,commune-bassin,menuisier,aucun,101,low,/lyon/belleville-en-beaujolais/menuisier,a-creer,3,T3-longue-traine,oui,"Bassin grosse (13,600hab) - couverture geographique"
maprimerenov mon dossier,informational,guide-howto,national,n/a,aucun,100,medium,/guides/maprimerenov-demarches,existante,3,T4-questions-guides,oui,Verbatim utilisateur en panique
facturation electronique batiment,informational,guide-howto,national,multi,aucun,100,medium,/facturation-electronique,existante,3,T4-questions-guides,oui,Variante secteur batiment
peintre bonneville,transactional,local-listing,commune-bassin,peintre,aucun,100,low,/annecy/bonneville/peintre,a-creer,3,T3-longue-traine,oui,"Bassin grosse (13,100hab) - couverture geographique"
menuisier bonneville,transactional,local-listing,commune-bassin,menuisier,aucun,100,low,/annecy/bonneville/menuisier,a-creer,3,T3-longue-traine,oui,"Bassin grosse (13,100hab) - couverture geographique"
macon thonon les bains,transactional,local-listing,commune-bassin,macon,aucun,100,low,/annecy/thonon-les-bains/macon,a-creer,3,T3-longue-traine,oui,"Bassin grosse (36,100hab) - couverture geographique"
couvreur thonon les bains,transactional,local-listing,commune-bassin,couvreur,aucun,100,low,/annecy/thonon-les-bains/couvreur,a-creer,3,T3-longue-traine,oui,"Bassin grosse (36,100hab) - couverture geographique"
macon villefranche sur saone,transactional,local-listing,commune-bassin,macon,aucun,100,low,/lyon/villefranche-sur-saone/macon,a-creer,3,T3-longue-traine,oui,"Bassin grosse (36,700hab) - couverture geographique"
couvreur villefranche sur saone,transactional,local-listing,commune-bassin,couvreur,aucun,100,low,/lyon/villefranche-sur-saone/couvreur,a-creer,3,T3-longue-traine,oui,"Bassin grosse (36,700hab) - couverture geographique"
electricien saint vallier,transactional,local-listing,commune-agglo,electricien,aucun,100,low,/valence/saint-vallier/electricien,a-creer,3,T3-longue-traine,oui,"Agglo moyenne (4,100hab) - longue traine locale"
cout recherche fuite eau,informational,prix-tarif,national,plombier,prix,100,medium,/prix/plombier/fuite,a-creer,3,T3-longue-traine,oui,Synonyme cout - capture verbatim utilisateur
prix pose wc remplacement,informational,prix-tarif,national,plombier,prix,100,low,/prix/plombier/wc,a-creer,3,T3-longue-traine,oui,Sous-page prix par type de travaux - intent achat fort
cout douche italienne pose,informational,prix-tarif,national,plombier,prix,100,medium,/prix/plombier/douche-italienne,a-creer,3,T3-longue-traine,oui,Synonyme cout - capture verbatim utilisateur
cout tableau electrique aux normes,informational,prix-tarif,national,electricien,prix,100,medium,/prix/electricien/tableau-electrique,a-creer,3,T3-longue-traine,oui,Synonyme cout - capture verbatim utilisateur
cout borne recharge irve,informational,prix-tarif,national,electricien,prix,100,medium,/prix/electricien/irve,a-creer,3,T3-longue-traine,oui,Synonyme cout - capture verbatim utilisateur
prix peinture maison,informational,prix-tarif,national,peintre,prix,100,low,/prix/peintre/maison,a-creer,3,T3-longue-traine,oui,Sous-page prix par type de travaux - intent achat fort
cout carrelage salle de bain,informational,prix-tarif,national,carreleur,prix,100,medium,/prix/carreleur/salle-de-bain,a-creer,3,T3-longue-traine,oui,Synonyme cout - capture verbatim utilisateur
prix carrelage terrasse,informational,prix-tarif,national,carreleur,prix,100,low,/prix/carreleur/terrasse,a-creer,3,T3-longue-traine,oui,Sous-page prix par type de travaux - intent achat fort
prix pose porte d entree,informational,prix-tarif,national,menuisier,prix,100,low,/prix/menuisier/porte-entree,a-creer,3,T3-longue-traine,oui,Sous-page prix par type de travaux - intent achat fort
prix pose veranda,informational,prix-tarif,national,menuisier,prix,100,low,/prix/menuisier/veranda,a-creer,3,T3-longue-traine,oui,Sous-page prix par type de travaux - intent achat fort
prix demoussage toiture,informational,prix-tarif,national,couvreur,prix,100,low,/prix/couvreur/demoussage,a-creer,3,T3-longue-traine,oui,Sous-page prix par type de travaux - intent achat fort
cout remplacement chaudiere gaz,informational,prix-tarif,national,chauffagiste,prix,100,medium,/prix/chauffagiste/chaudiere-gaz,a-creer,3,T3-longue-traine,oui,Synonyme cout - capture verbatim utilisateur
cout poele a granules,informational,prix-tarif,national,chauffagiste,prix,100,medium,/prix/chauffagiste/poele-granules,a-creer,3,T3-longue-traine,oui,Synonyme cout - capture verbatim utilisateur
artisan savoie,transactional,dept-hub,departement,multi,aucun,100,medium,/savoie,a-creer,3,T2-volume-eleve,oui,Hub departement Savoie - couverture geographique macro
plombier 73,transactional,dept-hub,departement,plombier,aucun,100,medium,/savoie/plombier,a-creer,3,T3-longue-traine,oui,Hub departement metier+code
electricien 73,transactional,dept-hub,departement,electricien,aucun,100,medium,/savoie/electricien,a-creer,3,T3-longue-traine,oui,Hub departement metier+code
peintre 73,transactional,dept-hub,departement,peintre,aucun,100,medium,/savoie/peintre,a-creer,3,T3-longue-traine,oui,Hub departement metier+code
macon 73,transactional,dept-hub,departement,macon,aucun,100,medium,/savoie/macon,a-creer,3,T3-longue-traine,oui,Hub departement metier+code
carreleur 73,transactional,dept-hub,departement,carreleur,aucun,100,medium,/savoie/carreleur,a-creer,3,T3-longue-traine,oui,Hub departement metier+code
menuisier 73,transactional,dept-hub,departement,menuisier,aucun,100,medium,/savoie/menuisier,a-creer,3,T3-longue-traine,oui,Hub departement metier+code
couvreur 73,transactional,dept-hub,departement,couvreur,aucun,100,medium,/savoie/couvreur,a-creer,3,T3-longue-traine,oui,Hub departement metier+code
chauffagiste 73,transactional,dept-hub,departement,chauffagiste,aucun,100,medium,/savoie/chauffagiste,a-creer,3,T3-longue-traine,oui,Hub departement metier+code
artisan haute savoie,transactional,dept-hub,departement,multi,aucun,100,medium,/haute-savoie,a-creer,3,T2-volume-eleve,oui,Hub departement Haute-Savoie - couverture geographique macro
plombier 74,transactional,dept-hub,departement,plombier,aucun,100,medium,/haute-savoie/plombier,a-creer,3,T3-longue-traine,oui,Hub departement metier+code
electricien 74,transactional,dept-hub,departement,electricien,aucun,100,medium,/haute-savoie/electricien,a-creer,3,T3-longue-traine,oui,Hub departement metier+code
peintre 74,transactional,dept-hub,departement,peintre,aucun,100,medium,/haute-savoie/peintre,a-creer,3,T3-longue-traine,oui,Hub departement metier+code
macon 74,transactional,dept-hub,departement,macon,aucun,100,medium,/haute-savoie/macon,a-creer,3,T3-longue-traine,oui,Hub departement metier+code
carreleur 74,transactional,dept-hub,departement,carreleur,aucun,100,medium,/haute-savoie/carreleur,a-creer,3,T3-longue-traine,oui,Hub departement metier+code
menuisier 74,transactional,dept-hub,departement,menuisier,aucun,100,medium,/haute-savoie/menuisier,a-creer,3,T3-longue-traine,oui,Hub departement metier+code
couvreur 74,transactional,dept-hub,departement,couvreur,aucun,100,medium,/haute-savoie/couvreur,a-creer,3,T3-longue-traine,oui,Hub departement metier+code
chauffagiste 74,transactional,dept-hub,departement,chauffagiste,aucun,100,medium,/haute-savoie/chauffagiste,a-creer,3,T3-longue-traine,oui,Hub departement metier+code
artisan isere,transactional,dept-hub,departement,multi,aucun,100,medium,/isere,a-creer,3,T2-volume-eleve,oui,Hub departement Isère - couverture geographique macro
plombier 38,transactional,dept-hub,departement,plombier,aucun,100,medium,/isere/plombier,a-creer,3,T3-longue-traine,oui,Hub departement metier+code
electricien 38,transactional,dept-hub,departement,electricien,aucun,100,medium,/isere/electricien,a-creer,3,T3-longue-traine,oui,Hub departement metier+code
peintre 38,transactional,dept-hub,departement,peintre,aucun,100,medium,/isere/peintre,a-creer,3,T3-longue-traine,oui,Hub departement metier+code
macon 38,transactional,dept-hub,departement,macon,aucun,100,medium,/isere/macon,a-creer,3,T3-longue-traine,oui,Hub departement metier+code
carreleur 38,transactional,dept-hub,departement,carreleur,aucun,100,medium,/isere/carreleur,a-creer,3,T3-longue-traine,oui,Hub departement metier+code
menuisier 38,transactional,dept-hub,departement,menuisier,aucun,100,medium,/isere/menuisier,a-creer,3,T3-longue-traine,oui,Hub departement metier+code
couvreur 38,transactional,dept-hub,departement,couvreur,aucun,100,medium,/isere/couvreur,a-creer,3,T3-longue-traine,oui,Hub departement metier+code
chauffagiste 38,transactional,dept-hub,departement,chauffagiste,aucun,100,medium,/isere/chauffagiste,a-creer,3,T3-longue-traine,oui,Hub departement metier+code
artisan rhone,transactional,dept-hub,departement,multi,aucun,100,medium,/rhone,a-creer,3,T2-volume-eleve,oui,Hub departement Rhône - couverture geographique macro
plombier 69,transactional,dept-hub,departement,plombier,aucun,100,medium,/rhone/plombier,a-creer,3,T3-longue-traine,oui,Hub departement metier+code
electricien 69,transactional,dept-hub,departement,electricien,aucun,100,medium,/rhone/electricien,a-creer,3,T3-longue-traine,oui,Hub departement metier+code
peintre 69,transactional,dept-hub,departement,peintre,aucun,100,medium,/rhone/peintre,a-creer,3,T3-longue-traine,oui,Hub departement metier+code
macon 69,transactional,dept-hub,departement,macon,aucun,100,medium,/rhone/macon,a-creer,3,T3-longue-traine,oui,Hub departement metier+code
carreleur 69,transactional,dept-hub,departement,carreleur,aucun,100,medium,/rhone/carreleur,a-creer,3,T3-longue-traine,oui,Hub departement metier+code
menuisier 69,transactional,dept-hub,departement,menuisier,aucun,100,medium,/rhone/menuisier,a-creer,3,T3-longue-traine,oui,Hub departement metier+code
couvreur 69,transactional,dept-hub,departement,couvreur,aucun,100,medium,/rhone/couvreur,a-creer,3,T3-longue-traine,oui,Hub departement metier+code
chauffagiste 69,transactional,dept-hub,departement,chauffagiste,aucun,100,medium,/rhone/chauffagiste,a-creer,3,T3-longue-traine,oui,Hub departement metier+code
artisan drome,transactional,dept-hub,departement,multi,aucun,100,medium,/drome,a-creer,3,T2-volume-eleve,oui,Hub departement Drôme - couverture geographique macro
plombier 26,transactional,dept-hub,departement,plombier,aucun,100,medium,/drome/plombier,a-creer,3,T3-longue-traine,oui,Hub departement metier+code
electricien 26,transactional,dept-hub,departement,electricien,aucun,100,medium,/drome/electricien,a-creer,3,T3-longue-traine,oui,Hub departement metier+code
peintre 26,transactional,dept-hub,departement,peintre,aucun,100,medium,/drome/peintre,a-creer,3,T3-longue-traine,oui,Hub departement metier+code
macon 26,transactional,dept-hub,departement,macon,aucun,100,medium,/drome/macon,a-creer,3,T3-longue-traine,oui,Hub departement metier+code
carreleur 26,transactional,dept-hub,departement,carreleur,aucun,100,medium,/drome/carreleur,a-creer,3,T3-longue-traine,oui,Hub departement metier+code
menuisier 26,transactional,dept-hub,departement,menuisier,aucun,100,medium,/drome/menuisier,a-creer,3,T3-longue-traine,oui,Hub departement metier+code
couvreur 26,transactional,dept-hub,departement,couvreur,aucun,100,medium,/drome/couvreur,a-creer,3,T3-longue-traine,oui,Hub departement metier+code
chauffagiste 26,transactional,dept-hub,departement,chauffagiste,aucun,100,medium,/drome/chauffagiste,a-creer,3,T3-longue-traine,oui,Hub departement metier+code
artisan ardeche,transactional,dept-hub,departement,multi,aucun,100,medium,/ardeche,a-creer,3,T2-volume-eleve,oui,Hub departement Ardèche - couverture geographique macro
plombier 07,transactional,dept-hub,departement,plombier,aucun,100,medium,/ardeche/plombier,a-creer,3,T3-longue-traine,oui,Hub departement metier+code
electricien 07,transactional,dept-hub,departement,electricien,aucun,100,medium,/ardeche/electricien,a-creer,3,T3-longue-traine,oui,Hub departement metier+code
peintre 07,transactional,dept-hub,departement,peintre,aucun,100,medium,/ardeche/peintre,a-creer,3,T3-longue-traine,oui,Hub departement metier+code
macon 07,transactional,dept-hub,departement,macon,aucun,100,medium,/ardeche/macon,a-creer,3,T3-longue-traine,oui,Hub departement metier+code
carreleur 07,transactional,dept-hub,departement,carreleur,aucun,100,medium,/ardeche/carreleur,a-creer,3,T3-longue-traine,oui,Hub departement metier+code
menuisier 07,transactional,dept-hub,departement,menuisier,aucun,100,medium,/ardeche/menuisier,a-creer,3,T3-longue-traine,oui,Hub departement metier+code
couvreur 07,transactional,dept-hub,departement,couvreur,aucun,100,medium,/ardeche/couvreur,a-creer,3,T3-longue-traine,oui,Hub departement metier+code
chauffagiste 07,transactional,dept-hub,departement,chauffagiste,aucun,100,medium,/ardeche/chauffagiste,a-creer,3,T3-longue-traine,oui,Hub departement metier+code
que faire si fuite,informational,guide-howto,national,multi,aucun,100,low,/guides/qui-appeler-urgence-plomberie,a-creer,3,T4-questions-guides,oui,Variante reformulation question
que faire panne electrique,informational,guide-howto,national,multi,aucun,100,low,/guides/qui-appeler-panne-electrique,a-creer,3,T4-questions-guides,oui,Variante reformulation question
fuite gaz que faire,informational,guide-howto,national,multi,aucun,100,low,/guides/qui-appeler-fuite-gaz,a-creer,3,T4-questions-guides,oui,Variante reformulation question
chauffage panne hiver,informational,guide-howto,national,multi,aucun,100,low,/guides/qui-appeler-chauffage-panne,a-creer,3,T4-questions-guides,oui,Variante reformulation question
devis travaux gratuit,informational,guide-howto,national,multi,aucun,100,low,/guides/qui-contacter-devis-gratuit,a-creer,3,T4-questions-guides,oui,Variante reformulation question
comment couper eau generale,informational,guide-howto,national,multi,aucun,100,low,/guides/couper-arrivee-eau,a-creer,3,T4-questions-guides,oui,Variante reformulation question
lire un devis travaux,informational,guide-howto,national,multi,aucun,100,low,/guides/comment-lire-devis,a-creer,3,T4-questions-guides,oui,Variante reformulation question
renovation maison cout,informational,guide-howto,national,multi,aucun,100,low,/guides/cout-renovation-maison,a-creer,3,T4-questions-guides,oui,Variante reformulation question
renovation 100m2 prix,informational,guide-howto,national,multi,aucun,100,low,/guides/cout-renovation-maison-100m2,a-creer,3,T4-questions-guides,oui,Variante reformulation question
renovation 80m2 prix,informational,guide-howto,national,multi,aucun,100,low,/guides/cout-renovation-maison-80m2,a-creer,3,T4-questions-guides,oui,Variante reformulation question
renovation 120m2 prix,informational,guide-howto,national,multi,aucun,100,low,/guides/cout-renovation-maison-120m2,a-creer,3,T4-questions-guides,oui,Variante reformulation question
renovation 150m2 prix,informational,guide-howto,national,multi,aucun,100,low,/guides/cout-renovation-maison-150m2,a-creer,3,T4-questions-guides,oui,Variante reformulation question
construction maison prix,informational,guide-howto,national,multi,aucun,100,low,/guides/cout-construction-maison,a-creer,3,T4-questions-guides,oui,Variante reformulation question
pompe a chaleur prix pose,informational,guide-howto,national,multi,aucun,100,low,/guides/cout-pompe-chaleur-posee,a-creer,3,T4-questions-guides,oui,Variante reformulation question
fenetres double vitrage prix,informational,guide-howto,national,multi,aucun,100,low,/guides/cout-changement-fenetres,a-creer,3,T4-questions-guides,oui,Variante reformulation question
refaire toiture prix,informational,guide-howto,national,multi,aucun,100,low,/guides/cout-refaire-toiture,a-creer,3,T4-questions-guides,oui,Variante reformulation question
refaire electricite maison prix,informational,guide-howto,national,multi,aucun,100,low,/guides/cout-refaire-electricite,a-creer,3,T4-questions-guides,oui,Variante reformulation question
electricien jarrie,transactional,local-listing,commune-agglo,electricien,aucun,99,low,/grenoble/jarrie/electricien,a-creer,3,T3-longue-traine,oui,"Agglo moyenne (4,000hab) - longue traine locale"
plombier biviers,transactional,local-listing,commune-agglo,plombier,aucun,99,low,/grenoble/biviers/plombier,a-creer,3,T3-longue-traine,oui,"Agglo moyenne (2,300hab) - longue traine locale"
plombier brison saint innocent,transactional,local-listing,commune-agglo,plombier,aucun,98,low,/chambery/brison-saint-innocent/plombier,a-creer,3,T3-longue-traine,oui,"Agglo moyenne (2,200hab) - longue traine locale"
electricien doussard,transactional,local-listing,commune-agglo,electricien,aucun,97,low,/annecy/doussard/electricien,a-creer,3,T3-longue-traine,oui,"Agglo moyenne (3,800hab) - longue traine locale"
peintre brignais,transactional,local-listing,commune-bassin,peintre,aucun,97,low,/lyon/brignais/peintre,a-creer,3,T3-longue-traine,oui,"Bassin grosse (12,200hab) - couverture geographique"
menuisier brignais,transactional,local-listing,commune-bassin,menuisier,aucun,97,low,/lyon/brignais/menuisier,a-creer,3,T3-longue-traine,oui,"Bassin grosse (12,200hab) - couverture geographique"
peintre aubenas,transactional,local-listing,commune-bassin,peintre,aucun,97,low,/valence/aubenas/peintre,a-creer,3,T3-longue-traine,oui,"Bassin grosse (12,200hab) - couverture geographique"
menuisier aubenas,transactional,local-listing,commune-bassin,menuisier,aucun,97,low,/valence/aubenas/menuisier,a-creer,3,T3-longue-traine,oui,"Bassin grosse (12,200hab) - couverture geographique"
carreleur albertville,transactional,local-listing,commune-bassin,carreleur,aucun,96,low,/chambery/albertville/carreleur,a-creer,3,T3-longue-traine,oui,"Bassin grosse (19,000hab) - couverture geographique"
chauffagiste albertville,transactional,local-listing,commune-bassin,chauffagiste,aucun,96,low,/chambery/albertville/chauffagiste,a-creer,3,T3-longue-traine,oui,"Bassin grosse (19,000hab) - couverture geographique"
plombier alby sur cheran,transactional,local-listing,commune-agglo,plombier,aucun,96,low,/annecy/alby-sur-cheran/plombier,a-creer,3,T3-longue-traine,oui,"Agglo moyenne (2,100hab) - longue traine locale"
plombier saint paul de varces,transactional,local-listing,commune-agglo,plombier,aucun,96,low,/grenoble/saint-paul-de-varces/plombier,a-creer,3,T3-longue-traine,oui,"Agglo moyenne (2,100hab) - longue traine locale"
plombier vernoux en vivarais,transactional,local-listing,commune-agglo,plombier,aucun,96,low,/valence/vernoux-en-vivarais/plombier,a-creer,3,T3-longue-traine,oui,"Agglo moyenne (2,100hab) - longue traine locale"
carreleur cluses,transactional,local-listing,commune-bassin,carreleur,aucun,94,low,/annecy/cluses/carreleur,a-creer,3,T3-longue-traine,oui,"Bassin grosse (17,700hab) - couverture geographique"
chauffagiste cluses,transactional,local-listing,commune-bassin,chauffagiste,aucun,94,low,/annecy/cluses/chauffagiste,a-creer,3,T3-longue-traine,oui,"Bassin grosse (17,700hab) - couverture geographique"
peintre croix rousse,transactional,local-listing,quartier-intramuros,peintre,aucun,93,medium,/lyon/croix-rousse/peintre,a-creer,3,T3-longue-traine,oui,"Quartier Lyon dense (30,000hab) - hyperlocal"
menuisier croix rousse,transactional,local-listing,quartier-intramuros,menuisier,aucun,93,medium,/lyon/croix-rousse/menuisier,a-creer,3,T3-longue-traine,oui,"Quartier Lyon dense (30,000hab) - hyperlocal"
peintre guillotiere,transactional,local-listing,quartier-intramuros,peintre,aucun,93,medium,/lyon/guillotiere/peintre,a-creer,3,T3-longue-traine,oui,"Quartier Lyon dense (30,000hab) - hyperlocal"
menuisier guillotiere,transactional,local-listing,quartier-intramuros,menuisier,aucun,93,medium,/lyon/guillotiere/menuisier,a-creer,3,T3-longue-traine,oui,"Quartier Lyon dense (30,000hab) - hyperlocal"
peintre tarare,transactional,local-listing,commune-bassin,peintre,aucun,93,low,/lyon/tarare/peintre,a-creer,3,T3-longue-traine,oui,"Bassin grosse (11,100hab) - couverture geographique"
menuisier tarare,transactional,local-listing,commune-bassin,menuisier,aucun,93,low,/lyon/tarare/menuisier,a-creer,3,T3-longue-traine,oui,"Bassin grosse (11,100hab) - couverture geographique"
carreleur l isle d abeau,transactional,local-listing,commune-bassin,carreleur,aucun,93,low,/lyon/l-isle-d-abeau/carreleur,a-creer,3,T3-longue-traine,oui,"Bassin grosse (17,200hab) - couverture geographique"
chauffagiste l isle d abeau,transactional,local-listing,commune-bassin,chauffagiste,aucun,93,low,/lyon/l-isle-d-abeau/chauffagiste,a-creer,3,T3-longue-traine,oui,"Bassin grosse (17,200hab) - couverture geographique"
carreleur sallanches,transactional,local-listing,commune-bassin,carreleur,aucun,92,low,/annecy/sallanches/carreleur,a-creer,3,T3-longue-traine,oui,"Bassin grosse (16,800hab) - couverture geographique"
chauffagiste sallanches,transactional,local-listing,commune-bassin,chauffagiste,aucun,92,low,/annecy/sallanches/chauffagiste,a-creer,3,T3-longue-traine,oui,"Bassin grosse (16,800hab) - couverture geographique"
electricien bernin,transactional,local-listing,commune-agglo,electricien,aucun,91,low,/grenoble/bernin/electricien,a-creer,3,T3-longue-traine,oui,"Agglo moyenne (3,200hab) - longue traine locale"
electricien la buisse,transactional,local-listing,commune-agglo,electricien,aucun,91,low,/grenoble/la-buisse/electricien,a-creer,3,T3-longue-traine,oui,"Agglo moyenne (3,200hab) - longue traine locale"
macon bourgoin jallieu,transactional,local-listing,commune-bassin,macon,aucun,91,low,/lyon/bourgoin-jallieu/macon,a-creer,3,T3-longue-traine,oui,"Bassin grosse (28,800hab) - couverture geographique"
couvreur bourgoin jallieu,transactional,local-listing,commune-bassin,couvreur,aucun,91,low,/lyon/bourgoin-jallieu/couvreur,a-creer,3,T3-longue-traine,oui,"Bassin grosse (28,800hab) - couverture geographique"
plombier viviers du lac,transactional,local-listing,commune-agglo,plombier,aucun,90,low,/chambery/viviers-du-lac/plombier,a-creer,3,T3-longue-traine,oui,"Agglo moyenne (1,800hab) - longue traine locale"
plombier talloires montmin,transactional,local-listing,commune-agglo,plombier,aucun,90,low,/annecy/talloires-montmin/plombier,a-creer,3,T3-longue-traine,oui,"Agglo moyenne (1,800hab) - longue traine locale"
plombier menthon saint bernard,transactional,local-listing,commune-agglo,plombier,aucun,90,low,/annecy/menthon-saint-bernard/plombier,a-creer,3,T3-longue-traine,oui,"Agglo moyenne (1,800hab) - longue traine locale"
electricien champ sur drac,transactional,local-listing,commune-agglo,electricien,aucun,90,low,/grenoble/champ-sur-drac/electricien,a-creer,3,T3-longue-traine,oui,"Agglo moyenne (3,100hab) - longue traine locale"
carreleur annonay,transactional,local-listing,commune-bassin,carreleur,aucun,90,low,/valence/annonay/carreleur,a-creer,3,T3-longue-traine,oui,"Bassin grosse (16,100hab) - couverture geographique"
chauffagiste annonay,transactional,local-listing,commune-bassin,chauffagiste,aucun,90,low,/valence/annonay/chauffagiste,a-creer,3,T3-longue-traine,oui,"Bassin grosse (16,100hab) - couverture geographique"
plombier allonzier la caille,transactional,local-listing,commune-agglo,plombier,aucun,88,low,/annecy/allonzier-la-caille/plombier,a-creer,3,T3-longue-traine,oui,"Agglo moyenne (1,700hab) - longue traine locale"
plombier mauves,transactional,local-listing,commune-agglo,plombier,aucun,88,low,/valence/mauves/plombier,a-creer,3,T3-longue-traine,oui,"Agglo moyenne (1,700hab) - longue traine locale"
electricien tresserve,transactional,local-listing,commune-agglo,electricien,aucun,87,low,/chambery/tresserve/electricien,a-creer,3,T3-longue-traine,oui,"Agglo moyenne (2,900hab) - longue traine locale"
carreleur saint julien en genevois,transactional,local-listing,commune-bassin,carreleur,aucun,87,low,/annecy/saint-julien-en-genevois/carreleur,a-creer,3,T3-longue-traine,oui,"Bassin grosse (14,800hab) - couverture geographique"
chauffagiste saint julien en genevois,transactional,local-listing,commune-bassin,chauffagiste,aucun,87,low,/annecy/saint-julien-en-genevois/chauffagiste,a-creer,3,T3-longue-traine,oui,"Bassin grosse (14,800hab) - couverture geographique"
plombier veurey voroize,transactional,local-listing,commune-agglo,plombier,aucun,86,low,/grenoble/veurey-voroize/plombier,a-creer,3,T3-longue-traine,oui,"Agglo moyenne (1,600hab) - longue traine locale"
peintre part dieu,transactional,local-listing,quartier-intramuros,peintre,aucun,86,medium,/lyon/part-dieu/peintre,a-creer,3,T3-longue-traine,oui,"Quartier Lyon dense (25,000hab) - hyperlocal"
menuisier part dieu,transactional,local-listing,quartier-intramuros,menuisier,aucun,86,medium,/lyon/part-dieu/menuisier,a-creer,3,T3-longue-traine,oui,"Quartier Lyon dense (25,000hab) - hyperlocal"
peintre gerland,transactional,local-listing,quartier-intramuros,peintre,aucun,86,medium,/lyon/gerland/peintre,a-creer,3,T3-longue-traine,oui,"Quartier Lyon dense (25,000hab) - hyperlocal"
menuisier gerland,transactional,local-listing,quartier-intramuros,menuisier,aucun,86,medium,/lyon/gerland/menuisier,a-creer,3,T3-longue-traine,oui,"Quartier Lyon dense (25,000hab) - hyperlocal"
peintre monplaisir,transactional,local-listing,quartier-intramuros,peintre,aucun,86,medium,/lyon/monplaisir/peintre,a-creer,3,T3-longue-traine,oui,"Quartier Lyon dense (25,000hab) - hyperlocal"
menuisier monplaisir,transactional,local-listing,quartier-intramuros,menuisier,aucun,86,medium,/lyon/monplaisir/menuisier,a-creer,3,T3-longue-traine,oui,"Quartier Lyon dense (25,000hab) - hyperlocal"
peintre vaise,transactional,local-listing,quartier-intramuros,peintre,aucun,86,medium,/lyon/vaise/peintre,a-creer,3,T3-longue-traine,oui,"Quartier Lyon dense (25,000hab) - hyperlocal"
menuisier vaise,transactional,local-listing,quartier-intramuros,menuisier,aucun,86,medium,/lyon/vaise/menuisier,a-creer,3,T3-longue-traine,oui,"Quartier Lyon dense (25,000hab) - hyperlocal"
electricien le pouzin,transactional,local-listing,commune-agglo,electricien,aucun,85,low,/valence/le-pouzin/electricien,a-creer,3,T3-longue-traine,oui,"Agglo moyenne (2,700hab) - longue traine locale"
carreleur pierrelatte,transactional,local-listing,commune-bassin,carreleur,aucun,85,low,/valence/pierrelatte/carreleur,a-creer,3,T3-longue-traine,oui,"Bassin grosse (13,800hab) - couverture geographique"
chauffagiste pierrelatte,transactional,local-listing,commune-bassin,chauffagiste,aucun,85,low,/valence/pierrelatte/chauffagiste,a-creer,3,T3-longue-traine,oui,"Bassin grosse (13,800hab) - couverture geographique"
plombier mery,transactional,local-listing,commune-agglo,plombier,aucun,84,low,/chambery/mery/plombier,a-creer,3,T3-longue-traine,oui,"Agglo moyenne (1,500hab) - longue traine locale"
carreleur belleville en beaujolais,transactional,local-listing,commune-bassin,carreleur,aucun,84,low,/lyon/belleville-en-beaujolais/carreleur,a-creer,3,T3-longue-traine,oui,"Bassin grosse (13,600hab) - couverture geographique"
chauffagiste belleville en beaujolais,transactional,local-listing,commune-bassin,chauffagiste,aucun,84,low,/lyon/belleville-en-beaujolais/chauffagiste,a-creer,3,T3-longue-traine,oui,"Bassin grosse (13,600hab) - couverture geographique"
electricien saint jean de muzols,transactional,local-listing,commune-agglo,electricien,aucun,84,low,/valence/saint-jean-de-muzols/electricien,a-creer,3,T3-longue-traine,oui,"Agglo moyenne (2,600hab) - longue traine locale"
carreleur bonneville,transactional,local-listing,commune-bassin,carreleur,aucun,83,low,/annecy/bonneville/carreleur,a-creer,3,T3-longue-traine,oui,"Bassin grosse (13,100hab) - couverture geographique"
chauffagiste bonneville,transactional,local-listing,commune-bassin,chauffagiste,aucun,83,low,/annecy/bonneville/chauffagiste,a-creer,3,T3-longue-traine,oui,"Bassin grosse (13,100hab) - couverture geographique"
electricien drumettaz clarafond,transactional,local-listing,commune-agglo,electricien,aucun,82,low,/chambery/drumettaz-clarafond/electricien,a-creer,3,T3-longue-traine,oui,"Agglo moyenne (2,500hab) - longue traine locale"
electricien noyarey,transactional,local-listing,commune-agglo,electricien,aucun,81,low,/grenoble/noyarey/electricien,a-creer,3,T3-longue-traine,oui,"Agglo moyenne (2,400hab) - longue traine locale"
carreleur brignais,transactional,local-listing,commune-bassin,carreleur,aucun,81,low,/lyon/brignais/carreleur,a-creer,3,T3-longue-traine,oui,"Bassin grosse (12,200hab) - couverture geographique"
chauffagiste brignais,transactional,local-listing,commune-bassin,chauffagiste,aucun,81,low,/lyon/brignais/chauffagiste,a-creer,3,T3-longue-traine,oui,"Bassin grosse (12,200hab) - couverture geographique"
carreleur aubenas,transactional,local-listing,commune-bassin,carreleur,aucun,81,low,/valence/aubenas/carreleur,a-creer,3,T3-longue-traine,oui,"Bassin grosse (12,200hab) - couverture geographique"
chauffagiste aubenas,transactional,local-listing,commune-bassin,chauffagiste,aucun,81,low,/valence/aubenas/chauffagiste,a-creer,3,T3-longue-traine,oui,"Bassin grosse (12,200hab) - couverture geographique"
prix plombier m2,informational,prix-tarif,national,plombier,prix,80,medium,/prix/plombier,existante,3,T3-longue-traine,non,Variante m2 - peut justifier une sous-page dediee si vol confirme
prix electricien m2,informational,prix-tarif,national,electricien,prix,80,medium,/prix/electricien,existante,3,T3-longue-traine,non,Variante m2 - peut justifier une sous-page dediee si vol confirme
prix peintre m2,informational,prix-tarif,national,peintre,prix,80,medium,/prix/peintre,existante,3,T3-longue-traine,non,Variante m2 - peut justifier une sous-page dediee si vol confirme
prix macon m2,informational,prix-tarif,national,macon,prix,80,medium,/prix/macon,existante,3,T3-longue-traine,non,Variante m2 - peut justifier une sous-page dediee si vol confirme
prix carreleur m2,informational,prix-tarif,national,carreleur,prix,80,medium,/prix/carreleur,existante,3,T3-longue-traine,non,Variante m2 - peut justifier une sous-page dediee si vol confirme
prix menuisier m2,informational,prix-tarif,national,menuisier,prix,80,medium,/prix/menuisier,existante,3,T3-longue-traine,non,Variante m2 - peut justifier une sous-page dediee si vol confirme
prix couvreur m2,informational,prix-tarif,national,couvreur,prix,80,medium,/prix/couvreur,existante,3,T3-longue-traine,non,Variante m2 - peut justifier une sous-page dediee si vol confirme
prix chauffagiste m2,informational,prix-tarif,national,chauffagiste,prix,80,medium,/prix/chauffagiste,existante,3,T3-longue-traine,non,Variante m2 - peut justifier une sous-page dediee si vol confirme
prix installation domotique,informational,prix-tarif,national,electricien,prix,80,low,/prix/electricien/domotique,a-creer,3,T3-longue-traine,oui,Sous-page prix par type de travaux - intent achat fort
prix peinture facade,informational,prix-tarif,national,peintre,prix,80,low,/prix/peintre/facade,a-creer,3,T3-longue-traine,oui,Sous-page prix par type de travaux - intent achat fort
prix construction garage,informational,prix-tarif,national,macon,prix,80,low,/prix/macon/garage,a-creer,3,T3-longue-traine,oui,Sous-page prix par type de travaux - intent achat fort
prix placard sur mesure,informational,prix-tarif,national,menuisier,prix,80,low,/prix/menuisier/placard,a-creer,3,T3-longue-traine,oui,Sous-page prix par type de travaux - intent achat fort
prix ballon thermodynamique,informational,prix-tarif,national,chauffagiste,prix,80,low,/prix/chauffagiste/ballon-thermo,a-creer,3,T3-longue-traine,oui,Sous-page prix par type de travaux - intent achat fort
kbis artisan verification,informational,guide-howto,national,multi,aucun,80,low,/guides/kbis-artisan-verifier,a-creer,3,T4-questions-guides,oui,Question forum - longue traine reassurance/litige
capeb artisan signification,informational,guide-howto,national,multi,aucun,80,low,/guides/artisan-capeb,a-creer,3,T4-questions-guides,oui,Question forum - longue traine reassurance/litige
3 devis comment choisir,informational,guide-howto,national,multi,aucun,80,low,/guides/3-devis-comment-choisir,a-creer,3,T4-questions-guides,oui,Question forum - longue traine reassurance/litige
ecart devis 5000 euros normal,informational,guide-howto,national,multi,aucun,80,low,/guides/ecart-devis-5000-euros,a-creer,3,T4-questions-guides,oui,Question forum - longue traine reassurance/litige
devis trop bas mefiance,informational,guide-howto,national,multi,aucun,80,low,/guides/devis-trop-bas-mefiance,a-creer,3,T4-questions-guides,oui,Question forum - longue traine reassurance/litige
devis mentions obligatoires,informational,guide-howto,national,multi,aucun,80,low,/guides/devis-mentions-obligatoires,a-creer,3,T4-questions-guides,oui,Question forum - longue traine reassurance/litige
artisan demande 50 acompte,informational,guide-howto,national,multi,aucun,80,low,/guides/artisan-acompte-50-pourcent,a-creer,3,T4-questions-guides,oui,Question forum - longue traine reassurance/litige
artisan refuse facture cheque,informational,guide-howto,national,multi,aucun,80,low,/guides/artisan-pas-de-facture,a-creer,3,T4-questions-guides,oui,Question forum - longue traine reassurance/litige
payer artisan especes legal,informational,guide-howto,national,multi,aucun,80,low,/guides/payer-artisan-especes,a-creer,3,T4-questions-guides,oui,Question forum - longue traine reassurance/litige
malfacon decouverte 6 mois apres,informational,guide-howto,national,multi,aucun,80,low,/guides/malfacon-6-mois-apres,a-creer,3,T4-questions-guides,oui,Question forum - longue traine reassurance/litige
garantie decennale artisan retraite,informational,guide-howto,national,multi,aucun,80,low,/guides/decennale-artisan-retraite,a-creer,3,T4-questions-guides,oui,Question forum - longue traine reassurance/litige
pv reception travaux modele,informational,guide-howto,national,multi,aucun,80,low,/guides/pv-reception-modele,a-creer,3,T4-questions-guides,oui,Question forum - longue traine reassurance/litige
artisan delais non respectes,informational,guide-howto,national,multi,aucun,80,low,/guides/delais-non-respectes-artisan,a-creer,3,T4-questions-guides,oui,Question forum - longue traine reassurance/litige
artisan ne repond plus chantier,informational,guide-howto,national,multi,aucun,80,low,/guides/artisan-ne-repond-plus,a-creer,3,T4-questions-guides,oui,Question forum - longue traine reassurance/litige
huissier constat abandon chantier,informational,guide-howto,national,multi,aucun,80,low,/guides/huissier-constat-chantier,a-creer,3,T4-questions-guides,oui,Question forum - longue traine reassurance/litige
signalconso artisan utile,informational,guide-howto,national,multi,aucun,80,low,/guides/signalconso-artisan,a-creer,3,T4-questions-guides,oui,Question forum - longue traine reassurance/litige
dgccrf saisir comment artisan,informational,guide-howto,national,multi,aucun,80,low,/guides/dgccrf-saisir-litige,a-creer,3,T4-questions-guides,oui,Question forum - longue traine reassurance/litige
conciliateur de justice travaux,informational,guide-howto,national,multi,aucun,80,low,/guides/conciliateur-justice-travaux,a-creer,3,T4-questions-guides,oui,Question forum - longue traine reassurance/litige
tribunal de proximite litige montant,informational,guide-howto,national,multi,aucun,80,low,/guides/tribunal-proximite-litige,a-creer,3,T4-questions-guides,oui,Question forum - longue traine reassurance/litige
protection juridique habitation artisan,informational,guide-howto,national,multi,aucun,80,low,/guides/protection-juridique-travaux,a-creer,3,T4-questions-guides,oui,Question forum - longue traine reassurance/litige
declaration sinistre travaux assurance,informational,guide-howto,national,multi,aucun,80,low,/guides/declaration-sinistre-travaux,a-creer,3,T4-questions-guides,oui,Question forum - longue traine reassurance/litige
rupture contrat artisan en cours,informational,guide-howto,national,multi,aucun,80,low,/guides/rupture-contrat-artisan,a-creer,3,T4-questions-guides,oui,Question forum - longue traine reassurance/litige
annuler devis signe a domicile,informational,guide-howto,national,multi,aucun,80,low,/guides/annuler-devis-domicile,a-creer,3,T4-questions-guides,oui,Question forum - longue traine reassurance/litige
interdiction chaudiere gaz 2026,informational,guide-howto,national,multi,aucun,80,low,/guides/interdiction-chaudiere-gaz,a-creer,3,T4-questions-guides,oui,Question forum - longue traine reassurance/litige
garder chaudiere gaz 2026,informational,guide-howto,national,multi,aucun,80,low,/guides/garder-chaudiere-gaz,a-creer,3,T4-questions-guides,oui,Question forum - longue traine reassurance/litige
pac air eau ou air air,informational,guide-howto,national,multi,aucun,80,low,/guides/pac-air-eau-vs-air-air,a-creer,3,T4-questions-guides,oui,Question forum - longue traine reassurance/litige
ite enduit ou bardage,informational,guide-howto,national,multi,aucun,80,low,/guides/ite-enduit-vs-bardage,a-creer,3,T4-questions-guides,oui,Question forum - longue traine reassurance/litige
epaisseur isolant combles minimale,informational,guide-howto,national,multi,aucun,80,low,/guides/epaisseur-isolant-combles,a-creer,3,T4-questions-guides,oui,Question forum - longue traine reassurance/litige
laine de verre ou laine de roche,informational,guide-howto,national,multi,aucun,80,low,/guides/laine-verre-vs-laine-roche,a-creer,3,T4-questions-guides,oui,Question forum - longue traine reassurance/litige
ouate de cellulose vs laine de bois,informational,guide-howto,national,multi,aucun,80,low,/guides/ouate-cellulose-vs-laine-bois,a-creer,3,T4-questions-guides,oui,Question forum - longue traine reassurance/litige
vmc simple ou double flux,informational,guide-howto,national,multi,aucun,80,low,/guides/vmc-simple-vs-double-flux,a-creer,3,T4-questions-guides,oui,Question forum - longue traine reassurance/litige
dpe passer de F a D,informational,guide-howto,national,multi,aucun,80,low,/guides/dpe-classe-f-a-d,a-creer,3,T4-questions-guides,oui,Question forum - longue traine reassurance/litige
renovation globale definition,informational,guide-howto,national,multi,aucun,80,low,/guides/renovation-globale,a-creer,3,T4-questions-guides,oui,Question forum - longue traine reassurance/litige
consuel obligatoire installation,informational,guide-howto,national,multi,aucun,80,low,/guides/consuel-obligatoire,a-creer,3,T4-questions-guides,oui,Question forum - longue traine reassurance/litige
deplacer wc appartement possible,informational,guide-howto,national,multi,aucun,80,low,/guides/deplacer-wc-appartement,a-creer,3,T4-questions-guides,oui,Question forum - longue traine reassurance/litige
ballon thermodynamique ou electrique,informational,guide-howto,national,multi,aucun,80,low,/guides/ballon-thermodynamique-vs-electrique,a-creer,3,T4-questions-guides,oui,Question forum - longue traine reassurance/litige
peinture acrylique ou glycero murs,informational,guide-howto,national,multi,aucun,80,low,/guides/peinture-acrylique-vs-glycero,a-creer,3,T4-questions-guides,oui,Question forum - longue traine reassurance/litige
parquet flottant ou colle,informational,guide-howto,national,multi,aucun,80,low,/guides/parquet-flottant-vs-colle,a-creer,3,T4-questions-guides,oui,Question forum - longue traine reassurance/litige
veranda 20m2 permis,informational,guide-howto,national,multi,aucun,80,low,/guides/veranda-permis-construire,a-creer,3,T4-questions-guides,oui,Question forum - longue traine reassurance/litige
fissure mur maison grave,informational,guide-howto,national,multi,aucun,80,low,/guides/maison-fissures-grave,a-creer,3,T4-questions-guides,oui,Question forum - longue traine reassurance/litige
ravalement facade tous les combien,informational,guide-howto,national,multi,aucun,80,low,/guides/ravalement-facade-frequence,a-creer,3,T4-questions-guides,oui,Question forum - longue traine reassurance/litige
courtier en travaux utilite,informational,guide-howto,national,multi,aucun,80,low,/guides/courtier-en-travaux-quoi,a-creer,3,T4-questions-guides,oui,Question forum - longue traine reassurance/litige
plateforme mise en relation artisan fiable,informational,guide-howto,national,multi,aucun,80,low,/guides/plateforme-mise-en-relation-fiable,a-creer,3,T4-questions-guides,oui,Question forum - longue traine reassurance/litige
ordre artisans renovation totale,informational,guide-howto,national,multi,aucun,80,low,/guides/ordre-artisans-renovation,a-creer,3,T4-questions-guides,oui,Question forum - longue traine reassurance/litige
duree renovation complete maison,informational,guide-howto,national,multi,aucun,80,low,/guides/temps-renovation-complete,a-creer,3,T4-questions-guides,oui,Question forum - longue traine reassurance/litige
checklist visite artisan,informational,guide-howto,national,multi,aucun,80,low,/guides/checklist-visite-artisan,a-creer,3,T4-questions-guides,oui,Question forum - longue traine reassurance/litige
renover pour louer normes,informational,guide-howto,national,multi,aucun,80,low,/guides/renover-pour-louer,a-creer,3,T4-questions-guides,oui,Question forum - longue traine reassurance/litige
renover avant de revendre,informational,guide-howto,national,multi,aucun,80,low,/guides/renover-pour-revendre,a-creer,3,T4-questions-guides,oui,Question forum - longue traine reassurance/litige
acheter materiaux soi meme economies,informational,guide-howto,national,multi,aucun,80,low,/guides/acheter-materiaux-soi-meme,a-creer,3,T4-questions-guides,oui,Question forum - longue traine reassurance/litige
expert prive batiment expertise,informational,guide-howto,national,multi,aucun,80,low,/guides/expert-prive-batiment,a-creer,3,T4-questions-guides,oui,Question forum - longue traine reassurance/litige
garantie parfait achevement,informational,guide-howto,national,multi,aucun,80,low,/guides/garantie-parfait-achevement,a-creer,3,T4-questions-guides,oui,Question forum - longue traine reassurance/litige
decennale biennale difference,informational,guide-howto,national,multi,aucun,80,low,/guides/decennale-biennale-difference,a-creer,3,T4-questions-guides,oui,Question forum - longue traine reassurance/litige
activer garantie decennale artisan,informational,guide-howto,national,multi,aucun,80,low,/guides/activer-decennale-artisan,a-creer,3,T4-questions-guides,oui,Question forum - longue traine reassurance/litige
certificat rge artisan validite,informational,guide-howto,national,multi,aucun,80,low,/guides/certificat-rge-artisan,a-creer,3,T4-questions-guides,oui,Question forum - longue traine reassurance/litige
cee prime energie cumul maprimerenov,informational,guide-howto,national,multi,aucun,80,low,/guides/cee-prime-energie-cumul,a-creer,3,T4-questions-guides,oui,Question forum - longue traine reassurance/litige
anah aide travaux proprietaire,informational,guide-howto,national,multi,aucun,80,low,/guides/anah-aide-travaux,a-creer,3,T4-questions-guides,oui,Question forum - longue traine reassurance/litige
maprimeadapt senior handicap,informational,guide-howto,national,multi,aucun,80,low,/guides/maprimeadapt-senior,a-creer,3,T4-questions-guides,oui,Question forum - longue traine reassurance/litige
facture electronique 2026 particulier,informational,guide-howto,national,multi,aucun,80,low,/guides/facture-electronique-particulier,a-creer,3,T4-questions-guides,oui,Question forum - longue traine reassurance/litige
artisan virement seul moyen,informational,guide-howto,national,multi,aucun,80,low,/guides/artisan-virement-uniquement,a-creer,3,T4-questions-guides,oui,Question forum - longue traine reassurance/litige
artisan sans avis en ligne,informational,guide-howto,national,multi,aucun,80,low,/guides/artisan-pas-d-avis,a-creer,3,T4-questions-guides,oui,Question forum - longue traine reassurance/litige
artisan sans site internet,informational,guide-howto,national,multi,aucun,80,low,/guides/artisan-sans-site,a-creer,3,T4-questions-guides,oui,Question forum - longue traine reassurance/litige
artisan 73,transactional,dept-hub,departement,multi,aucun,80,medium,/savoie,a-creer,3,T3-longue-traine,oui,Hub departement code 73
peintre savoie,transactional,dept-hub,departement,peintre,aucun,80,medium,/savoie/peintre,a-creer,3,T3-longue-traine,oui,Hub departement metier - longue traine geo
macon savoie,transactional,dept-hub,departement,macon,aucun,80,medium,/savoie/macon,a-creer,3,T3-longue-traine,oui,Hub departement metier - longue traine geo
carreleur savoie,transactional,dept-hub,departement,carreleur,aucun,80,medium,/savoie/carreleur,a-creer,3,T3-longue-traine,oui,Hub departement metier - longue traine geo
menuisier savoie,transactional,dept-hub,departement,menuisier,aucun,80,medium,/savoie/menuisier,a-creer,3,T3-longue-traine,oui,Hub departement metier - longue traine geo
couvreur savoie,transactional,dept-hub,departement,couvreur,aucun,80,medium,/savoie/couvreur,a-creer,3,T3-longue-traine,oui,Hub departement metier - longue traine geo
chauffagiste savoie,transactional,dept-hub,departement,chauffagiste,aucun,80,medium,/savoie/chauffagiste,a-creer,3,T3-longue-traine,oui,Hub departement metier - longue traine geo
artisan 74,transactional,dept-hub,departement,multi,aucun,80,medium,/haute-savoie,a-creer,3,T3-longue-traine,oui,Hub departement code 74
peintre haute savoie,transactional,dept-hub,departement,peintre,aucun,80,medium,/haute-savoie/peintre,a-creer,3,T3-longue-traine,oui,Hub departement metier - longue traine geo
macon haute savoie,transactional,dept-hub,departement,macon,aucun,80,medium,/haute-savoie/macon,a-creer,3,T3-longue-traine,oui,Hub departement metier - longue traine geo
carreleur haute savoie,transactional,dept-hub,departement,carreleur,aucun,80,medium,/haute-savoie/carreleur,a-creer,3,T3-longue-traine,oui,Hub departement metier - longue traine geo
menuisier haute savoie,transactional,dept-hub,departement,menuisier,aucun,80,medium,/haute-savoie/menuisier,a-creer,3,T3-longue-traine,oui,Hub departement metier - longue traine geo
couvreur haute savoie,transactional,dept-hub,departement,couvreur,aucun,80,medium,/haute-savoie/couvreur,a-creer,3,T3-longue-traine,oui,Hub departement metier - longue traine geo
chauffagiste haute savoie,transactional,dept-hub,departement,chauffagiste,aucun,80,medium,/haute-savoie/chauffagiste,a-creer,3,T3-longue-traine,oui,Hub departement metier - longue traine geo
artisan 38,transactional,dept-hub,departement,multi,aucun,80,medium,/isere,a-creer,3,T3-longue-traine,oui,Hub departement code 38
peintre isere,transactional,dept-hub,departement,peintre,aucun,80,medium,/isere/peintre,a-creer,3,T3-longue-traine,oui,Hub departement metier - longue traine geo
macon isere,transactional,dept-hub,departement,macon,aucun,80,medium,/isere/macon,a-creer,3,T3-longue-traine,oui,Hub departement metier - longue traine geo
carreleur isere,transactional,dept-hub,departement,carreleur,aucun,80,medium,/isere/carreleur,a-creer,3,T3-longue-traine,oui,Hub departement metier - longue traine geo
menuisier isere,transactional,dept-hub,departement,menuisier,aucun,80,medium,/isere/menuisier,a-creer,3,T3-longue-traine,oui,Hub departement metier - longue traine geo
couvreur isere,transactional,dept-hub,departement,couvreur,aucun,80,medium,/isere/couvreur,a-creer,3,T3-longue-traine,oui,Hub departement metier - longue traine geo
chauffagiste isere,transactional,dept-hub,departement,chauffagiste,aucun,80,medium,/isere/chauffagiste,a-creer,3,T3-longue-traine,oui,Hub departement metier - longue traine geo
artisan 69,transactional,dept-hub,departement,multi,aucun,80,medium,/rhone,a-creer,3,T3-longue-traine,oui,Hub departement code 69
peintre rhone,transactional,dept-hub,departement,peintre,aucun,80,medium,/rhone/peintre,a-creer,3,T3-longue-traine,oui,Hub departement metier - longue traine geo
macon rhone,transactional,dept-hub,departement,macon,aucun,80,medium,/rhone/macon,a-creer,3,T3-longue-traine,oui,Hub departement metier - longue traine geo
carreleur rhone,transactional,dept-hub,departement,carreleur,aucun,80,medium,/rhone/carreleur,a-creer,3,T3-longue-traine,oui,Hub departement metier - longue traine geo
menuisier rhone,transactional,dept-hub,departement,menuisier,aucun,80,medium,/rhone/menuisier,a-creer,3,T3-longue-traine,oui,Hub departement metier - longue traine geo
couvreur rhone,transactional,dept-hub,departement,couvreur,aucun,80,medium,/rhone/couvreur,a-creer,3,T3-longue-traine,oui,Hub departement metier - longue traine geo
chauffagiste rhone,transactional,dept-hub,departement,chauffagiste,aucun,80,medium,/rhone/chauffagiste,a-creer,3,T3-longue-traine,oui,Hub departement metier - longue traine geo
artisan 26,transactional,dept-hub,departement,multi,aucun,80,medium,/drome,a-creer,3,T3-longue-traine,oui,Hub departement code 26
peintre drome,transactional,dept-hub,departement,peintre,aucun,80,medium,/drome/peintre,a-creer,3,T3-longue-traine,oui,Hub departement metier - longue traine geo
macon drome,transactional,dept-hub,departement,macon,aucun,80,medium,/drome/macon,a-creer,3,T3-longue-traine,oui,Hub departement metier - longue traine geo
carreleur drome,transactional,dept-hub,departement,carreleur,aucun,80,medium,/drome/carreleur,a-creer,3,T3-longue-traine,oui,Hub departement metier - longue traine geo
menuisier drome,transactional,dept-hub,departement,menuisier,aucun,80,medium,/drome/menuisier,a-creer,3,T3-longue-traine,oui,Hub departement metier - longue traine geo
couvreur drome,transactional,dept-hub,departement,couvreur,aucun,80,medium,/drome/couvreur,a-creer,3,T3-longue-traine,oui,Hub departement metier - longue traine geo
chauffagiste drome,transactional,dept-hub,departement,chauffagiste,aucun,80,medium,/drome/chauffagiste,a-creer,3,T3-longue-traine,oui,Hub departement metier - longue traine geo
artisan 07,transactional,dept-hub,departement,multi,aucun,80,medium,/ardeche,a-creer,3,T3-longue-traine,oui,Hub departement code 07
peintre ardeche,transactional,dept-hub,departement,peintre,aucun,80,medium,/ardeche/peintre,a-creer,3,T3-longue-traine,oui,Hub departement metier - longue traine geo
macon ardeche,transactional,dept-hub,departement,macon,aucun,80,medium,/ardeche/macon,a-creer,3,T3-longue-traine,oui,Hub departement metier - longue traine geo
carreleur ardeche,transactional,dept-hub,departement,carreleur,aucun,80,medium,/ardeche/carreleur,a-creer,3,T3-longue-traine,oui,Hub departement metier - longue traine geo
menuisier ardeche,transactional,dept-hub,departement,menuisier,aucun,80,medium,/ardeche/menuisier,a-creer,3,T3-longue-traine,oui,Hub departement metier - longue traine geo
couvreur ardeche,transactional,dept-hub,departement,couvreur,aucun,80,medium,/ardeche/couvreur,a-creer,3,T3-longue-traine,oui,Hub departement metier - longue traine geo
chauffagiste ardeche,transactional,dept-hub,departement,chauffagiste,aucun,80,medium,/ardeche/chauffagiste,a-creer,3,T3-longue-traine,oui,Hub departement metier - longue traine geo
travaux.com avis,commercial,comparatif,national,n/a,avis,80,medium,/comparatif/travaux.com,a-creer,3,T5-defensif,oui,Comparatif vs concurrent additionnel
bilik avis,commercial,comparatif,national,n/a,avis,80,medium,/comparatif/bilik,a-creer,3,T5-defensif,oui,Comparatif vs concurrent additionnel
eldotravo avis,commercial,comparatif,national,n/a,avis,80,medium,/comparatif/eldotravo,a-creer,3,T5-defensif,oui,Comparatif vs concurrent additionnel
hemea avis,commercial,comparatif,national,n/a,avis,80,medium,/comparatif/hemea,a-creer,3,T5-defensif,oui,Comparatif vs concurrent additionnel
123devis avis,commercial,comparatif,national,n/a,avis,80,medium,/comparatif/123devis,a-creer,3,T5-defensif,oui,Comparatif vs concurrent additionnel
ootravaux avis,commercial,comparatif,national,n/a,avis,80,medium,/comparatif/ootravaux,a-creer,3,T5-defensif,oui,Comparatif vs concurrent additionnel
effy avis,commercial,comparatif,national,n/a,avis,80,medium,/comparatif/effy,a-creer,3,T5-defensif,oui,Comparatif vs concurrent additionnel
electricien biviers,transactional,local-listing,commune-agglo,electricien,aucun,79,low,/grenoble/biviers/electricien,a-creer,3,T3-longue-traine,oui,"Agglo moyenne (2,300hab) - longue traine locale"
peintre presquile,transactional,local-listing,quartier-intramuros,peintre,aucun,79,medium,/lyon/presquile/peintre,a-creer,3,T3-longue-traine,oui,"Quartier Lyon dense (20,000hab) - hyperlocal"
menuisier presquile,transactional,local-listing,quartier-intramuros,menuisier,aucun,79,medium,/lyon/presquile/menuisier,a-creer,3,T3-longue-traine,oui,"Quartier Lyon dense (20,000hab) - hyperlocal"
peintre villette paul bert,transactional,local-listing,quartier-intramuros,peintre,aucun,79,medium,/lyon/villette-paul-bert/peintre,a-creer,3,T3-longue-traine,oui,"Quartier Lyon dense (20,000hab) - hyperlocal"
menuisier villette paul bert,transactional,local-listing,quartier-intramuros,menuisier,aucun,79,medium,/lyon/villette-paul-bert/menuisier,a-creer,3,T3-longue-traine,oui,"Quartier Lyon dense (20,000hab) - hyperlocal"
devis renovation salle de bain lyon,transactional,local-listing,ville-principale,multi,devis,79,low,/travaux/renovation-salle-de-bain/lyon,a-creer,3,T3-longue-traine,oui,Devis travaux + ville
prix renovation cuisine lyon,informational,prix-tarif,ville-principale,multi,prix,79,medium,/travaux/renovation-cuisine/lyon,a-creer,3,T3-longue-traine,oui,Prix travaux + ville
devis pompe a chaleur lyon,transactional,local-listing,ville-principale,multi,devis,79,low,/travaux/pompe-a-chaleur/lyon,a-creer,3,T3-longue-traine,oui,Devis travaux + ville
electricien brison saint innocent,transactional,local-listing,commune-agglo,electricien,aucun,78,low,/chambery/brison-saint-innocent/electricien,a-creer,3,T3-longue-traine,oui,"Agglo moyenne (2,200hab) - longue traine locale"
carreleur tarare,transactional,local-listing,commune-bassin,carreleur,aucun,78,low,/lyon/tarare/carreleur,a-creer,3,T3-longue-traine,oui,"Bassin grosse (11,100hab) - couverture geographique"
chauffagiste tarare,transactional,local-listing,commune-bassin,chauffagiste,aucun,78,low,/lyon/tarare/chauffagiste,a-creer,3,T3-longue-traine,oui,"Bassin grosse (11,100hab) - couverture geographique"
plombier mouxy,transactional,local-listing,commune-agglo,plombier,aucun,77,low,/chambery/mouxy/plombier,a-creer,3,T3-longue-traine,oui,"Agglo moyenne (1,200hab) - longue traine locale"
macon albertville,transactional,local-listing,commune-bassin,macon,aucun,77,low,/chambery/albertville/macon,a-creer,3,T3-longue-traine,oui,"Bassin grosse (19,000hab) - couverture geographique"
couvreur albertville,transactional,local-listing,commune-bassin,couvreur,aucun,77,low,/chambery/albertville/couvreur,a-creer,3,T3-longue-traine,oui,"Bassin grosse (19,000hab) - couverture geographique"
electricien alby sur cheran,transactional,local-listing,commune-agglo,electricien,aucun,77,low,/annecy/alby-sur-cheran/electricien,a-creer,3,T3-longue-traine,oui,"Agglo moyenne (2,100hab) - longue traine locale"
plombier champagnier,transactional,local-listing,commune-agglo,plombier,aucun,77,low,/grenoble/champagnier/plombier,a-creer,3,T3-longue-traine,oui,"Agglo moyenne (1,200hab) - longue traine locale"
plombier le sappey en chartreuse,transactional,local-listing,commune-agglo,plombier,aucun,77,low,/grenoble/le-sappey-en-chartreuse/plombier,a-creer,3,T3-longue-traine,oui,"Agglo moyenne (1,200hab) - longue traine locale"
electricien saint paul de varces,transactional,local-listing,commune-agglo,electricien,aucun,77,low,/grenoble/saint-paul-de-varces/electricien,a-creer,3,T3-longue-traine,oui,"Agglo moyenne (2,100hab) - longue traine locale"
carreleur croix rousse,transactional,local-listing,quartier-intramuros,carreleur,aucun,77,medium,/lyon/croix-rousse/carreleur,a-creer,3,T3-longue-traine,oui,"Quartier Lyon dense (30,000hab) - hyperlocal"
chauffagiste croix rousse,transactional,local-listing,quartier-intramuros,chauffagiste,aucun,77,medium,/lyon/croix-rousse/chauffagiste,a-creer,3,T3-longue-traine,oui,"Quartier Lyon dense (30,000hab) - hyperlocal"
carreleur guillotiere,transactional,local-listing,quartier-intramuros,carreleur,aucun,77,medium,/lyon/guillotiere/carreleur,a-creer,3,T3-longue-traine,oui,"Quartier Lyon dense (30,000hab) - hyperlocal"
chauffagiste guillotiere,transactional,local-listing,quartier-intramuros,chauffagiste,aucun,77,medium,/lyon/guillotiere/chauffagiste,a-creer,3,T3-longue-traine,oui,"Quartier Lyon dense (30,000hab) - hyperlocal"
electricien vernoux en vivarais,transactional,local-listing,commune-agglo,electricien,aucun,77,low,/valence/vernoux-en-vivarais/electricien,a-creer,3,T3-longue-traine,oui,"Agglo moyenne (2,100hab) - longue traine locale"
macon cluses,transactional,local-listing,commune-bassin,macon,aucun,75,low,/annecy/cluses/macon,a-creer,3,T3-longue-traine,oui,"Bassin grosse (17,700hab) - couverture geographique"
couvreur cluses,transactional,local-listing,commune-bassin,couvreur,aucun,75,low,/annecy/cluses/couvreur,a-creer,3,T3-longue-traine,oui,"Bassin grosse (17,700hab) - couverture geographique"
peintre montchat,transactional,local-listing,quartier-intramuros,peintre,aucun,75,medium,/lyon/montchat/peintre,a-creer,3,T3-longue-traine,oui,"Quartier Lyon dense (18,000hab) - hyperlocal"
menuisier montchat,transactional,local-listing,quartier-intramuros,menuisier,aucun,75,medium,/lyon/montchat/menuisier,a-creer,3,T3-longue-traine,oui,"Quartier Lyon dense (18,000hab) - hyperlocal"
peintre brotteaux,transactional,local-listing,quartier-intramuros,peintre,aucun,75,medium,/lyon/brotteaux/peintre,a-creer,3,T3-longue-traine,oui,"Quartier Lyon dense (18,000hab) - hyperlocal"
menuisier brotteaux,transactional,local-listing,quartier-intramuros,menuisier,aucun,75,medium,/lyon/brotteaux/menuisier,a-creer,3,T3-longue-traine,oui,"Quartier Lyon dense (18,000hab) - hyperlocal"
peintre etats unis,transactional,local-listing,quartier-intramuros,peintre,aucun,75,medium,/lyon/etats-unis/peintre,a-creer,3,T3-longue-traine,oui,"Quartier Lyon dense (18,000hab) - hyperlocal"
menuisier etats unis,transactional,local-listing,quartier-intramuros,menuisier,aucun,75,medium,/lyon/etats-unis/menuisier,a-creer,3,T3-longue-traine,oui,"Quartier Lyon dense (18,000hab) - hyperlocal"
cout pose chauffe-eau,informational,prix-tarif,national,plombier,prix,75,medium,/prix/plombier/chauffe-eau,a-creer,3,T3-longue-traine,oui,Synonyme cout - capture verbatim utilisateur
cout pose panneau solaire,informational,prix-tarif,national,electricien,prix,75,medium,/prix/electricien/panneau-solaire,a-creer,3,T3-longue-traine,oui,Synonyme cout - capture verbatim utilisateur
cout peinture appartement complet,informational,prix-tarif,national,peintre,prix,75,medium,/prix/peintre/appartement,a-creer,3,T3-longue-traine,oui,Synonyme cout - capture verbatim utilisateur
cout extension maison,informational,prix-tarif,national,macon,prix,75,medium,/prix/macon/extension,a-creer,3,T3-longue-traine,oui,Synonyme cout - capture verbatim utilisateur
cout pose carrelage,informational,prix-tarif,national,carreleur,prix,75,medium,/prix/carreleur/pose-carrelage,a-creer,3,T3-longue-traine,oui,Synonyme cout - capture verbatim utilisateur
cout chaudiere a granules,informational,prix-tarif,national,chauffagiste,prix,75,medium,/prix/chauffagiste/chaudiere-granules,a-creer,3,T3-longue-traine,oui,Synonyme cout - capture verbatim utilisateur
plombier pugny chatenod,transactional,local-listing,commune-agglo,plombier,aucun,74,low,/chambery/pugny-chatenod/plombier,a-creer,3,T3-longue-traine,oui,"Agglo moyenne (1,100hab) - longue traine locale"
plombier lathuile,transactional,local-listing,commune-agglo,plombier,aucun,74,low,/annecy/lathuile/plombier,a-creer,3,T3-longue-traine,oui,"Agglo moyenne (1,100hab) - longue traine locale"
plombier murianette,transactional,local-listing,commune-agglo,plombier,aucun,74,low,/grenoble/murianette/plombier,a-creer,3,T3-longue-traine,oui,"Agglo moyenne (1,100hab) - longue traine locale"
macon l isle d abeau,transactional,local-listing,commune-bassin,macon,aucun,74,low,/lyon/l-isle-d-abeau/macon,a-creer,3,T3-longue-traine,oui,"Bassin grosse (17,200hab) - couverture geographique"
couvreur l isle d abeau,transactional,local-listing,commune-bassin,couvreur,aucun,74,low,/lyon/l-isle-d-abeau/couvreur,a-creer,3,T3-longue-traine,oui,"Bassin grosse (17,200hab) - couverture geographique"
macon sallanches,transactional,local-listing,commune-bassin,macon,aucun,73,low,/annecy/sallanches/macon,a-creer,3,T3-longue-traine,oui,"Bassin grosse (16,800hab) - couverture geographique"
couvreur sallanches,transactional,local-listing,commune-bassin,couvreur,aucun,73,low,/annecy/sallanches/couvreur,a-creer,3,T3-longue-traine,oui,"Bassin grosse (16,800hab) - couverture geographique"
plombier romans sur isere 26100,transactional,local-listing,commune-agglo,plombier,aucun,73,low,/valence/romans-sur-isere/plombier,a-creer,3,T3-longue-traine,non,Variante avec code postal - signal local hyper-precis
electricien viviers du lac,transactional,local-listing,commune-agglo,electricien,aucun,72,low,/chambery/viviers-du-lac/electricien,a-creer,3,T3-longue-traine,oui,"Agglo moyenne (1,800hab) - longue traine locale"
electricien talloires montmin,transactional,local-listing,commune-agglo,electricien,aucun,72,low,/annecy/talloires-montmin/electricien,a-creer,3,T3-longue-traine,oui,"Agglo moyenne (1,800hab) - longue traine locale"
electricien menthon saint bernard,transactional,local-listing,commune-agglo,electricien,aucun,72,low,/annecy/menthon-saint-bernard/electricien,a-creer,3,T3-longue-traine,oui,"Agglo moyenne (1,800hab) - longue traine locale"
carreleur part dieu,transactional,local-listing,quartier-intramuros,carreleur,aucun,72,medium,/lyon/part-dieu/carreleur,a-creer,3,T3-longue-traine,oui,"Quartier Lyon dense (25,000hab) - hyperlocal"
chauffagiste part dieu,transactional,local-listing,quartier-intramuros,chauffagiste,aucun,72,medium,/lyon/part-dieu/chauffagiste,a-creer,3,T3-longue-traine,oui,"Quartier Lyon dense (25,000hab) - hyperlocal"
carreleur gerland,transactional,local-listing,quartier-intramuros,carreleur,aucun,72,medium,/lyon/gerland/carreleur,a-creer,3,T3-longue-traine,oui,"Quartier Lyon dense (25,000hab) - hyperlocal"
chauffagiste gerland,transactional,local-listing,quartier-intramuros,chauffagiste,aucun,72,medium,/lyon/gerland/chauffagiste,a-creer,3,T3-longue-traine,oui,"Quartier Lyon dense (25,000hab) - hyperlocal"
carreleur monplaisir,transactional,local-listing,quartier-intramuros,carreleur,aucun,72,medium,/lyon/monplaisir/carreleur,a-creer,3,T3-longue-traine,oui,"Quartier Lyon dense (25,000hab) - hyperlocal"
chauffagiste monplaisir,transactional,local-listing,quartier-intramuros,chauffagiste,aucun,72,medium,/lyon/monplaisir/chauffagiste,a-creer,3,T3-longue-traine,oui,"Quartier Lyon dense (25,000hab) - hyperlocal"
carreleur vaise,transactional,local-listing,quartier-intramuros,carreleur,aucun,72,medium,/lyon/vaise/carreleur,a-creer,3,T3-longue-traine,oui,"Quartier Lyon dense (25,000hab) - hyperlocal"
chauffagiste vaise,transactional,local-listing,quartier-intramuros,chauffagiste,aucun,72,medium,/lyon/vaise/chauffagiste,a-creer,3,T3-longue-traine,oui,"Quartier Lyon dense (25,000hab) - hyperlocal"
macon annonay,transactional,local-listing,commune-bassin,macon,aucun,72,low,/valence/annonay/macon,a-creer,3,T3-longue-traine,oui,"Bassin grosse (16,100hab) - couverture geographique"
couvreur annonay,transactional,local-listing,commune-bassin,couvreur,aucun,72,low,/valence/annonay/couvreur,a-creer,3,T3-longue-traine,oui,"Bassin grosse (16,100hab) - couverture geographique"
plombier duingt,transactional,local-listing,commune-agglo,plombier,aucun,71,low,/annecy/duingt/plombier,a-creer,3,T3-longue-traine,oui,"Agglo moyenne (1,000hab) - longue traine locale"
peintre voreppe,transactional,local-listing,commune-agglo,peintre,aucun,71,low,/grenoble/voreppe/peintre,a-creer,3,T3-longue-traine,oui,"Agglo moyenne (9,700hab) - longue traine locale"
menuisier voreppe,transactional,local-listing,commune-agglo,menuisier,aucun,71,low,/grenoble/voreppe/menuisier,a-creer,3,T3-longue-traine,oui,"Agglo moyenne (9,700hab) - longue traine locale"
chapiste grenoble,transactional,local-listing,ville-principale,multi,aucun,71,medium,/grenoble/chapiste,a-creer,3,T3-longue-traine,oui,Metier etendu hors V1 - chapiste fort vol urgence
plombier aix les bains 73100,transactional,local-listing,commune-agglo,plombier,aucun,70,low,/chambery/aix-les-bains/plombier,a-creer,3,T3-longue-traine,non,Variante avec code postal - signal local hyper-precis
electricien allonzier la caille,transactional,local-listing,commune-agglo,electricien,aucun,70,low,/annecy/allonzier-la-caille/electricien,a-creer,3,T3-longue-traine,oui,"Agglo moyenne (1,700hab) - longue traine locale"
macon saint julien en genevois,transactional,local-listing,commune-bassin,macon,aucun,70,low,/annecy/saint-julien-en-genevois/macon,a-creer,3,T3-longue-traine,oui,"Bassin grosse (14,800hab) - couverture geographique"
couvreur saint julien en genevois,transactional,local-listing,commune-bassin,couvreur,aucun,70,low,/annecy/saint-julien-en-genevois/couvreur,a-creer,3,T3-longue-traine,oui,"Bassin grosse (14,800hab) - couverture geographique"
peintre prefecture,transactional,local-listing,quartier-intramuros,peintre,aucun,70,medium,/lyon/prefecture/peintre,a-creer,3,T3-longue-traine,oui,"Quartier Lyon dense (15,000hab) - hyperlocal"
menuisier prefecture,transactional,local-listing,quartier-intramuros,menuisier,aucun,70,medium,/lyon/prefecture/menuisier,a-creer,3,T3-longue-traine,oui,"Quartier Lyon dense (15,000hab) - hyperlocal"
peintre mermoz,transactional,local-listing,quartier-intramuros,peintre,aucun,70,medium,/lyon/mermoz/peintre,a-creer,3,T3-longue-traine,oui,"Quartier Lyon dense (15,000hab) - hyperlocal"
menuisier mermoz,transactional,local-listing,quartier-intramuros,menuisier,aucun,70,medium,/lyon/mermoz/menuisier,a-creer,3,T3-longue-traine,oui,"Quartier Lyon dense (15,000hab) - hyperlocal"
electricien mauves,transactional,local-listing,commune-agglo,electricien,aucun,70,low,/valence/mauves/electricien,a-creer,3,T3-longue-traine,oui,"Agglo moyenne (1,700hab) - longue traine locale"
electricien veurey voroize,transactional,local-listing,commune-agglo,electricien,aucun,69,low,/grenoble/veurey-voroize/electricien,a-creer,3,T3-longue-traine,oui,"Agglo moyenne (1,600hab) - longue traine locale"
peintre livron sur drome,transactional,local-listing,commune-agglo,peintre,aucun,69,low,/valence/livron-sur-drome/peintre,a-creer,3,T3-longue-traine,oui,"Agglo moyenne (9,100hab) - longue traine locale"
menuisier livron sur drome,transactional,local-listing,commune-agglo,menuisier,aucun,69,low,/valence/livron-sur-drome/menuisier,a-creer,3,T3-longue-traine,oui,"Agglo moyenne (9,100hab) - longue traine locale"
peintre crolles,transactional,local-listing,commune-agglo,peintre,aucun,68,low,/grenoble/crolles/peintre,a-creer,3,T3-longue-traine,oui,"Agglo moyenne (8,700hab) - longue traine locale"
menuisier crolles,transactional,local-listing,commune-agglo,menuisier,aucun,68,low,/grenoble/crolles/menuisier,a-creer,3,T3-longue-traine,oui,"Agglo moyenne (8,700hab) - longue traine locale"
macon pierrelatte,transactional,local-listing,commune-bassin,macon,aucun,68,low,/valence/pierrelatte/macon,a-creer,3,T3-longue-traine,oui,"Bassin grosse (13,800hab) - couverture geographique"
couvreur pierrelatte,transactional,local-listing,commune-bassin,couvreur,aucun,68,low,/valence/pierrelatte/couvreur,a-creer,3,T3-longue-traine,oui,"Bassin grosse (13,800hab) - couverture geographique"
electricien mery,transactional,local-listing,commune-agglo,electricien,aucun,67,low,/chambery/mery/electricien,a-creer,3,T3-longue-traine,oui,"Agglo moyenne (1,500hab) - longue traine locale"
plombier trevignin,transactional,local-listing,commune-agglo,plombier,aucun,67,low,/chambery/trevignin/plombier,a-creer,3,T3-longue-traine,oui,Agglo moyenne (850hab) - longue traine locale
peintre vif,transactional,local-listing,commune-agglo,peintre,aucun,67,low,/grenoble/vif/peintre,a-creer,3,T3-longue-traine,oui,"Agglo moyenne (8,400hab) - longue traine locale"
menuisier vif,transactional,local-listing,commune-agglo,menuisier,aucun,67,low,/grenoble/vif/menuisier,a-creer,3,T3-longue-traine,oui,"Agglo moyenne (8,400hab) - longue traine locale"
peintre saint marcellin,transactional,local-listing,commune-agglo,peintre,aucun,67,low,/grenoble/saint-marcellin/peintre,a-creer,3,T3-longue-traine,oui,"Agglo moyenne (8,400hab) - longue traine locale"
menuisier saint marcellin,transactional,local-listing,commune-agglo,menuisier,aucun,67,low,/grenoble/saint-marcellin/menuisier,a-creer,3,T3-longue-traine,oui,"Agglo moyenne (8,400hab) - longue traine locale"
macon belleville en beaujolais,transactional,local-listing,commune-bassin,macon,aucun,67,low,/lyon/belleville-en-beaujolais/macon,a-creer,3,T3-longue-traine,oui,"Bassin grosse (13,600hab) - couverture geographique"
couvreur belleville en beaujolais,transactional,local-listing,commune-bassin,couvreur,aucun,67,low,/lyon/belleville-en-beaujolais/couvreur,a-creer,3,T3-longue-traine,oui,"Bassin grosse (13,600hab) - couverture geographique"
macon bonneville,transactional,local-listing,commune-bassin,macon,aucun,66,low,/annecy/bonneville/macon,a-creer,3,T3-longue-traine,oui,"Bassin grosse (13,100hab) - couverture geographique"
couvreur bonneville,transactional,local-listing,commune-bassin,couvreur,aucun,66,low,/annecy/bonneville/couvreur,a-creer,3,T3-longue-traine,oui,"Bassin grosse (13,100hab) - couverture geographique"
peintre claix,transactional,local-listing,commune-agglo,peintre,aucun,66,low,/grenoble/claix/peintre,a-creer,3,T3-longue-traine,oui,"Agglo moyenne (8,200hab) - longue traine locale"
menuisier claix,transactional,local-listing,commune-agglo,menuisier,aucun,66,low,/grenoble/claix/menuisier,a-creer,3,T3-longue-traine,oui,"Agglo moyenne (8,200hab) - longue traine locale"
peintre moirans,transactional,local-listing,commune-agglo,peintre,aucun,66,low,/grenoble/moirans/peintre,a-creer,3,T3-longue-traine,oui,"Agglo moyenne (8,200hab) - longue traine locale"
menuisier moirans,transactional,local-listing,commune-agglo,menuisier,aucun,66,low,/grenoble/moirans/menuisier,a-creer,3,T3-longue-traine,oui,"Agglo moyenne (8,200hab) - longue traine locale"
peintre privas,transactional,local-listing,commune-agglo,peintre,aucun,66,low,/valence/privas/peintre,a-creer,3,T3-longue-traine,oui,"Agglo moyenne (8,100hab) - longue traine locale"
menuisier privas,transactional,local-listing,commune-agglo,menuisier,aucun,66,low,/valence/privas/menuisier,a-creer,3,T3-longue-traine,oui,"Agglo moyenne (8,100hab) - longue traine locale"
peintre crest,transactional,local-listing,commune-agglo,peintre,aucun,66,low,/valence/crest/peintre,a-creer,3,T3-longue-traine,oui,"Agglo moyenne (8,100hab) - longue traine locale"
menuisier crest,transactional,local-listing,commune-agglo,menuisier,aucun,66,low,/valence/crest/menuisier,a-creer,3,T3-longue-traine,oui,"Agglo moyenne (8,100hab) - longue traine locale"
peintre varces allieres et risset,transactional,local-listing,commune-agglo,peintre,aucun,65,low,/grenoble/varces-allieres-et-risset/peintre,a-creer,3,T3-longue-traine,oui,"Agglo moyenne (8,000hab) - longue traine locale"
menuisier varces allieres et risset,transactional,local-listing,commune-agglo,menuisier,aucun,65,low,/grenoble/varces-allieres-et-risset/menuisier,a-creer,3,T3-longue-traine,oui,"Agglo moyenne (8,000hab) - longue traine locale"
peintre tullins,transactional,local-listing,commune-agglo,peintre,aucun,65,low,/grenoble/tullins/peintre,a-creer,3,T3-longue-traine,oui,"Agglo moyenne (7,800hab) - longue traine locale"
menuisier tullins,transactional,local-listing,commune-agglo,menuisier,aucun,65,low,/grenoble/tullins/menuisier,a-creer,3,T3-longue-traine,oui,"Agglo moyenne (7,800hab) - longue traine locale"
carreleur presquile,transactional,local-listing,quartier-intramuros,carreleur,aucun,65,medium,/lyon/presquile/carreleur,a-creer,3,T3-longue-traine,oui,"Quartier Lyon dense (20,000hab) - hyperlocal"
chauffagiste presquile,transactional,local-listing,quartier-intramuros,chauffagiste,aucun,65,medium,/lyon/presquile/chauffagiste,a-creer,3,T3-longue-traine,oui,"Quartier Lyon dense (20,000hab) - hyperlocal"
carreleur villette paul bert,transactional,local-listing,quartier-intramuros,carreleur,aucun,65,medium,/lyon/villette-paul-bert/carreleur,a-creer,3,T3-longue-traine,oui,"Quartier Lyon dense (20,000hab) - hyperlocal"
chauffagiste villette paul bert,transactional,local-listing,quartier-intramuros,chauffagiste,aucun,65,medium,/lyon/villette-paul-bert/chauffagiste,a-creer,3,T3-longue-traine,oui,"Quartier Lyon dense (20,000hab) - hyperlocal"
peintre faverges seythenex,transactional,local-listing,commune-agglo,peintre,aucun,64,low,/annecy/faverges-seythenex/peintre,a-creer,3,T3-longue-traine,oui,"Agglo moyenne (7,600hab) - longue traine locale"
menuisier faverges seythenex,transactional,local-listing,commune-agglo,menuisier,aucun,64,low,/annecy/faverges-seythenex/menuisier,a-creer,3,T3-longue-traine,oui,"Agglo moyenne (7,600hab) - longue traine locale"
peintre berriat,transactional,local-listing,quartier-intramuros,peintre,aucun,64,medium,/grenoble/berriat/peintre,a-creer,3,T3-longue-traine,oui,"Quartier Grenoble dense (12,000hab) - hyperlocal"
menuisier berriat,transactional,local-listing,quartier-intramuros,menuisier,aucun,64,medium,/grenoble/berriat/menuisier,a-creer,3,T3-longue-traine,oui,"Quartier Grenoble dense (12,000hab) - hyperlocal"
peintre villeneuve,transactional,local-listing,quartier-intramuros,peintre,aucun,64,medium,/grenoble/villeneuve/peintre,a-creer,3,T3-longue-traine,oui,"Quartier Grenoble dense (12,000hab) - hyperlocal"
menuisier villeneuve,transactional,local-listing,quartier-intramuros,menuisier,aucun,64,medium,/grenoble/villeneuve/menuisier,a-creer,3,T3-longue-traine,oui,"Quartier Grenoble dense (12,000hab) - hyperlocal"
peintre villard bonnot,transactional,local-listing,commune-agglo,peintre,aucun,64,low,/grenoble/villard-bonnot/peintre,a-creer,3,T3-longue-traine,oui,"Agglo moyenne (7,600hab) - longue traine locale"
menuisier villard bonnot,transactional,local-listing,commune-agglo,menuisier,aucun,64,low,/grenoble/villard-bonnot/menuisier,a-creer,3,T3-longue-traine,oui,"Agglo moyenne (7,600hab) - longue traine locale"
peintre vizille,transactional,local-listing,commune-agglo,peintre,aucun,64,low,/grenoble/vizille/peintre,a-creer,3,T3-longue-traine,oui,"Agglo moyenne (7,700hab) - longue traine locale"
menuisier vizille,transactional,local-listing,commune-agglo,menuisier,aucun,64,low,/grenoble/vizille/menuisier,a-creer,3,T3-longue-traine,oui,"Agglo moyenne (7,700hab) - longue traine locale"
peintre tete d or,transactional,local-listing,quartier-intramuros,peintre,aucun,64,medium,/lyon/tete-d-or/peintre,a-creer,3,T3-longue-traine,oui,"Quartier Lyon dense (12,000hab) - hyperlocal"
menuisier tete d or,transactional,local-listing,quartier-intramuros,menuisier,aucun,64,medium,/lyon/tete-d-or/menuisier,a-creer,3,T3-longue-traine,oui,"Quartier Lyon dense (12,000hab) - hyperlocal"
peintre jean mace,transactional,local-listing,quartier-intramuros,peintre,aucun,64,medium,/lyon/jean-mace/peintre,a-creer,3,T3-longue-traine,oui,"Quartier Lyon dense (12,000hab) - hyperlocal"
menuisier jean mace,transactional,local-listing,quartier-intramuros,menuisier,aucun,64,medium,/lyon/jean-mace/menuisier,a-creer,3,T3-longue-traine,oui,"Quartier Lyon dense (12,000hab) - hyperlocal"
peintre bachut,transactional,local-listing,quartier-intramuros,peintre,aucun,64,medium,/lyon/bachut/peintre,a-creer,3,T3-longue-traine,oui,"Quartier Lyon dense (12,000hab) - hyperlocal"
menuisier bachut,transactional,local-listing,quartier-intramuros,menuisier,aucun,64,medium,/lyon/bachut/menuisier,a-creer,3,T3-longue-traine,oui,"Quartier Lyon dense (12,000hab) - hyperlocal"
peintre la duchere,transactional,local-listing,quartier-intramuros,peintre,aucun,64,medium,/lyon/la-duchere/peintre,a-creer,3,T3-longue-traine,oui,"Quartier Lyon dense (12,000hab) - hyperlocal"
menuisier la duchere,transactional,local-listing,quartier-intramuros,menuisier,aucun,64,medium,/lyon/la-duchere/menuisier,a-creer,3,T3-longue-traine,oui,"Quartier Lyon dense (12,000hab) - hyperlocal"
macon brignais,transactional,local-listing,commune-bassin,macon,aucun,64,low,/lyon/brignais/macon,a-creer,3,T3-longue-traine,oui,"Bassin grosse (12,200hab) - couverture geographique"
couvreur brignais,transactional,local-listing,commune-bassin,couvreur,aucun,64,low,/lyon/brignais/couvreur,a-creer,3,T3-longue-traine,oui,"Bassin grosse (12,200hab) - couverture geographique"
macon aubenas,transactional,local-listing,commune-bassin,macon,aucun,64,low,/valence/aubenas/macon,a-creer,3,T3-longue-traine,oui,"Bassin grosse (12,200hab) - couverture geographique"
couvreur aubenas,transactional,local-listing,commune-bassin,couvreur,aucun,64,low,/valence/aubenas/couvreur,a-creer,3,T3-longue-traine,oui,"Bassin grosse (12,200hab) - couverture geographique"
chapiste annecy,transactional,local-listing,ville-principale,multi,aucun,64,medium,/annecy/chapiste,a-creer,3,T3-longue-traine,oui,Metier etendu hors V1 - chapiste fort vol urgence
carreleur montchat,transactional,local-listing,quartier-intramuros,carreleur,aucun,63,medium,/lyon/montchat/carreleur,a-creer,3,T3-longue-traine,oui,"Quartier Lyon dense (18,000hab) - hyperlocal"
chauffagiste montchat,transactional,local-listing,quartier-intramuros,chauffagiste,aucun,63,medium,/lyon/montchat/chauffagiste,a-creer,3,T3-longue-traine,oui,"Quartier Lyon dense (18,000hab) - hyperlocal"
carreleur brotteaux,transactional,local-listing,quartier-intramuros,carreleur,aucun,63,medium,/lyon/brotteaux/carreleur,a-creer,3,T3-longue-traine,oui,"Quartier Lyon dense (18,000hab) - hyperlocal"
chauffagiste brotteaux,transactional,local-listing,quartier-intramuros,chauffagiste,aucun,63,medium,/lyon/brotteaux/chauffagiste,a-creer,3,T3-longue-traine,oui,"Quartier Lyon dense (18,000hab) - hyperlocal"
carreleur etats unis,transactional,local-listing,quartier-intramuros,carreleur,aucun,63,medium,/lyon/etats-unis/carreleur,a-creer,3,T3-longue-traine,oui,"Quartier Lyon dense (18,000hab) - hyperlocal"
chauffagiste etats unis,transactional,local-listing,quartier-intramuros,chauffagiste,aucun,63,medium,/lyon/etats-unis/chauffagiste,a-creer,3,T3-longue-traine,oui,"Quartier Lyon dense (18,000hab) - hyperlocal"
peintre saint ismier,transactional,local-listing,commune-agglo,peintre,aucun,62,low,/grenoble/saint-ismier/peintre,a-creer,3,T3-longue-traine,oui,"Agglo moyenne (7,100hab) - longue traine locale"
menuisier saint ismier,transactional,local-listing,commune-agglo,menuisier,aucun,62,low,/grenoble/saint-ismier/menuisier,a-creer,3,T3-longue-traine,oui,"Agglo moyenne (7,100hab) - longue traine locale"
macon croix rousse,transactional,local-listing,quartier-intramuros,macon,aucun,62,medium,/lyon/croix-rousse/macon,a-creer,3,T3-longue-traine,oui,"Quartier Lyon dense (30,000hab) - hyperlocal"
couvreur croix rousse,transactional,local-listing,quartier-intramuros,couvreur,aucun,62,medium,/lyon/croix-rousse/couvreur,a-creer,3,T3-longue-traine,oui,"Quartier Lyon dense (30,000hab) - hyperlocal"
macon guillotiere,transactional,local-listing,quartier-intramuros,macon,aucun,62,medium,/lyon/guillotiere/macon,a-creer,3,T3-longue-traine,oui,"Quartier Lyon dense (30,000hab) - hyperlocal"
couvreur guillotiere,transactional,local-listing,quartier-intramuros,couvreur,aucun,62,medium,/lyon/guillotiere/couvreur,a-creer,3,T3-longue-traine,oui,"Quartier Lyon dense (30,000hab) - hyperlocal"
macon tarare,transactional,local-listing,commune-bassin,macon,aucun,62,low,/lyon/tarare/macon,a-creer,3,T3-longue-traine,oui,"Bassin grosse (11,100hab) - couverture geographique"
couvreur tarare,transactional,local-listing,commune-bassin,couvreur,aucun,62,low,/lyon/tarare/couvreur,a-creer,3,T3-longue-traine,oui,"Bassin grosse (11,100hab) - couverture geographique"
electricien mouxy,transactional,local-listing,commune-agglo,electricien,aucun,61,low,/chambery/mouxy/electricien,a-creer,3,T3-longue-traine,oui,"Agglo moyenne (1,200hab) - longue traine locale"
peintre thones,transactional,local-listing,commune-agglo,peintre,aucun,61,low,/annecy/thones/peintre,a-creer,3,T3-longue-traine,oui,"Agglo moyenne (6,700hab) - longue traine locale"
menuisier thones,transactional,local-listing,commune-agglo,menuisier,aucun,61,low,/annecy/thones/menuisier,a-creer,3,T3-longue-traine,oui,"Agglo moyenne (6,700hab) - longue traine locale"
peintre domene,transactional,local-listing,commune-agglo,peintre,aucun,61,low,/grenoble/domene/peintre,a-creer,3,T3-longue-traine,oui,"Agglo moyenne (6,800hab) - longue traine locale"
menuisier domene,transactional,local-listing,commune-agglo,menuisier,aucun,61,low,/grenoble/domene/menuisier,a-creer,3,T3-longue-traine,oui,"Agglo moyenne (6,800hab) - longue traine locale"
electricien champagnier,transactional,local-listing,commune-agglo,electricien,aucun,61,low,/grenoble/champagnier/electricien,a-creer,3,T3-longue-traine,oui,"Agglo moyenne (1,200hab) - longue traine locale"
electricien le sappey en chartreuse,transactional,local-listing,commune-agglo,electricien,aucun,61,low,/grenoble/le-sappey-en-chartreuse/electricien,a-creer,3,T3-longue-traine,oui,"Agglo moyenne (1,200hab) - longue traine locale"
peintre les hauts de chambery,transactional,local-listing,quartier-intramuros,peintre,aucun,60,medium,/chambery/les-hauts-de-chambery/peintre,a-creer,3,T3-longue-traine,oui,"Quartier Chambéry dense (10,000hab) - hyperlocal"
menuisier les hauts de chambery,transactional,local-listing,quartier-intramuros,menuisier,aucun,60,medium,/chambery/les-hauts-de-chambery/menuisier,a-creer,3,T3-longue-traine,oui,"Quartier Chambéry dense (10,000hab) - hyperlocal"
peintre centre ville,transactional,local-listing,quartier-intramuros,peintre,aucun,60,medium,/annecy/centre-ville/peintre,a-creer,3,T3-longue-traine,oui,"Quartier Annecy dense (10,000hab) - hyperlocal"
menuisier centre ville,transactional,local-listing,quartier-intramuros,menuisier,aucun,60,medium,/annecy/centre-ville/menuisier,a-creer,3,T3-longue-traine,oui,"Quartier Annecy dense (10,000hab) - hyperlocal"
peintre hyper centre,transactional,local-listing,quartier-intramuros,peintre,aucun,60,medium,/grenoble/hyper-centre/peintre,a-creer,3,T3-longue-traine,oui,"Quartier Grenoble dense (10,000hab) - hyperlocal"
menuisier hyper centre,transactional,local-listing,quartier-intramuros,menuisier,aucun,60,medium,/grenoble/hyper-centre/menuisier,a-creer,3,T3-longue-traine,oui,"Quartier Grenoble dense (10,000hab) - hyperlocal"
plombier voiron 38500,transactional,local-listing,commune-agglo,plombier,aucun,60,low,/grenoble/voiron/plombier,a-creer,3,T3-longue-traine,non,Variante avec code postal - signal local hyper-precis
peintre loriol sur drome,transactional,local-listing,commune-agglo,peintre,aucun,60,low,/valence/loriol-sur-drome/peintre,a-creer,3,T3-longue-traine,oui,"Agglo moyenne (6,600hab) - longue traine locale"
menuisier loriol sur drome,transactional,local-listing,commune-agglo,menuisier,aucun,60,low,/valence/loriol-sur-drome/menuisier,a-creer,3,T3-longue-traine,oui,"Agglo moyenne (6,600hab) - longue traine locale"
prix escalier sur mesure,informational,prix-tarif,national,menuisier,prix,60,low,/prix/menuisier/escalier,a-creer,3,T3-longue-traine,oui,Sous-page prix par type de travaux - intent achat fort
prix zinguerie chenaux gouttieres,informational,prix-tarif,national,couvreur,prix,60,low,/prix/couvreur/zinguerie,a-creer,3,T3-longue-traine,oui,Sous-page prix par type de travaux - intent achat fort
electricien pugny chatenod,transactional,local-listing,commune-agglo,electricien,aucun,59,low,/chambery/pugny-chatenod/electricien,a-creer,3,T3-longue-traine,oui,"Agglo moyenne (1,100hab) - longue traine locale"
electricien lathuile,transactional,local-listing,commune-agglo,electricien,aucun,59,low,/annecy/lathuile/electricien,a-creer,3,T3-longue-traine,oui,"Agglo moyenne (1,100hab) - longue traine locale"
carreleur voreppe,transactional,local-listing,commune-agglo,carreleur,aucun,59,low,/grenoble/voreppe/carreleur,a-creer,3,T3-longue-traine,oui,"Agglo moyenne (9,700hab) - longue traine locale"
chauffagiste voreppe,transactional,local-listing,commune-agglo,chauffagiste,aucun,59,low,/grenoble/voreppe/chauffagiste,a-creer,3,T3-longue-traine,oui,"Agglo moyenne (9,700hab) - longue traine locale"
electricien murianette,transactional,local-listing,commune-agglo,electricien,aucun,59,low,/grenoble/murianette/electricien,a-creer,3,T3-longue-traine,oui,"Agglo moyenne (1,100hab) - longue traine locale"
devis renovation cuisine lyon,transactional,local-listing,ville-principale,multi,devis,59,low,/travaux/renovation-cuisine/lyon,a-creer,3,T3-longue-traine,oui,Devis travaux + ville
carreleur prefecture,transactional,local-listing,quartier-intramuros,carreleur,aucun,58,medium,/lyon/prefecture/carreleur,a-creer,3,T3-longue-traine,oui,"Quartier Lyon dense (15,000hab) - hyperlocal"
chauffagiste prefecture,transactional,local-listing,quartier-intramuros,chauffagiste,aucun,58,medium,/lyon/prefecture/chauffagiste,a-creer,3,T3-longue-traine,oui,"Quartier Lyon dense (15,000hab) - hyperlocal"
carreleur mermoz,transactional,local-listing,quartier-intramuros,carreleur,aucun,58,medium,/lyon/mermoz/carreleur,a-creer,3,T3-longue-traine,oui,"Quartier Lyon dense (15,000hab) - hyperlocal"
chauffagiste mermoz,transactional,local-listing,quartier-intramuros,chauffagiste,aucun,58,medium,/lyon/mermoz/chauffagiste,a-creer,3,T3-longue-traine,oui,"Quartier Lyon dense (15,000hab) - hyperlocal"
electricien romans sur isere 26100,transactional,local-listing,commune-agglo,electricien,aucun,58,low,/valence/romans-sur-isere/electricien,a-creer,3,T3-longue-traine,non,Variante avec code postal - signal local hyper-precis
prix renovation salle de bain grenoble,informational,prix-tarif,ville-principale,multi,prix,58,medium,/travaux/renovation-salle-de-bain/grenoble,a-creer,3,T3-longue-traine,oui,Prix travaux + ville
prix pompe a chaleur grenoble,informational,prix-tarif,ville-principale,multi,prix,58,medium,/travaux/pompe-a-chaleur/grenoble,a-creer,3,T3-longue-traine,oui,Prix travaux + ville
electricien duingt,transactional,local-listing,commune-agglo,electricien,aucun,57,low,/annecy/duingt/electricien,a-creer,3,T3-longue-traine,oui,"Agglo moyenne (1,000hab) - longue traine locale"
macon part dieu,transactional,local-listing,quartier-intramuros,macon,aucun,57,medium,/lyon/part-dieu/macon,a-creer,3,T3-longue-traine,oui,"Quartier Lyon dense (25,000hab) - hyperlocal"
couvreur part dieu,transactional,local-listing,quartier-intramuros,couvreur,aucun,57,medium,/lyon/part-dieu/couvreur,a-creer,3,T3-longue-traine,oui,"Quartier Lyon dense (25,000hab) - hyperlocal"
macon gerland,transactional,local-listing,quartier-intramuros,macon,aucun,57,medium,/lyon/gerland/macon,a-creer,3,T3-longue-traine,oui,"Quartier Lyon dense (25,000hab) - hyperlocal"
couvreur gerland,transactional,local-listing,quartier-intramuros,couvreur,aucun,57,medium,/lyon/gerland/couvreur,a-creer,3,T3-longue-traine,oui,"Quartier Lyon dense (25,000hab) - hyperlocal"
macon monplaisir,transactional,local-listing,quartier-intramuros,macon,aucun,57,medium,/lyon/monplaisir/macon,a-creer,3,T3-longue-traine,oui,"Quartier Lyon dense (25,000hab) - hyperlocal"
couvreur monplaisir,transactional,local-listing,quartier-intramuros,couvreur,aucun,57,medium,/lyon/monplaisir/couvreur,a-creer,3,T3-longue-traine,oui,"Quartier Lyon dense (25,000hab) - hyperlocal"
macon vaise,transactional,local-listing,quartier-intramuros,macon,aucun,57,medium,/lyon/vaise/macon,a-creer,3,T3-longue-traine,oui,"Quartier Lyon dense (25,000hab) - hyperlocal"
couvreur vaise,transactional,local-listing,quartier-intramuros,couvreur,aucun,57,medium,/lyon/vaise/couvreur,a-creer,3,T3-longue-traine,oui,"Quartier Lyon dense (25,000hab) - hyperlocal"
peintre tain l hermitage,transactional,local-listing,commune-agglo,peintre,aucun,57,low,/valence/tain-l-hermitage/peintre,a-creer,3,T3-longue-traine,oui,"Agglo moyenne (5,700hab) - longue traine locale"
menuisier tain l hermitage,transactional,local-listing,commune-agglo,menuisier,aucun,57,low,/valence/tain-l-hermitage/menuisier,a-creer,3,T3-longue-traine,oui,"Agglo moyenne (5,700hab) - longue traine locale"
carreleur livron sur drome,transactional,local-listing,commune-agglo,carreleur,aucun,57,low,/valence/livron-sur-drome/carreleur,a-creer,3,T3-longue-traine,oui,"Agglo moyenne (9,100hab) - longue traine locale"
chauffagiste livron sur drome,transactional,local-listing,commune-agglo,chauffagiste,aucun,57,low,/valence/livron-sur-drome/chauffagiste,a-creer,3,T3-longue-traine,oui,"Agglo moyenne (9,100hab) - longue traine locale"
electricien aix les bains 73100,transactional,local-listing,commune-agglo,electricien,aucun,56,low,/chambery/aix-les-bains/electricien,a-creer,3,T3-longue-traine,non,Variante avec code postal - signal local hyper-precis
carreleur crolles,transactional,local-listing,commune-agglo,carreleur,aucun,56,low,/grenoble/crolles/carreleur,a-creer,3,T3-longue-traine,oui,"Agglo moyenne (8,700hab) - longue traine locale"
chauffagiste crolles,transactional,local-listing,commune-agglo,chauffagiste,aucun,56,low,/grenoble/crolles/chauffagiste,a-creer,3,T3-longue-traine,oui,"Agglo moyenne (8,700hab) - longue traine locale"
peintre gresy sur aix,transactional,local-listing,commune-agglo,peintre,aucun,55,low,/chambery/gresy-sur-aix/peintre,a-creer,3,T3-longue-traine,oui,"Agglo moyenne (5,200hab) - longue traine locale"
menuisier gresy sur aix,transactional,local-listing,commune-agglo,menuisier,aucun,55,low,/chambery/gresy-sur-aix/menuisier,a-creer,3,T3-longue-traine,oui,"Agglo moyenne (5,200hab) - longue traine locale"
carreleur vif,transactional,local-listing,commune-agglo,carreleur,aucun,55,low,/grenoble/vif/carreleur,a-creer,3,T3-longue-traine,oui,"Agglo moyenne (8,400hab) - longue traine locale"
chauffagiste vif,transactional,local-listing,commune-agglo,chauffagiste,aucun,55,low,/grenoble/vif/chauffagiste,a-creer,3,T3-longue-traine,oui,"Agglo moyenne (8,400hab) - longue traine locale"
carreleur claix,transactional,local-listing,commune-agglo,carreleur,aucun,55,low,/grenoble/claix/carreleur,a-creer,3,T3-longue-traine,oui,"Agglo moyenne (8,200hab) - longue traine locale"
chauffagiste claix,transactional,local-listing,commune-agglo,chauffagiste,aucun,55,low,/grenoble/claix/chauffagiste,a-creer,3,T3-longue-traine,oui,"Agglo moyenne (8,200hab) - longue traine locale"
carreleur moirans,transactional,local-listing,commune-agglo,carreleur,aucun,55,low,/grenoble/moirans/carreleur,a-creer,3,T3-longue-traine,oui,"Agglo moyenne (8,200hab) - longue traine locale"
chauffagiste moirans,transactional,local-listing,commune-agglo,chauffagiste,aucun,55,low,/grenoble/moirans/chauffagiste,a-creer,3,T3-longue-traine,oui,"Agglo moyenne (8,200hab) - longue traine locale"
carreleur saint marcellin,transactional,local-listing,commune-agglo,carreleur,aucun,55,low,/grenoble/saint-marcellin/carreleur,a-creer,3,T3-longue-traine,oui,"Agglo moyenne (8,400hab) - longue traine locale"
chauffagiste saint marcellin,transactional,local-listing,commune-agglo,chauffagiste,aucun,55,low,/grenoble/saint-marcellin/chauffagiste,a-creer,3,T3-longue-traine,oui,"Agglo moyenne (8,400hab) - longue traine locale"
carreleur privas,transactional,local-listing,commune-agglo,carreleur,aucun,55,low,/valence/privas/carreleur,a-creer,3,T3-longue-traine,oui,"Agglo moyenne (8,100hab) - longue traine locale"
chauffagiste privas,transactional,local-listing,commune-agglo,chauffagiste,aucun,55,low,/valence/privas/chauffagiste,a-creer,3,T3-longue-traine,oui,"Agglo moyenne (8,100hab) - longue traine locale"
carreleur crest,transactional,local-listing,commune-agglo,carreleur,aucun,55,low,/valence/crest/carreleur,a-creer,3,T3-longue-traine,oui,"Agglo moyenne (8,100hab) - longue traine locale"
chauffagiste crest,transactional,local-listing,commune-agglo,chauffagiste,aucun,55,low,/valence/crest/chauffagiste,a-creer,3,T3-longue-traine,oui,"Agglo moyenne (8,100hab) - longue traine locale"
peintre le bourget du lac,transactional,local-listing,commune-agglo,peintre,aucun,54,low,/chambery/le-bourget-du-lac/peintre,a-creer,3,T3-longue-traine,oui,"Agglo moyenne (5,100hab) - longue traine locale"
menuisier le bourget du lac,transactional,local-listing,commune-agglo,menuisier,aucun,54,low,/chambery/le-bourget-du-lac/menuisier,a-creer,3,T3-longue-traine,oui,"Agglo moyenne (5,100hab) - longue traine locale"
plombier rumilly 74150,transactional,local-listing,commune-agglo,plombier,aucun,54,low,/annecy/rumilly/plombier,a-creer,3,T3-longue-traine,non,Variante avec code postal - signal local hyper-precis
carreleur vizille,transactional,local-listing,commune-agglo,carreleur,aucun,54,low,/grenoble/vizille/carreleur,a-creer,3,T3-longue-traine,oui,"Agglo moyenne (7,700hab) - longue traine locale"
chauffagiste vizille,transactional,local-listing,commune-agglo,chauffagiste,aucun,54,low,/grenoble/vizille/chauffagiste,a-creer,3,T3-longue-traine,oui,"Agglo moyenne (7,700hab) - longue traine locale"
peintre montbonnot saint martin,transactional,local-listing,commune-agglo,peintre,aucun,54,low,/grenoble/montbonnot-saint-martin/peintre,a-creer,3,T3-longue-traine,oui,"Agglo moyenne (5,100hab) - longue traine locale"
menuisier montbonnot saint martin,transactional,local-listing,commune-agglo,menuisier,aucun,54,low,/grenoble/montbonnot-saint-martin/menuisier,a-creer,3,T3-longue-traine,oui,"Agglo moyenne (5,100hab) - longue traine locale"
carreleur varces allieres et risset,transactional,local-listing,commune-agglo,carreleur,aucun,54,low,/grenoble/varces-allieres-et-risset/carreleur,a-creer,3,T3-longue-traine,oui,"Agglo moyenne (8,000hab) - longue traine locale"
chauffagiste varces allieres et risset,transactional,local-listing,commune-agglo,chauffagiste,aucun,54,low,/grenoble/varces-allieres-et-risset/chauffagiste,a-creer,3,T3-longue-traine,oui,"Agglo moyenne (8,000hab) - longue traine locale"
carreleur tullins,transactional,local-listing,commune-agglo,carreleur,aucun,54,low,/grenoble/tullins/carreleur,a-creer,3,T3-longue-traine,oui,"Agglo moyenne (7,800hab) - longue traine locale"
chauffagiste tullins,transactional,local-listing,commune-agglo,chauffagiste,aucun,54,low,/grenoble/tullins/chauffagiste,a-creer,3,T3-longue-traine,oui,"Agglo moyenne (7,800hab) - longue traine locale"
electricien trevignin,transactional,local-listing,commune-agglo,electricien,aucun,53,low,/chambery/trevignin/electricien,a-creer,3,T3-longue-traine,oui,Agglo moyenne (850hab) - longue traine locale
carreleur faverges seythenex,transactional,local-listing,commune-agglo,carreleur,aucun,53,low,/annecy/faverges-seythenex/carreleur,a-creer,3,T3-longue-traine,oui,"Agglo moyenne (7,600hab) - longue traine locale"
chauffagiste faverges seythenex,transactional,local-listing,commune-agglo,chauffagiste,aucun,53,low,/annecy/faverges-seythenex/chauffagiste,a-creer,3,T3-longue-traine,oui,"Agglo moyenne (7,600hab) - longue traine locale"
peintre cruseilles,transactional,local-listing,commune-agglo,peintre,aucun,53,low,/annecy/cruseilles/peintre,a-creer,3,T3-longue-traine,oui,"Agglo moyenne (4,700hab) - longue traine locale"
menuisier cruseilles,transactional,local-listing,commune-agglo,menuisier,aucun,53,low,/annecy/cruseilles/menuisier,a-creer,3,T3-longue-traine,oui,"Agglo moyenne (4,700hab) - longue traine locale"
carreleur berriat,transactional,local-listing,quartier-intramuros,carreleur,aucun,53,medium,/grenoble/berriat/carreleur,a-creer,3,T3-longue-traine,oui,"Quartier Grenoble dense (12,000hab) - hyperlocal"
chauffagiste berriat,transactional,local-listing,quartier-intramuros,chauffagiste,aucun,53,medium,/grenoble/berriat/chauffagiste,a-creer,3,T3-longue-traine,oui,"Quartier Grenoble dense (12,000hab) - hyperlocal"
carreleur villeneuve,transactional,local-listing,quartier-intramuros,carreleur,aucun,53,medium,/grenoble/villeneuve/carreleur,a-creer,3,T3-longue-traine,oui,"Quartier Grenoble dense (12,000hab) - hyperlocal"
chauffagiste villeneuve,transactional,local-listing,quartier-intramuros,chauffagiste,aucun,53,medium,/grenoble/villeneuve/chauffagiste,a-creer,3,T3-longue-traine,oui,"Quartier Grenoble dense (12,000hab) - hyperlocal"
peintre le versoud,transactional,local-listing,commune-agglo,peintre,aucun,53,low,/grenoble/le-versoud/peintre,a-creer,3,T3-longue-traine,oui,"Agglo moyenne (4,700hab) - longue traine locale"
menuisier le versoud,transactional,local-listing,commune-agglo,menuisier,aucun,53,low,/grenoble/le-versoud/menuisier,a-creer,3,T3-longue-traine,oui,"Agglo moyenne (4,700hab) - longue traine locale"
carreleur villard bonnot,transactional,local-listing,commune-agglo,carreleur,aucun,53,low,/grenoble/villard-bonnot/carreleur,a-creer,3,T3-longue-traine,oui,"Agglo moyenne (7,600hab) - longue traine locale"
chauffagiste villard bonnot,transactional,local-listing,commune-agglo,chauffagiste,aucun,53,low,/grenoble/villard-bonnot/chauffagiste,a-creer,3,T3-longue-traine,oui,"Agglo moyenne (7,600hab) - longue traine locale"
peintre le pont de cheruy,transactional,local-listing,commune-agglo,peintre,aucun,53,low,/grenoble/le-pont-de-cheruy/peintre,a-creer,3,T3-longue-traine,oui,"Agglo moyenne (4,700hab) - longue traine locale"
menuisier le pont de cheruy,transactional,local-listing,commune-agglo,menuisier,aucun,53,low,/grenoble/le-pont-de-cheruy/menuisier,a-creer,3,T3-longue-traine,oui,"Agglo moyenne (4,700hab) - longue traine locale"
carreleur tete d or,transactional,local-listing,quartier-intramuros,carreleur,aucun,53,medium,/lyon/tete-d-or/carreleur,a-creer,3,T3-longue-traine,oui,"Quartier Lyon dense (12,000hab) - hyperlocal"
chauffagiste tete d or,transactional,local-listing,quartier-intramuros,chauffagiste,aucun,53,medium,/lyon/tete-d-or/chauffagiste,a-creer,3,T3-longue-traine,oui,"Quartier Lyon dense (12,000hab) - hyperlocal"
carreleur jean mace,transactional,local-listing,quartier-intramuros,carreleur,aucun,53,medium,/lyon/jean-mace/carreleur,a-creer,3,T3-longue-traine,oui,"Quartier Lyon dense (12,000hab) - hyperlocal"
chauffagiste jean mace,transactional,local-listing,quartier-intramuros,chauffagiste,aucun,53,medium,/lyon/jean-mace/chauffagiste,a-creer,3,T3-longue-traine,oui,"Quartier Lyon dense (12,000hab) - hyperlocal"
carreleur bachut,transactional,local-listing,quartier-intramuros,carreleur,aucun,53,medium,/lyon/bachut/carreleur,a-creer,3,T3-longue-traine,oui,"Quartier Lyon dense (12,000hab) - hyperlocal"
chauffagiste bachut,transactional,local-listing,quartier-intramuros,chauffagiste,aucun,53,medium,/lyon/bachut/chauffagiste,a-creer,3,T3-longue-traine,oui,"Quartier Lyon dense (12,000hab) - hyperlocal"
carreleur la duchere,transactional,local-listing,quartier-intramuros,carreleur,aucun,53,medium,/lyon/la-duchere/carreleur,a-creer,3,T3-longue-traine,oui,"Quartier Lyon dense (12,000hab) - hyperlocal"
chauffagiste la duchere,transactional,local-listing,quartier-intramuros,chauffagiste,aucun,53,medium,/lyon/la-duchere/chauffagiste,a-creer,3,T3-longue-traine,oui,"Quartier Lyon dense (12,000hab) - hyperlocal"
peintre la voulte sur rhone,transactional,local-listing,commune-agglo,peintre,aucun,53,low,/valence/la-voulte-sur-rhone/peintre,a-creer,3,T3-longue-traine,oui,"Agglo moyenne (4,800hab) - longue traine locale"
menuisier la voulte sur rhone,transactional,local-listing,commune-agglo,menuisier,aucun,53,low,/valence/la-voulte-sur-rhone/menuisier,a-creer,3,T3-longue-traine,oui,"Agglo moyenne (4,800hab) - longue traine locale"
carreleur saint ismier,transactional,local-listing,commune-agglo,carreleur,aucun,52,low,/grenoble/saint-ismier/carreleur,a-creer,3,T3-longue-traine,oui,"Agglo moyenne (7,100hab) - longue traine locale"
chauffagiste saint ismier,transactional,local-listing,commune-agglo,chauffagiste,aucun,52,low,/grenoble/saint-ismier/chauffagiste,a-creer,3,T3-longue-traine,oui,"Agglo moyenne (7,100hab) - longue traine locale"
peintre coublevie,transactional,local-listing,commune-agglo,peintre,aucun,52,low,/grenoble/coublevie/peintre,a-creer,3,T3-longue-traine,oui,"Agglo moyenne (4,600hab) - longue traine locale"
menuisier coublevie,transactional,local-listing,commune-agglo,menuisier,aucun,52,low,/grenoble/coublevie/menuisier,a-creer,3,T3-longue-traine,oui,"Agglo moyenne (4,600hab) - longue traine locale"
macon presquile,transactional,local-listing,quartier-intramuros,macon,aucun,52,medium,/lyon/presquile/macon,a-creer,3,T3-longue-traine,oui,"Quartier Lyon dense (20,000hab) - hyperlocal"
couvreur presquile,transactional,local-listing,quartier-intramuros,couvreur,aucun,52,medium,/lyon/presquile/couvreur,a-creer,3,T3-longue-traine,oui,"Quartier Lyon dense (20,000hab) - hyperlocal"
macon villette paul bert,transactional,local-listing,quartier-intramuros,macon,aucun,52,medium,/lyon/villette-paul-bert/macon,a-creer,3,T3-longue-traine,oui,"Quartier Lyon dense (20,000hab) - hyperlocal"
couvreur villette paul bert,transactional,local-listing,quartier-intramuros,couvreur,aucun,52,medium,/lyon/villette-paul-bert/couvreur,a-creer,3,T3-longue-traine,oui,"Quartier Lyon dense (20,000hab) - hyperlocal"
prix renovation salle de bain annecy,informational,prix-tarif,ville-principale,multi,prix,52,medium,/travaux/renovation-salle-de-bain/annecy,a-creer,3,T3-longue-traine,oui,Prix travaux + ville
prix pompe a chaleur annecy,informational,prix-tarif,ville-principale,multi,prix,52,medium,/travaux/pompe-a-chaleur/annecy,a-creer,3,T3-longue-traine,oui,Prix travaux + ville
prix isolation combles lyon,informational,prix-tarif,ville-principale,multi,prix,52,medium,/travaux/isolation-combles/lyon,a-creer,3,T3-longue-traine,oui,Prix travaux + ville
prix isolation exterieure lyon,informational,prix-tarif,ville-principale,multi,prix,52,medium,/travaux/isolation-exterieure/lyon,a-creer,3,T3-longue-traine,oui,Prix travaux + ville
prix douche italienne lyon,informational,prix-tarif,ville-principale,multi,prix,52,medium,/travaux/douche-italienne/lyon,a-creer,3,T3-longue-traine,oui,Prix travaux + ville
prix depannage electrique lyon,informational,prix-tarif,ville-principale,multi,prix,52,medium,/travaux/depannage-electrique/lyon,a-creer,3,T3-longue-traine,oui,Prix travaux + ville
carreleur thones,transactional,local-listing,commune-agglo,carreleur,aucun,51,low,/annecy/thones/carreleur,a-creer,3,T3-longue-traine,oui,"Agglo moyenne (6,700hab) - longue traine locale"
chauffagiste thones,transactional,local-listing,commune-agglo,chauffagiste,aucun,51,low,/annecy/thones/chauffagiste,a-creer,3,T3-longue-traine,oui,"Agglo moyenne (6,700hab) - longue traine locale"
carreleur domene,transactional,local-listing,commune-agglo,carreleur,aucun,51,low,/grenoble/domene/carreleur,a-creer,3,T3-longue-traine,oui,"Agglo moyenne (6,800hab) - longue traine locale"
chauffagiste domene,transactional,local-listing,commune-agglo,chauffagiste,aucun,51,low,/grenoble/domene/chauffagiste,a-creer,3,T3-longue-traine,oui,"Agglo moyenne (6,800hab) - longue traine locale"
pagesjaunes alternative,commercial,comparatif,national,n/a,aucun,50,medium,/comparatif/pagesjaunes,existante,3,T3-longue-traine,oui,Capture intent migration concurrent
habitatpresto alternative,commercial,comparatif,national,n/a,aucun,50,medium,/comparatif/habitatpresto,existante,3,T3-longue-traine,oui,Capture intent migration concurrent
starofservice alternative,commercial,comparatif,national,n/a,aucun,50,medium,/comparatif/starofservice,existante,3,T3-longue-traine,oui,Capture intent migration concurrent
obat alternative,commercial,comparatif,national,n/a,aucun,50,medium,/comparatif/obat,existante,3,T3-longue-traine,oui,Capture intent migration concurrent
tolteck alternative,commercial,comparatif,national,n/a,aucun,50,medium,/comparatif/tolteck,existante,3,T3-longue-traine,oui,Capture intent migration concurrent
carreleur les hauts de chambery,transactional,local-listing,quartier-intramuros,carreleur,aucun,50,medium,/chambery/les-hauts-de-chambery/carreleur,a-creer,3,T3-longue-traine,oui,"Quartier Chambéry dense (10,000hab) - hyperlocal"
chauffagiste les hauts de chambery,transactional,local-listing,quartier-intramuros,chauffagiste,aucun,50,medium,/chambery/les-hauts-de-chambery/chauffagiste,a-creer,3,T3-longue-traine,oui,"Quartier Chambéry dense (10,000hab) - hyperlocal"
carreleur centre ville,transactional,local-listing,quartier-intramuros,carreleur,aucun,50,medium,/annecy/centre-ville/carreleur,a-creer,3,T3-longue-traine,oui,"Quartier Annecy dense (10,000hab) - hyperlocal"
chauffagiste centre ville,transactional,local-listing,quartier-intramuros,chauffagiste,aucun,50,medium,/annecy/centre-ville/chauffagiste,a-creer,3,T3-longue-traine,oui,"Quartier Annecy dense (10,000hab) - hyperlocal"
carreleur hyper centre,transactional,local-listing,quartier-intramuros,carreleur,aucun,50,medium,/grenoble/hyper-centre/carreleur,a-creer,3,T3-longue-traine,oui,"Quartier Grenoble dense (10,000hab) - hyperlocal"
chauffagiste hyper centre,transactional,local-listing,quartier-intramuros,chauffagiste,aucun,50,medium,/grenoble/hyper-centre/chauffagiste,a-creer,3,T3-longue-traine,oui,"Quartier Grenoble dense (10,000hab) - hyperlocal"
macon montchat,transactional,local-listing,quartier-intramuros,macon,aucun,50,medium,/lyon/montchat/macon,a-creer,3,T3-longue-traine,oui,"Quartier Lyon dense (18,000hab) - hyperlocal"
couvreur montchat,transactional,local-listing,quartier-intramuros,couvreur,aucun,50,medium,/lyon/montchat/couvreur,a-creer,3,T3-longue-traine,oui,"Quartier Lyon dense (18,000hab) - hyperlocal"
macon brotteaux,transactional,local-listing,quartier-intramuros,macon,aucun,50,medium,/lyon/brotteaux/macon,a-creer,3,T3-longue-traine,oui,"Quartier Lyon dense (18,000hab) - hyperlocal"
couvreur brotteaux,transactional,local-listing,quartier-intramuros,couvreur,aucun,50,medium,/lyon/brotteaux/couvreur,a-creer,3,T3-longue-traine,oui,"Quartier Lyon dense (18,000hab) - hyperlocal"
macon etats unis,transactional,local-listing,quartier-intramuros,macon,aucun,50,medium,/lyon/etats-unis/macon,a-creer,3,T3-longue-traine,oui,"Quartier Lyon dense (18,000hab) - hyperlocal"
couvreur etats unis,transactional,local-listing,quartier-intramuros,couvreur,aucun,50,medium,/lyon/etats-unis/couvreur,a-creer,3,T3-longue-traine,oui,"Quartier Lyon dense (18,000hab) - hyperlocal"
peintre saint vallier,transactional,local-listing,commune-agglo,peintre,aucun,50,low,/valence/saint-vallier/peintre,a-creer,3,T3-longue-traine,oui,"Agglo moyenne (4,100hab) - longue traine locale"
menuisier saint vallier,transactional,local-listing,commune-agglo,menuisier,aucun,50,low,/valence/saint-vallier/menuisier,a-creer,3,T3-longue-traine,oui,"Agglo moyenne (4,100hab) - longue traine locale"
carreleur loriol sur drome,transactional,local-listing,commune-agglo,carreleur,aucun,50,low,/valence/loriol-sur-drome/carreleur,a-creer,3,T3-longue-traine,oui,"Agglo moyenne (6,600hab) - longue traine locale"
chauffagiste loriol sur drome,transactional,local-listing,commune-agglo,chauffagiste,aucun,50,low,/valence/loriol-sur-drome/chauffagiste,a-creer,3,T3-longue-traine,oui,"Agglo moyenne (6,600hab) - longue traine locale"
cout ouverture mur porteur,informational,prix-tarif,national,macon,prix,50,medium,/prix/macon/mur-porteur,a-creer,3,T3-longue-traine,oui,Synonyme cout - capture verbatim utilisateur
prix muret cloture,informational,prix-tarif,national,macon,prix,50,low,/prix/macon/muret,a-creer,3,T3-longue-traine,oui,Sous-page prix par type de travaux - intent achat fort
cout isolation toiture exterieure,informational,prix-tarif,national,couvreur,prix,50,medium,/prix/couvreur/isolation-toiture,a-creer,3,T3-longue-traine,oui,Synonyme cout - capture verbatim utilisateur
chapiste chambery,transactional,local-listing,ville-principale,multi,aucun,50,medium,/chambery/chapiste,a-creer,3,T3-longue-traine,oui,Metier etendu hors V1 - chapiste fort vol urgence
chapiste valence,transactional,local-listing,ville-principale,multi,aucun,50,medium,/valence/chapiste,a-creer,3,T3-longue-traine,oui,Metier etendu hors V1 - chapiste fort vol urgence
annuaire artisan rhone alpes,transactional,ville-hub,departement,multi,aucun,50,medium,/,existante,3,T2-volume-eleve,oui,Match exact USP geographique Bativio
peintre jarrie,transactional,local-listing,commune-agglo,peintre,aucun,49,low,/grenoble/jarrie/peintre,a-creer,3,T3-longue-traine,oui,"Agglo moyenne (4,000hab) - longue traine locale"
menuisier jarrie,transactional,local-listing,commune-agglo,menuisier,aucun,49,low,/grenoble/jarrie/menuisier,a-creer,3,T3-longue-traine,oui,"Agglo moyenne (4,000hab) - longue traine locale"
peintre doussard,transactional,local-listing,commune-agglo,peintre,aucun,48,low,/annecy/doussard/peintre,a-creer,3,T3-longue-traine,oui,"Agglo moyenne (3,800hab) - longue traine locale"
menuisier doussard,transactional,local-listing,commune-agglo,menuisier,aucun,48,low,/annecy/doussard/menuisier,a-creer,3,T3-longue-traine,oui,"Agglo moyenne (3,800hab) - longue traine locale"
electricien voiron 38500,transactional,local-listing,commune-agglo,electricien,aucun,48,low,/grenoble/voiron/electricien,a-creer,3,T3-longue-traine,non,Variante avec code postal - signal local hyper-precis
macon voreppe,transactional,local-listing,commune-agglo,macon,aucun,47,low,/grenoble/voreppe/macon,a-creer,3,T3-longue-traine,oui,"Agglo moyenne (9,700hab) - longue traine locale"
couvreur voreppe,transactional,local-listing,commune-agglo,couvreur,aucun,47,low,/grenoble/voreppe/couvreur,a-creer,3,T3-longue-traine,oui,"Agglo moyenne (9,700hab) - longue traine locale"
macon prefecture,transactional,local-listing,quartier-intramuros,macon,aucun,47,medium,/lyon/prefecture/macon,a-creer,3,T3-longue-traine,oui,"Quartier Lyon dense (15,000hab) - hyperlocal"
couvreur prefecture,transactional,local-listing,quartier-intramuros,couvreur,aucun,47,medium,/lyon/prefecture/couvreur,a-creer,3,T3-longue-traine,oui,"Quartier Lyon dense (15,000hab) - hyperlocal"
macon mermoz,transactional,local-listing,quartier-intramuros,macon,aucun,47,medium,/lyon/mermoz/macon,a-creer,3,T3-longue-traine,oui,"Quartier Lyon dense (15,000hab) - hyperlocal"
couvreur mermoz,transactional,local-listing,quartier-intramuros,couvreur,aucun,47,medium,/lyon/mermoz/couvreur,a-creer,3,T3-longue-traine,oui,"Quartier Lyon dense (15,000hab) - hyperlocal"
carreleur tain l hermitage,transactional,local-listing,commune-agglo,carreleur,aucun,47,low,/valence/tain-l-hermitage/carreleur,a-creer,3,T3-longue-traine,oui,"Agglo moyenne (5,700hab) - longue traine locale"
chauffagiste tain l hermitage,transactional,local-listing,commune-agglo,chauffagiste,aucun,47,low,/valence/tain-l-hermitage/chauffagiste,a-creer,3,T3-longue-traine,oui,"Agglo moyenne (5,700hab) - longue traine locale"
carreleur gresy sur aix,transactional,local-listing,commune-agglo,carreleur,aucun,46,low,/chambery/gresy-sur-aix/carreleur,a-creer,3,T3-longue-traine,oui,"Agglo moyenne (5,200hab) - longue traine locale"
chauffagiste gresy sur aix,transactional,local-listing,commune-agglo,chauffagiste,aucun,46,low,/chambery/gresy-sur-aix/chauffagiste,a-creer,3,T3-longue-traine,oui,"Agglo moyenne (5,200hab) - longue traine locale"
macon livron sur drome,transactional,local-listing,commune-agglo,macon,aucun,46,low,/valence/livron-sur-drome/macon,a-creer,3,T3-longue-traine,oui,"Agglo moyenne (9,100hab) - longue traine locale"
couvreur livron sur drome,transactional,local-listing,commune-agglo,couvreur,aucun,46,low,/valence/livron-sur-drome/couvreur,a-creer,3,T3-longue-traine,oui,"Agglo moyenne (9,100hab) - longue traine locale"
carreleur le bourget du lac,transactional,local-listing,commune-agglo,carreleur,aucun,45,low,/chambery/le-bourget-du-lac/carreleur,a-creer,3,T3-longue-traine,oui,"Agglo moyenne (5,100hab) - longue traine locale"
chauffagiste le bourget du lac,transactional,local-listing,commune-agglo,chauffagiste,aucun,45,low,/chambery/le-bourget-du-lac/chauffagiste,a-creer,3,T3-longue-traine,oui,"Agglo moyenne (5,100hab) - longue traine locale"
macon crolles,transactional,local-listing,commune-agglo,macon,aucun,45,low,/grenoble/crolles/macon,a-creer,3,T3-longue-traine,oui,"Agglo moyenne (8,700hab) - longue traine locale"
couvreur crolles,transactional,local-listing,commune-agglo,couvreur,aucun,45,low,/grenoble/crolles/couvreur,a-creer,3,T3-longue-traine,oui,"Agglo moyenne (8,700hab) - longue traine locale"
peintre bernin,transactional,local-listing,commune-agglo,peintre,aucun,45,low,/grenoble/bernin/peintre,a-creer,3,T3-longue-traine,oui,"Agglo moyenne (3,200hab) - longue traine locale"
menuisier bernin,transactional,local-listing,commune-agglo,menuisier,aucun,45,low,/grenoble/bernin/menuisier,a-creer,3,T3-longue-traine,oui,"Agglo moyenne (3,200hab) - longue traine locale"
peintre champ sur drac,transactional,local-listing,commune-agglo,peintre,aucun,45,low,/grenoble/champ-sur-drac/peintre,a-creer,3,T3-longue-traine,oui,"Agglo moyenne (3,100hab) - longue traine locale"
menuisier champ sur drac,transactional,local-listing,commune-agglo,menuisier,aucun,45,low,/grenoble/champ-sur-drac/menuisier,a-creer,3,T3-longue-traine,oui,"Agglo moyenne (3,100hab) - longue traine locale"
carreleur montbonnot saint martin,transactional,local-listing,commune-agglo,carreleur,aucun,45,low,/grenoble/montbonnot-saint-martin/carreleur,a-creer,3,T3-longue-traine,oui,"Agglo moyenne (5,100hab) - longue traine locale"
chauffagiste montbonnot saint martin,transactional,local-listing,commune-agglo,chauffagiste,aucun,45,low,/grenoble/montbonnot-saint-martin/chauffagiste,a-creer,3,T3-longue-traine,oui,"Agglo moyenne (5,100hab) - longue traine locale"
peintre la buisse,transactional,local-listing,commune-agglo,peintre,aucun,45,low,/grenoble/la-buisse/peintre,a-creer,3,T3-longue-traine,oui,"Agglo moyenne (3,200hab) - longue traine locale"
menuisier la buisse,transactional,local-listing,commune-agglo,menuisier,aucun,45,low,/grenoble/la-buisse/menuisier,a-creer,3,T3-longue-traine,oui,"Agglo moyenne (3,200hab) - longue traine locale"
carreleur cruseilles,transactional,local-listing,commune-agglo,carreleur,aucun,44,low,/annecy/cruseilles/carreleur,a-creer,3,T3-longue-traine,oui,"Agglo moyenne (4,700hab) - longue traine locale"
chauffagiste cruseilles,transactional,local-listing,commune-agglo,chauffagiste,aucun,44,low,/annecy/cruseilles/chauffagiste,a-creer,3,T3-longue-traine,oui,"Agglo moyenne (4,700hab) - longue traine locale"
macon vif,transactional,local-listing,commune-agglo,macon,aucun,44,low,/grenoble/vif/macon,a-creer,3,T3-longue-traine,oui,"Agglo moyenne (8,400hab) - longue traine locale"
couvreur vif,transactional,local-listing,commune-agglo,couvreur,aucun,44,low,/grenoble/vif/couvreur,a-creer,3,T3-longue-traine,oui,"Agglo moyenne (8,400hab) - longue traine locale"
carreleur le versoud,transactional,local-listing,commune-agglo,carreleur,aucun,44,low,/grenoble/le-versoud/carreleur,a-creer,3,T3-longue-traine,oui,"Agglo moyenne (4,700hab) - longue traine locale"
chauffagiste le versoud,transactional,local-listing,commune-agglo,chauffagiste,aucun,44,low,/grenoble/le-versoud/chauffagiste,a-creer,3,T3-longue-traine,oui,"Agglo moyenne (4,700hab) - longue traine locale"
macon claix,transactional,local-listing,commune-agglo,macon,aucun,44,low,/grenoble/claix/macon,a-creer,3,T3-longue-traine,oui,"Agglo moyenne (8,200hab) - longue traine locale"
couvreur claix,transactional,local-listing,commune-agglo,couvreur,aucun,44,low,/grenoble/claix/couvreur,a-creer,3,T3-longue-traine,oui,"Agglo moyenne (8,200hab) - longue traine locale"
carreleur le pont de cheruy,transactional,local-listing,commune-agglo,carreleur,aucun,44,low,/grenoble/le-pont-de-cheruy/carreleur,a-creer,3,T3-longue-traine,oui,"Agglo moyenne (4,700hab) - longue traine locale"
chauffagiste le pont de cheruy,transactional,local-listing,commune-agglo,chauffagiste,aucun,44,low,/grenoble/le-pont-de-cheruy/chauffagiste,a-creer,3,T3-longue-traine,oui,"Agglo moyenne (4,700hab) - longue traine locale"
macon moirans,transactional,local-listing,commune-agglo,macon,aucun,44,low,/grenoble/moirans/macon,a-creer,3,T3-longue-traine,oui,"Agglo moyenne (8,200hab) - longue traine locale"
couvreur moirans,transactional,local-listing,commune-agglo,couvreur,aucun,44,low,/grenoble/moirans/couvreur,a-creer,3,T3-longue-traine,oui,"Agglo moyenne (8,200hab) - longue traine locale"
macon saint marcellin,transactional,local-listing,commune-agglo,macon,aucun,44,low,/grenoble/saint-marcellin/macon,a-creer,3,T3-longue-traine,oui,"Agglo moyenne (8,400hab) - longue traine locale"
couvreur saint marcellin,transactional,local-listing,commune-agglo,couvreur,aucun,44,low,/grenoble/saint-marcellin/couvreur,a-creer,3,T3-longue-traine,oui,"Agglo moyenne (8,400hab) - longue traine locale"
macon privas,transactional,local-listing,commune-agglo,macon,aucun,44,low,/valence/privas/macon,a-creer,3,T3-longue-traine,oui,"Agglo moyenne (8,100hab) - longue traine locale"
couvreur privas,transactional,local-listing,commune-agglo,couvreur,aucun,44,low,/valence/privas/couvreur,a-creer,3,T3-longue-traine,oui,"Agglo moyenne (8,100hab) - longue traine locale"
carreleur la voulte sur rhone,transactional,local-listing,commune-agglo,carreleur,aucun,44,low,/valence/la-voulte-sur-rhone/carreleur,a-creer,3,T3-longue-traine,oui,"Agglo moyenne (4,800hab) - longue traine locale"
chauffagiste la voulte sur rhone,transactional,local-listing,commune-agglo,chauffagiste,aucun,44,low,/valence/la-voulte-sur-rhone/chauffagiste,a-creer,3,T3-longue-traine,oui,"Agglo moyenne (4,800hab) - longue traine locale"
macon crest,transactional,local-listing,commune-agglo,macon,aucun,44,low,/valence/crest/macon,a-creer,3,T3-longue-traine,oui,"Agglo moyenne (8,100hab) - longue traine locale"
couvreur crest,transactional,local-listing,commune-agglo,couvreur,aucun,44,low,/valence/crest/couvreur,a-creer,3,T3-longue-traine,oui,"Agglo moyenne (8,100hab) - longue traine locale"
peintre tresserve,transactional,local-listing,commune-agglo,peintre,aucun,43,low,/chambery/tresserve/peintre,a-creer,3,T3-longue-traine,oui,"Agglo moyenne (2,900hab) - longue traine locale"
menuisier tresserve,transactional,local-listing,commune-agglo,menuisier,aucun,43,low,/chambery/tresserve/menuisier,a-creer,3,T3-longue-traine,oui,"Agglo moyenne (2,900hab) - longue traine locale"
macon faverges seythenex,transactional,local-listing,commune-agglo,macon,aucun,43,low,/annecy/faverges-seythenex/macon,a-creer,3,T3-longue-traine,oui,"Agglo moyenne (7,600hab) - longue traine locale"
couvreur faverges seythenex,transactional,local-listing,commune-agglo,couvreur,aucun,43,low,/annecy/faverges-seythenex/couvreur,a-creer,3,T3-longue-traine,oui,"Agglo moyenne (7,600hab) - longue traine locale"
electricien rumilly 74150,transactional,local-listing,commune-agglo,electricien,aucun,43,low,/annecy/rumilly/electricien,a-creer,3,T3-longue-traine,non,Variante avec code postal - signal local hyper-precis
macon berriat,transactional,local-listing,quartier-intramuros,macon,aucun,43,medium,/grenoble/berriat/macon,a-creer,3,T3-longue-traine,oui,"Quartier Grenoble dense (12,000hab) - hyperlocal"
couvreur berriat,transactional,local-listing,quartier-intramuros,couvreur,aucun,43,medium,/grenoble/berriat/couvreur,a-creer,3,T3-longue-traine,oui,"Quartier Grenoble dense (12,000hab) - hyperlocal"
macon villeneuve,transactional,local-listing,quartier-intramuros,macon,aucun,43,medium,/grenoble/villeneuve/macon,a-creer,3,T3-longue-traine,oui,"Quartier Grenoble dense (12,000hab) - hyperlocal"
couvreur villeneuve,transactional,local-listing,quartier-intramuros,couvreur,aucun,43,medium,/grenoble/villeneuve/couvreur,a-creer,3,T3-longue-traine,oui,"Quartier Grenoble dense (12,000hab) - hyperlocal"
macon villard bonnot,transactional,local-listing,commune-agglo,macon,aucun,43,low,/grenoble/villard-bonnot/macon,a-creer,3,T3-longue-traine,oui,"Agglo moyenne (7,600hab) - longue traine locale"
couvreur villard bonnot,transactional,local-listing,commune-agglo,couvreur,aucun,43,low,/grenoble/villard-bonnot/couvreur,a-creer,3,T3-longue-traine,oui,"Agglo moyenne (7,600hab) - longue traine locale"
macon vizille,transactional,local-listing,commune-agglo,macon,aucun,43,low,/grenoble/vizille/macon,a-creer,3,T3-longue-traine,oui,"Agglo moyenne (7,700hab) - longue traine locale"
couvreur vizille,transactional,local-listing,commune-agglo,couvreur,aucun,43,low,/grenoble/vizille/couvreur,a-creer,3,T3-longue-traine,oui,"Agglo moyenne (7,700hab) - longue traine locale"
macon varces allieres et risset,transactional,local-listing,commune-agglo,macon,aucun,43,low,/grenoble/varces-allieres-et-risset/macon,a-creer,3,T3-longue-traine,oui,"Agglo moyenne (8,000hab) - longue traine locale"
couvreur varces allieres et risset,transactional,local-listing,commune-agglo,couvreur,aucun,43,low,/grenoble/varces-allieres-et-risset/couvreur,a-creer,3,T3-longue-traine,oui,"Agglo moyenne (8,000hab) - longue traine locale"
macon tullins,transactional,local-listing,commune-agglo,macon,aucun,43,low,/grenoble/tullins/macon,a-creer,3,T3-longue-traine,oui,"Agglo moyenne (7,800hab) - longue traine locale"
couvreur tullins,transactional,local-listing,commune-agglo,couvreur,aucun,43,low,/grenoble/tullins/couvreur,a-creer,3,T3-longue-traine,oui,"Agglo moyenne (7,800hab) - longue traine locale"
carreleur coublevie,transactional,local-listing,commune-agglo,carreleur,aucun,43,low,/grenoble/coublevie/carreleur,a-creer,3,T3-longue-traine,oui,"Agglo moyenne (4,600hab) - longue traine locale"
chauffagiste coublevie,transactional,local-listing,commune-agglo,chauffagiste,aucun,43,low,/grenoble/coublevie/chauffagiste,a-creer,3,T3-longue-traine,oui,"Agglo moyenne (4,600hab) - longue traine locale"
macon tete d or,transactional,local-listing,quartier-intramuros,macon,aucun,43,medium,/lyon/tete-d-or/macon,a-creer,3,T3-longue-traine,oui,"Quartier Lyon dense (12,000hab) - hyperlocal"
couvreur tete d or,transactional,local-listing,quartier-intramuros,couvreur,aucun,43,medium,/lyon/tete-d-or/couvreur,a-creer,3,T3-longue-traine,oui,"Quartier Lyon dense (12,000hab) - hyperlocal"
macon jean mace,transactional,local-listing,quartier-intramuros,macon,aucun,43,medium,/lyon/jean-mace/macon,a-creer,3,T3-longue-traine,oui,"Quartier Lyon dense (12,000hab) - hyperlocal"
couvreur jean mace,transactional,local-listing,quartier-intramuros,couvreur,aucun,43,medium,/lyon/jean-mace/couvreur,a-creer,3,T3-longue-traine,oui,"Quartier Lyon dense (12,000hab) - hyperlocal"
macon bachut,transactional,local-listing,quartier-intramuros,macon,aucun,43,medium,/lyon/bachut/macon,a-creer,3,T3-longue-traine,oui,"Quartier Lyon dense (12,000hab) - hyperlocal"
couvreur bachut,transactional,local-listing,quartier-intramuros,couvreur,aucun,43,medium,/lyon/bachut/couvreur,a-creer,3,T3-longue-traine,oui,"Quartier Lyon dense (12,000hab) - hyperlocal"
macon la duchere,transactional,local-listing,quartier-intramuros,macon,aucun,43,medium,/lyon/la-duchere/macon,a-creer,3,T3-longue-traine,oui,"Quartier Lyon dense (12,000hab) - hyperlocal"
couvreur la duchere,transactional,local-listing,quartier-intramuros,couvreur,aucun,43,medium,/lyon/la-duchere/couvreur,a-creer,3,T3-longue-traine,oui,"Quartier Lyon dense (12,000hab) - hyperlocal"
devis renovation salle de bain grenoble,transactional,local-listing,ville-principale,multi,devis,43,low,/travaux/renovation-salle-de-bain/grenoble,a-creer,3,T3-longue-traine,oui,Devis travaux + ville
prix renovation cuisine grenoble,informational,prix-tarif,ville-principale,multi,prix,43,medium,/travaux/renovation-cuisine/grenoble,a-creer,3,T3-longue-traine,oui,Prix travaux + ville
devis pompe a chaleur grenoble,transactional,local-listing,ville-principale,multi,devis,43,low,/travaux/pompe-a-chaleur/grenoble,a-creer,3,T3-longue-traine,oui,Devis travaux + ville
peintre saint jean de muzols,transactional,local-listing,commune-agglo,peintre,aucun,42,low,/valence/saint-jean-de-muzols/peintre,a-creer,3,T3-longue-traine,oui,"Agglo moyenne (2,600hab) - longue traine locale"
menuisier saint jean de muzols,transactional,local-listing,commune-agglo,menuisier,aucun,42,low,/valence/saint-jean-de-muzols/menuisier,a-creer,3,T3-longue-traine,oui,"Agglo moyenne (2,600hab) - longue traine locale"
peintre le pouzin,transactional,local-listing,commune-agglo,peintre,aucun,42,low,/valence/le-pouzin/peintre,a-creer,3,T3-longue-traine,oui,"Agglo moyenne (2,700hab) - longue traine locale"
menuisier le pouzin,transactional,local-listing,commune-agglo,menuisier,aucun,42,low,/valence/le-pouzin/menuisier,a-creer,3,T3-longue-traine,oui,"Agglo moyenne (2,700hab) - longue traine locale"
carreleur saint vallier,transactional,local-listing,commune-agglo,carreleur,aucun,42,low,/valence/saint-vallier/carreleur,a-creer,3,T3-longue-traine,oui,"Agglo moyenne (4,100hab) - longue traine locale"
chauffagiste saint vallier,transactional,local-listing,commune-agglo,chauffagiste,aucun,42,low,/valence/saint-vallier/chauffagiste,a-creer,3,T3-longue-traine,oui,"Agglo moyenne (4,100hab) - longue traine locale"
prix ravalement facade lyon,informational,prix-tarif,ville-principale,multi,prix,42,medium,/travaux/ravalement-facade/lyon,a-creer,3,T3-longue-traine,oui,Prix travaux + ville
prix changement fenetres lyon,informational,prix-tarif,ville-principale,multi,prix,42,medium,/travaux/changement-fenetres/lyon,a-creer,3,T3-longue-traine,oui,Prix travaux + ville
prix installation electrique lyon,informational,prix-tarif,ville-principale,multi,prix,42,medium,/travaux/installation-electrique/lyon,a-creer,3,T3-longue-traine,oui,Prix travaux + ville
prix recherche fuite eau lyon,informational,prix-tarif,ville-principale,multi,prix,42,medium,/travaux/recherche-fuite-eau/lyon,a-creer,3,T3-longue-traine,oui,Prix travaux + ville
peintre drumettaz clarafond,transactional,local-listing,commune-agglo,peintre,aucun,41,low,/chambery/drumettaz-clarafond/peintre,a-creer,3,T3-longue-traine,oui,"Agglo moyenne (2,500hab) - longue traine locale"
menuisier drumettaz clarafond,transactional,local-listing,commune-agglo,menuisier,aucun,41,low,/chambery/drumettaz-clarafond/menuisier,a-creer,3,T3-longue-traine,oui,"Agglo moyenne (2,500hab) - longue traine locale"
macon domene,transactional,local-listing,commune-agglo,macon,aucun,41,low,/grenoble/domene/macon,a-creer,3,T3-longue-traine,oui,"Agglo moyenne (6,800hab) - longue traine locale"
couvreur domene,transactional,local-listing,commune-agglo,couvreur,aucun,41,low,/grenoble/domene/couvreur,a-creer,3,T3-longue-traine,oui,"Agglo moyenne (6,800hab) - longue traine locale"
carreleur jarrie,transactional,local-listing,commune-agglo,carreleur,aucun,41,low,/grenoble/jarrie/carreleur,a-creer,3,T3-longue-traine,oui,"Agglo moyenne (4,000hab) - longue traine locale"
chauffagiste jarrie,transactional,local-listing,commune-agglo,chauffagiste,aucun,41,low,/grenoble/jarrie/chauffagiste,a-creer,3,T3-longue-traine,oui,"Agglo moyenne (4,000hab) - longue traine locale"
macon saint ismier,transactional,local-listing,commune-agglo,macon,aucun,41,low,/grenoble/saint-ismier/macon,a-creer,3,T3-longue-traine,oui,"Agglo moyenne (7,100hab) - longue traine locale"
couvreur saint ismier,transactional,local-listing,commune-agglo,couvreur,aucun,41,low,/grenoble/saint-ismier/couvreur,a-creer,3,T3-longue-traine,oui,"Agglo moyenne (7,100hab) - longue traine locale"
macon les hauts de chambery,transactional,local-listing,quartier-intramuros,macon,aucun,40,medium,/chambery/les-hauts-de-chambery/macon,a-creer,3,T3-longue-traine,oui,"Quartier Chambéry dense (10,000hab) - hyperlocal"
couvreur les hauts de chambery,transactional,local-listing,quartier-intramuros,couvreur,aucun,40,medium,/chambery/les-hauts-de-chambery/couvreur,a-creer,3,T3-longue-traine,oui,"Quartier Chambéry dense (10,000hab) - hyperlocal"
macon centre ville,transactional,local-listing,quartier-intramuros,macon,aucun,40,medium,/annecy/centre-ville/macon,a-creer,3,T3-longue-traine,oui,"Quartier Annecy dense (10,000hab) - hyperlocal"
couvreur centre ville,transactional,local-listing,quartier-intramuros,couvreur,aucun,40,medium,/annecy/centre-ville/couvreur,a-creer,3,T3-longue-traine,oui,"Quartier Annecy dense (10,000hab) - hyperlocal"
carreleur doussard,transactional,local-listing,commune-agglo,carreleur,aucun,40,low,/annecy/doussard/carreleur,a-creer,3,T3-longue-traine,oui,"Agglo moyenne (3,800hab) - longue traine locale"
chauffagiste doussard,transactional,local-listing,commune-agglo,chauffagiste,aucun,40,low,/annecy/doussard/chauffagiste,a-creer,3,T3-longue-traine,oui,"Agglo moyenne (3,800hab) - longue traine locale"
macon thones,transactional,local-listing,commune-agglo,macon,aucun,40,low,/annecy/thones/macon,a-creer,3,T3-longue-traine,oui,"Agglo moyenne (6,700hab) - longue traine locale"
couvreur thones,transactional,local-listing,commune-agglo,couvreur,aucun,40,low,/annecy/thones/couvreur,a-creer,3,T3-longue-traine,oui,"Agglo moyenne (6,700hab) - longue traine locale"
macon hyper centre,transactional,local-listing,quartier-intramuros,macon,aucun,40,medium,/grenoble/hyper-centre/macon,a-creer,3,T3-longue-traine,oui,"Quartier Grenoble dense (10,000hab) - hyperlocal"
couvreur hyper centre,transactional,local-listing,quartier-intramuros,couvreur,aucun,40,medium,/grenoble/hyper-centre/couvreur,a-creer,3,T3-longue-traine,oui,"Quartier Grenoble dense (10,000hab) - hyperlocal"
peintre noyarey,transactional,local-listing,commune-agglo,peintre,aucun,40,low,/grenoble/noyarey/peintre,a-creer,3,T3-longue-traine,oui,"Agglo moyenne (2,400hab) - longue traine locale"
menuisier noyarey,transactional,local-listing,commune-agglo,menuisier,aucun,40,low,/grenoble/noyarey/menuisier,a-creer,3,T3-longue-traine,oui,"Agglo moyenne (2,400hab) - longue traine locale"
macon loriol sur drome,transactional,local-listing,commune-agglo,macon,aucun,40,low,/valence/loriol-sur-drome/macon,a-creer,3,T3-longue-traine,oui,"Agglo moyenne (6,600hab) - longue traine locale"
couvreur loriol sur drome,transactional,local-listing,commune-agglo,couvreur,aucun,40,low,/valence/loriol-sur-drome/couvreur,a-creer,3,T3-longue-traine,oui,"Agglo moyenne (6,600hab) - longue traine locale"
cout recherche fuite toiture,informational,prix-tarif,national,couvreur,prix,40,medium,/prix/couvreur/fuite-toiture,a-creer,3,T3-longue-traine,oui,Synonyme cout - capture verbatim utilisateur
peintre brison saint innocent,transactional,local-listing,commune-agglo,peintre,aucun,39,low,/chambery/brison-saint-innocent/peintre,a-creer,3,T3-longue-traine,oui,"Agglo moyenne (2,200hab) - longue traine locale"
menuisier brison saint innocent,transactional,local-listing,commune-agglo,menuisier,aucun,39,low,/chambery/brison-saint-innocent/menuisier,a-creer,3,T3-longue-traine,oui,"Agglo moyenne (2,200hab) - longue traine locale"
peintre biviers,transactional,local-listing,commune-agglo,peintre,aucun,39,low,/grenoble/biviers/peintre,a-creer,3,T3-longue-traine,oui,"Agglo moyenne (2,300hab) - longue traine locale"
menuisier biviers,transactional,local-listing,commune-agglo,menuisier,aucun,39,low,/grenoble/biviers/menuisier,a-creer,3,T3-longue-traine,oui,"Agglo moyenne (2,300hab) - longue traine locale"
devis renovation salle de bain annecy,transactional,local-listing,ville-principale,multi,devis,39,low,/travaux/renovation-salle-de-bain/annecy,a-creer,3,T3-longue-traine,oui,Devis travaux + ville
prix renovation cuisine annecy,informational,prix-tarif,ville-principale,multi,prix,39,medium,/travaux/renovation-cuisine/annecy,a-creer,3,T3-longue-traine,oui,Prix travaux + ville
devis pompe a chaleur annecy,transactional,local-listing,ville-principale,multi,devis,39,low,/travaux/pompe-a-chaleur/annecy,a-creer,3,T3-longue-traine,oui,Devis travaux + ville
devis isolation combles lyon,transactional,local-listing,ville-principale,multi,devis,39,low,/travaux/isolation-combles/lyon,a-creer,3,T3-longue-traine,oui,Devis travaux + ville
devis isolation exterieure lyon,transactional,local-listing,ville-principale,multi,devis,39,low,/travaux/isolation-exterieure/lyon,a-creer,3,T3-longue-traine,oui,Devis travaux + ville
devis douche italienne lyon,transactional,local-listing,ville-principale,multi,devis,39,low,/travaux/douche-italienne/lyon,a-creer,3,T3-longue-traine,oui,Devis travaux + ville
devis depannage electrique lyon,transactional,local-listing,ville-principale,multi,devis,39,low,/travaux/depannage-electrique/lyon,a-creer,3,T3-longue-traine,oui,Devis travaux + ville
peintre alby sur cheran,transactional,local-listing,commune-agglo,peintre,aucun,38,low,/annecy/alby-sur-cheran/peintre,a-creer,3,T3-longue-traine,oui,"Agglo moyenne (2,100hab) - longue traine locale"
menuisier alby sur cheran,transactional,local-listing,commune-agglo,menuisier,aucun,38,low,/annecy/alby-sur-cheran/menuisier,a-creer,3,T3-longue-traine,oui,"Agglo moyenne (2,100hab) - longue traine locale"
carreleur bernin,transactional,local-listing,commune-agglo,carreleur,aucun,38,low,/grenoble/bernin/carreleur,a-creer,3,T3-longue-traine,oui,"Agglo moyenne (3,200hab) - longue traine locale"
chauffagiste bernin,transactional,local-listing,commune-agglo,chauffagiste,aucun,38,low,/grenoble/bernin/chauffagiste,a-creer,3,T3-longue-traine,oui,"Agglo moyenne (3,200hab) - longue traine locale"
peintre saint paul de varces,transactional,local-listing,commune-agglo,peintre,aucun,38,low,/grenoble/saint-paul-de-varces/peintre,a-creer,3,T3-longue-traine,oui,"Agglo moyenne (2,100hab) - longue traine locale"
menuisier saint paul de varces,transactional,local-listing,commune-agglo,menuisier,aucun,38,low,/grenoble/saint-paul-de-varces/menuisier,a-creer,3,T3-longue-traine,oui,"Agglo moyenne (2,100hab) - longue traine locale"
carreleur la buisse,transactional,local-listing,commune-agglo,carreleur,aucun,38,low,/grenoble/la-buisse/carreleur,a-creer,3,T3-longue-traine,oui,"Agglo moyenne (3,200hab) - longue traine locale"
chauffagiste la buisse,transactional,local-listing,commune-agglo,chauffagiste,aucun,38,low,/grenoble/la-buisse/chauffagiste,a-creer,3,T3-longue-traine,oui,"Agglo moyenne (3,200hab) - longue traine locale"
macon tain l hermitage,transactional,local-listing,commune-agglo,macon,aucun,38,low,/valence/tain-l-hermitage/macon,a-creer,3,T3-longue-traine,oui,"Agglo moyenne (5,700hab) - longue traine locale"
couvreur tain l hermitage,transactional,local-listing,commune-agglo,couvreur,aucun,38,low,/valence/tain-l-hermitage/couvreur,a-creer,3,T3-longue-traine,oui,"Agglo moyenne (5,700hab) - longue traine locale"
peintre vernoux en vivarais,transactional,local-listing,commune-agglo,peintre,aucun,38,low,/valence/vernoux-en-vivarais/peintre,a-creer,3,T3-longue-traine,oui,"Agglo moyenne (2,100hab) - longue traine locale"
menuisier vernoux en vivarais,transactional,local-listing,commune-agglo,menuisier,aucun,38,low,/valence/vernoux-en-vivarais/menuisier,a-creer,3,T3-longue-traine,oui,"Agglo moyenne (2,100hab) - longue traine locale"
carreleur champ sur drac,transactional,local-listing,commune-agglo,carreleur,aucun,37,low,/grenoble/champ-sur-drac/carreleur,a-creer,3,T3-longue-traine,oui,"Agglo moyenne (3,100hab) - longue traine locale"
chauffagiste champ sur drac,transactional,local-listing,commune-agglo,chauffagiste,aucun,37,low,/grenoble/champ-sur-drac/chauffagiste,a-creer,3,T3-longue-traine,oui,"Agglo moyenne (3,100hab) - longue traine locale"
prix renovation salle de bain valence,informational,prix-tarif,ville-principale,multi,prix,37,medium,/travaux/renovation-salle-de-bain/valence,a-creer,3,T3-longue-traine,oui,Prix travaux + ville
prix pompe a chaleur valence,informational,prix-tarif,ville-principale,multi,prix,37,medium,/travaux/pompe-a-chaleur/valence,a-creer,3,T3-longue-traine,oui,Prix travaux + ville
macon le bourget du lac,transactional,local-listing,commune-agglo,macon,aucun,36,low,/chambery/le-bourget-du-lac/macon,a-creer,3,T3-longue-traine,oui,"Agglo moyenne (5,100hab) - longue traine locale"
couvreur le bourget du lac,transactional,local-listing,commune-agglo,couvreur,aucun,36,low,/chambery/le-bourget-du-lac/couvreur,a-creer,3,T3-longue-traine,oui,"Agglo moyenne (5,100hab) - longue traine locale"
carreleur tresserve,transactional,local-listing,commune-agglo,carreleur,aucun,36,low,/chambery/tresserve/carreleur,a-creer,3,T3-longue-traine,oui,"Agglo moyenne (2,900hab) - longue traine locale"
chauffagiste tresserve,transactional,local-listing,commune-agglo,chauffagiste,aucun,36,low,/chambery/tresserve/chauffagiste,a-creer,3,T3-longue-traine,oui,"Agglo moyenne (2,900hab) - longue traine locale"
macon gresy sur aix,transactional,local-listing,commune-agglo,macon,aucun,36,low,/chambery/gresy-sur-aix/macon,a-creer,3,T3-longue-traine,oui,"Agglo moyenne (5,200hab) - longue traine locale"
couvreur gresy sur aix,transactional,local-listing,commune-agglo,couvreur,aucun,36,low,/chambery/gresy-sur-aix/couvreur,a-creer,3,T3-longue-traine,oui,"Agglo moyenne (5,200hab) - longue traine locale"
peintre viviers du lac,transactional,local-listing,commune-agglo,peintre,aucun,36,low,/chambery/viviers-du-lac/peintre,a-creer,3,T3-longue-traine,oui,"Agglo moyenne (1,800hab) - longue traine locale"
menuisier viviers du lac,transactional,local-listing,commune-agglo,menuisier,aucun,36,low,/chambery/viviers-du-lac/menuisier,a-creer,3,T3-longue-traine,oui,"Agglo moyenne (1,800hab) - longue traine locale"
peintre talloires montmin,transactional,local-listing,commune-agglo,peintre,aucun,36,low,/annecy/talloires-montmin/peintre,a-creer,3,T3-longue-traine,oui,"Agglo moyenne (1,800hab) - longue traine locale"
menuisier talloires montmin,transactional,local-listing,commune-agglo,menuisier,aucun,36,low,/annecy/talloires-montmin/menuisier,a-creer,3,T3-longue-traine,oui,"Agglo moyenne (1,800hab) - longue traine locale"
peintre menthon saint bernard,transactional,local-listing,commune-agglo,peintre,aucun,36,low,/annecy/menthon-saint-bernard/peintre,a-creer,3,T3-longue-traine,oui,"Agglo moyenne (1,800hab) - longue traine locale"
menuisier menthon saint bernard,transactional,local-listing,commune-agglo,menuisier,aucun,36,low,/annecy/menthon-saint-bernard/menuisier,a-creer,3,T3-longue-traine,oui,"Agglo moyenne (1,800hab) - longue traine locale"
macon montbonnot saint martin,transactional,local-listing,commune-agglo,macon,aucun,36,low,/grenoble/montbonnot-saint-martin/macon,a-creer,3,T3-longue-traine,oui,"Agglo moyenne (5,100hab) - longue traine locale"
couvreur montbonnot saint martin,transactional,local-listing,commune-agglo,couvreur,aucun,36,low,/grenoble/montbonnot-saint-martin/couvreur,a-creer,3,T3-longue-traine,oui,"Agglo moyenne (5,100hab) - longue traine locale"
peintre allonzier la caille,transactional,local-listing,commune-agglo,peintre,aucun,35,low,/annecy/allonzier-la-caille/peintre,a-creer,3,T3-longue-traine,oui,"Agglo moyenne (1,700hab) - longue traine locale"
menuisier allonzier la caille,transactional,local-listing,commune-agglo,menuisier,aucun,35,low,/annecy/allonzier-la-caille/menuisier,a-creer,3,T3-longue-traine,oui,"Agglo moyenne (1,700hab) - longue traine locale"
macon cruseilles,transactional,local-listing,commune-agglo,macon,aucun,35,low,/annecy/cruseilles/macon,a-creer,3,T3-longue-traine,oui,"Agglo moyenne (4,700hab) - longue traine locale"
couvreur cruseilles,transactional,local-listing,commune-agglo,couvreur,aucun,35,low,/annecy/cruseilles/couvreur,a-creer,3,T3-longue-traine,oui,"Agglo moyenne (4,700hab) - longue traine locale"
macon le versoud,transactional,local-listing,commune-agglo,macon,aucun,35,low,/grenoble/le-versoud/macon,a-creer,3,T3-longue-traine,oui,"Agglo moyenne (4,700hab) - longue traine locale"
couvreur le versoud,transactional,local-listing,commune-agglo,couvreur,aucun,35,low,/grenoble/le-versoud/couvreur,a-creer,3,T3-longue-traine,oui,"Agglo moyenne (4,700hab) - longue traine locale"
macon le pont de cheruy,transactional,local-listing,commune-agglo,macon,aucun,35,low,/grenoble/le-pont-de-cheruy/macon,a-creer,3,T3-longue-traine,oui,"Agglo moyenne (4,700hab) - longue traine locale"
couvreur le pont de cheruy,transactional,local-listing,commune-agglo,couvreur,aucun,35,low,/grenoble/le-pont-de-cheruy/couvreur,a-creer,3,T3-longue-traine,oui,"Agglo moyenne (4,700hab) - longue traine locale"
macon coublevie,transactional,local-listing,commune-agglo,macon,aucun,35,low,/grenoble/coublevie/macon,a-creer,3,T3-longue-traine,oui,"Agglo moyenne (4,600hab) - longue traine locale"
couvreur coublevie,transactional,local-listing,commune-agglo,couvreur,aucun,35,low,/grenoble/coublevie/couvreur,a-creer,3,T3-longue-traine,oui,"Agglo moyenne (4,600hab) - longue traine locale"
peintre mauves,transactional,local-listing,commune-agglo,peintre,aucun,35,low,/valence/mauves/peintre,a-creer,3,T3-longue-traine,oui,"Agglo moyenne (1,700hab) - longue traine locale"
menuisier mauves,transactional,local-listing,commune-agglo,menuisier,aucun,35,low,/valence/mauves/menuisier,a-creer,3,T3-longue-traine,oui,"Agglo moyenne (1,700hab) - longue traine locale"
carreleur saint jean de muzols,transactional,local-listing,commune-agglo,carreleur,aucun,35,low,/valence/saint-jean-de-muzols/carreleur,a-creer,3,T3-longue-traine,oui,"Agglo moyenne (2,600hab) - longue traine locale"
chauffagiste saint jean de muzols,transactional,local-listing,commune-agglo,chauffagiste,aucun,35,low,/valence/saint-jean-de-muzols/chauffagiste,a-creer,3,T3-longue-traine,oui,"Agglo moyenne (2,600hab) - longue traine locale"
carreleur le pouzin,transactional,local-listing,commune-agglo,carreleur,aucun,35,low,/valence/le-pouzin/carreleur,a-creer,3,T3-longue-traine,oui,"Agglo moyenne (2,700hab) - longue traine locale"
chauffagiste le pouzin,transactional,local-listing,commune-agglo,chauffagiste,aucun,35,low,/valence/le-pouzin/chauffagiste,a-creer,3,T3-longue-traine,oui,"Agglo moyenne (2,700hab) - longue traine locale"
macon la voulte sur rhone,transactional,local-listing,commune-agglo,macon,aucun,35,low,/valence/la-voulte-sur-rhone/macon,a-creer,3,T3-longue-traine,oui,"Agglo moyenne (4,800hab) - longue traine locale"
couvreur la voulte sur rhone,transactional,local-listing,commune-agglo,couvreur,aucun,35,low,/valence/la-voulte-sur-rhone/couvreur,a-creer,3,T3-longue-traine,oui,"Agglo moyenne (4,800hab) - longue traine locale"
prix renovation salle de bain chambery,informational,prix-tarif,ville-principale,multi,prix,35,medium,/travaux/renovation-salle-de-bain/chambery,a-creer,3,T3-longue-traine,oui,Prix travaux + ville
prix pompe a chaleur chambery,informational,prix-tarif,ville-principale,multi,prix,35,medium,/travaux/pompe-a-chaleur/chambery,a-creer,3,T3-longue-traine,oui,Prix travaux + ville
carreleur drumettaz clarafond,transactional,local-listing,commune-agglo,carreleur,aucun,34,low,/chambery/drumettaz-clarafond/carreleur,a-creer,3,T3-longue-traine,oui,"Agglo moyenne (2,500hab) - longue traine locale"
chauffagiste drumettaz clarafond,transactional,local-listing,commune-agglo,chauffagiste,aucun,34,low,/chambery/drumettaz-clarafond/chauffagiste,a-creer,3,T3-longue-traine,oui,"Agglo moyenne (2,500hab) - longue traine locale"
peintre veurey voroize,transactional,local-listing,commune-agglo,peintre,aucun,34,low,/grenoble/veurey-voroize/peintre,a-creer,3,T3-longue-traine,oui,"Agglo moyenne (1,600hab) - longue traine locale"
menuisier veurey voroize,transactional,local-listing,commune-agglo,menuisier,aucun,34,low,/grenoble/veurey-voroize/menuisier,a-creer,3,T3-longue-traine,oui,"Agglo moyenne (1,600hab) - longue traine locale"
peintre mery,transactional,local-listing,commune-agglo,peintre,aucun,33,low,/chambery/mery/peintre,a-creer,3,T3-longue-traine,oui,"Agglo moyenne (1,500hab) - longue traine locale"
menuisier mery,transactional,local-listing,commune-agglo,menuisier,aucun,33,low,/chambery/mery/menuisier,a-creer,3,T3-longue-traine,oui,"Agglo moyenne (1,500hab) - longue traine locale"
macon jarrie,transactional,local-listing,commune-agglo,macon,aucun,33,low,/grenoble/jarrie/macon,a-creer,3,T3-longue-traine,oui,"Agglo moyenne (4,000hab) - longue traine locale"
couvreur jarrie,transactional,local-listing,commune-agglo,couvreur,aucun,33,low,/grenoble/jarrie/couvreur,a-creer,3,T3-longue-traine,oui,"Agglo moyenne (4,000hab) - longue traine locale"
carreleur biviers,transactional,local-listing,commune-agglo,carreleur,aucun,33,low,/grenoble/biviers/carreleur,a-creer,3,T3-longue-traine,oui,"Agglo moyenne (2,300hab) - longue traine locale"
chauffagiste biviers,transactional,local-listing,commune-agglo,chauffagiste,aucun,33,low,/grenoble/biviers/chauffagiste,a-creer,3,T3-longue-traine,oui,"Agglo moyenne (2,300hab) - longue traine locale"
carreleur noyarey,transactional,local-listing,commune-agglo,carreleur,aucun,33,low,/grenoble/noyarey/carreleur,a-creer,3,T3-longue-traine,oui,"Agglo moyenne (2,400hab) - longue traine locale"
chauffagiste noyarey,transactional,local-listing,commune-agglo,chauffagiste,aucun,33,low,/grenoble/noyarey/chauffagiste,a-creer,3,T3-longue-traine,oui,"Agglo moyenne (2,400hab) - longue traine locale"
macon saint vallier,transactional,local-listing,commune-agglo,macon,aucun,33,low,/valence/saint-vallier/macon,a-creer,3,T3-longue-traine,oui,"Agglo moyenne (4,100hab) - longue traine locale"
couvreur saint vallier,transactional,local-listing,commune-agglo,couvreur,aucun,33,low,/valence/saint-vallier/couvreur,a-creer,3,T3-longue-traine,oui,"Agglo moyenne (4,100hab) - longue traine locale"
carreleur brison saint innocent,transactional,local-listing,commune-agglo,carreleur,aucun,32,low,/chambery/brison-saint-innocent/carreleur,a-creer,3,T3-longue-traine,oui,"Agglo moyenne (2,200hab) - longue traine locale"
chauffagiste brison saint innocent,transactional,local-listing,commune-agglo,chauffagiste,aucun,32,low,/chambery/brison-saint-innocent/chauffagiste,a-creer,3,T3-longue-traine,oui,"Agglo moyenne (2,200hab) - longue traine locale"
macon doussard,transactional,local-listing,commune-agglo,macon,aucun,32,low,/annecy/doussard/macon,a-creer,3,T3-longue-traine,oui,"Agglo moyenne (3,800hab) - longue traine locale"
couvreur doussard,transactional,local-listing,commune-agglo,couvreur,aucun,32,low,/annecy/doussard/couvreur,a-creer,3,T3-longue-traine,oui,"Agglo moyenne (3,800hab) - longue traine locale"
carreleur alby sur cheran,transactional,local-listing,commune-agglo,carreleur,aucun,32,low,/annecy/alby-sur-cheran/carreleur,a-creer,3,T3-longue-traine,oui,"Agglo moyenne (2,100hab) - longue traine locale"
chauffagiste alby sur cheran,transactional,local-listing,commune-agglo,chauffagiste,aucun,32,low,/annecy/alby-sur-cheran/chauffagiste,a-creer,3,T3-longue-traine,oui,"Agglo moyenne (2,100hab) - longue traine locale"
carreleur saint paul de varces,transactional,local-listing,commune-agglo,carreleur,aucun,32,low,/grenoble/saint-paul-de-varces/carreleur,a-creer,3,T3-longue-traine,oui,"Agglo moyenne (2,100hab) - longue traine locale"
chauffagiste saint paul de varces,transactional,local-listing,commune-agglo,chauffagiste,aucun,32,low,/grenoble/saint-paul-de-varces/chauffagiste,a-creer,3,T3-longue-traine,oui,"Agglo moyenne (2,100hab) - longue traine locale"
carreleur vernoux en vivarais,transactional,local-listing,commune-agglo,carreleur,aucun,32,low,/valence/vernoux-en-vivarais/carreleur,a-creer,3,T3-longue-traine,oui,"Agglo moyenne (2,100hab) - longue traine locale"
chauffagiste vernoux en vivarais,transactional,local-listing,commune-agglo,chauffagiste,aucun,32,low,/valence/vernoux-en-vivarais/chauffagiste,a-creer,3,T3-longue-traine,oui,"Agglo moyenne (2,100hab) - longue traine locale"
devis renovation cuisine grenoble,transactional,local-listing,ville-principale,multi,devis,32,low,/travaux/renovation-cuisine/grenoble,a-creer,3,T3-longue-traine,oui,Devis travaux + ville
devis ravalement facade lyon,transactional,local-listing,ville-principale,multi,devis,31,low,/travaux/ravalement-facade/lyon,a-creer,3,T3-longue-traine,oui,Devis travaux + ville
prix refection toiture lyon,informational,prix-tarif,ville-principale,multi,prix,31,medium,/travaux/refection-toiture/lyon,a-creer,3,T3-longue-traine,oui,Prix travaux + ville
devis changement fenetres lyon,transactional,local-listing,ville-principale,multi,devis,31,low,/travaux/changement-fenetres/lyon,a-creer,3,T3-longue-traine,oui,Devis travaux + ville
devis installation electrique lyon,transactional,local-listing,ville-principale,multi,devis,31,low,/travaux/installation-electrique/lyon,a-creer,3,T3-longue-traine,oui,Devis travaux + ville
devis recherche fuite eau lyon,transactional,local-listing,ville-principale,multi,devis,31,low,/travaux/recherche-fuite-eau/lyon,a-creer,3,T3-longue-traine,oui,Devis travaux + ville
peintre mouxy,transactional,local-listing,commune-agglo,peintre,aucun,30,low,/chambery/mouxy/peintre,a-creer,3,T3-longue-traine,oui,"Agglo moyenne (1,200hab) - longue traine locale"
menuisier mouxy,transactional,local-listing,commune-agglo,menuisier,aucun,30,low,/chambery/mouxy/menuisier,a-creer,3,T3-longue-traine,oui,"Agglo moyenne (1,200hab) - longue traine locale"
carreleur viviers du lac,transactional,local-listing,commune-agglo,carreleur,aucun,30,low,/chambery/viviers-du-lac/carreleur,a-creer,3,T3-longue-traine,oui,"Agglo moyenne (1,800hab) - longue traine locale"
chauffagiste viviers du lac,transactional,local-listing,commune-agglo,chauffagiste,aucun,30,low,/chambery/viviers-du-lac/chauffagiste,a-creer,3,T3-longue-traine,oui,"Agglo moyenne (1,800hab) - longue traine locale"
carreleur talloires montmin,transactional,local-listing,commune-agglo,carreleur,aucun,30,low,/annecy/talloires-montmin/carreleur,a-creer,3,T3-longue-traine,oui,"Agglo moyenne (1,800hab) - longue traine locale"
chauffagiste talloires montmin,transactional,local-listing,commune-agglo,chauffagiste,aucun,30,low,/annecy/talloires-montmin/chauffagiste,a-creer,3,T3-longue-traine,oui,"Agglo moyenne (1,800hab) - longue traine locale"
carreleur menthon saint bernard,transactional,local-listing,commune-agglo,carreleur,aucun,30,low,/annecy/menthon-saint-bernard/carreleur,a-creer,3,T3-longue-traine,oui,"Agglo moyenne (1,800hab) - longue traine locale"
chauffagiste menthon saint bernard,transactional,local-listing,commune-agglo,chauffagiste,aucun,30,low,/annecy/menthon-saint-bernard/chauffagiste,a-creer,3,T3-longue-traine,oui,"Agglo moyenne (1,800hab) - longue traine locale"
macon bernin,transactional,local-listing,commune-agglo,macon,aucun,30,low,/grenoble/bernin/macon,a-creer,3,T3-longue-traine,oui,"Agglo moyenne (3,200hab) - longue traine locale"
couvreur bernin,transactional,local-listing,commune-agglo,couvreur,aucun,30,low,/grenoble/bernin/couvreur,a-creer,3,T3-longue-traine,oui,"Agglo moyenne (3,200hab) - longue traine locale"
peintre champagnier,transactional,local-listing,commune-agglo,peintre,aucun,30,low,/grenoble/champagnier/peintre,a-creer,3,T3-longue-traine,oui,"Agglo moyenne (1,200hab) - longue traine locale"
menuisier champagnier,transactional,local-listing,commune-agglo,menuisier,aucun,30,low,/grenoble/champagnier/menuisier,a-creer,3,T3-longue-traine,oui,"Agglo moyenne (1,200hab) - longue traine locale"
macon champ sur drac,transactional,local-listing,commune-agglo,macon,aucun,30,low,/grenoble/champ-sur-drac/macon,a-creer,3,T3-longue-traine,oui,"Agglo moyenne (3,100hab) - longue traine locale"
couvreur champ sur drac,transactional,local-listing,commune-agglo,couvreur,aucun,30,low,/grenoble/champ-sur-drac/couvreur,a-creer,3,T3-longue-traine,oui,"Agglo moyenne (3,100hab) - longue traine locale"
peintre le sappey en chartreuse,transactional,local-listing,commune-agglo,peintre,aucun,30,low,/grenoble/le-sappey-en-chartreuse/peintre,a-creer,3,T3-longue-traine,oui,"Agglo moyenne (1,200hab) - longue traine locale"
menuisier le sappey en chartreuse,transactional,local-listing,commune-agglo,menuisier,aucun,30,low,/grenoble/le-sappey-en-chartreuse/menuisier,a-creer,3,T3-longue-traine,oui,"Agglo moyenne (1,200hab) - longue traine locale"
macon la buisse,transactional,local-listing,commune-agglo,macon,aucun,30,low,/grenoble/la-buisse/macon,a-creer,3,T3-longue-traine,oui,"Agglo moyenne (3,200hab) - longue traine locale"
couvreur la buisse,transactional,local-listing,commune-agglo,couvreur,aucun,30,low,/grenoble/la-buisse/couvreur,a-creer,3,T3-longue-traine,oui,"Agglo moyenne (3,200hab) - longue traine locale"
macon tresserve,transactional,local-listing,commune-agglo,macon,aucun,29,low,/chambery/tresserve/macon,a-creer,3,T3-longue-traine,oui,"Agglo moyenne (2,900hab) - longue traine locale"
couvreur tresserve,transactional,local-listing,commune-agglo,couvreur,aucun,29,low,/chambery/tresserve/couvreur,a-creer,3,T3-longue-traine,oui,"Agglo moyenne (2,900hab) - longue traine locale"
peintre pugny chatenod,transactional,local-listing,commune-agglo,peintre,aucun,29,low,/chambery/pugny-chatenod/peintre,a-creer,3,T3-longue-traine,oui,"Agglo moyenne (1,100hab) - longue traine locale"
menuisier pugny chatenod,transactional,local-listing,commune-agglo,menuisier,aucun,29,low,/chambery/pugny-chatenod/menuisier,a-creer,3,T3-longue-traine,oui,"Agglo moyenne (1,100hab) - longue traine locale"
peintre lathuile,transactional,local-listing,commune-agglo,peintre,aucun,29,low,/annecy/lathuile/peintre,a-creer,3,T3-longue-traine,oui,"Agglo moyenne (1,100hab) - longue traine locale"
menuisier lathuile,transactional,local-listing,commune-agglo,menuisier,aucun,29,low,/annecy/lathuile/menuisier,a-creer,3,T3-longue-traine,oui,"Agglo moyenne (1,100hab) - longue traine locale"
carreleur allonzier la caille,transactional,local-listing,commune-agglo,carreleur,aucun,29,low,/annecy/allonzier-la-caille/carreleur,a-creer,3,T3-longue-traine,oui,"Agglo moyenne (1,700hab) - longue traine locale"
chauffagiste allonzier la caille,transactional,local-listing,commune-agglo,chauffagiste,aucun,29,low,/annecy/allonzier-la-caille/chauffagiste,a-creer,3,T3-longue-traine,oui,"Agglo moyenne (1,700hab) - longue traine locale"
peintre murianette,transactional,local-listing,commune-agglo,peintre,aucun,29,low,/grenoble/murianette/peintre,a-creer,3,T3-longue-traine,oui,"Agglo moyenne (1,100hab) - longue traine locale"
menuisier murianette,transactional,local-listing,commune-agglo,menuisier,aucun,29,low,/grenoble/murianette/menuisier,a-creer,3,T3-longue-traine,oui,"Agglo moyenne (1,100hab) - longue traine locale"
peintre romans sur isere 26100,transactional,local-listing,commune-agglo,peintre,aucun,29,low,/valence/romans-sur-isere/peintre,a-creer,3,T3-longue-traine,non,Variante avec code postal - signal local hyper-precis
menuisier romans sur isere 26100,transactional,local-listing,commune-agglo,menuisier,aucun,29,low,/valence/romans-sur-isere/menuisier,a-creer,3,T3-longue-traine,non,Variante avec code postal - signal local hyper-precis
carreleur mauves,transactional,local-listing,commune-agglo,carreleur,aucun,29,low,/valence/mauves/carreleur,a-creer,3,T3-longue-traine,oui,"Agglo moyenne (1,700hab) - longue traine locale"
chauffagiste mauves,transactional,local-listing,commune-agglo,chauffagiste,aucun,29,low,/valence/mauves/chauffagiste,a-creer,3,T3-longue-traine,oui,"Agglo moyenne (1,700hab) - longue traine locale"
devis renovation cuisine annecy,transactional,local-listing,ville-principale,multi,devis,29,low,/travaux/renovation-cuisine/annecy,a-creer,3,T3-longue-traine,oui,Devis travaux + ville
peintre aix les bains 73100,transactional,local-listing,commune-agglo,peintre,aucun,28,low,/chambery/aix-les-bains/peintre,a-creer,3,T3-longue-traine,non,Variante avec code postal - signal local hyper-precis
menuisier aix les bains 73100,transactional,local-listing,commune-agglo,menuisier,aucun,28,low,/chambery/aix-les-bains/menuisier,a-creer,3,T3-longue-traine,non,Variante avec code postal - signal local hyper-precis
carreleur mery,transactional,local-listing,commune-agglo,carreleur,aucun,28,low,/chambery/mery/carreleur,a-creer,3,T3-longue-traine,oui,"Agglo moyenne (1,500hab) - longue traine locale"
chauffagiste mery,transactional,local-listing,commune-agglo,chauffagiste,aucun,28,low,/chambery/mery/chauffagiste,a-creer,3,T3-longue-traine,oui,"Agglo moyenne (1,500hab) - longue traine locale"
peintre duingt,transactional,local-listing,commune-agglo,peintre,aucun,28,low,/annecy/duingt/peintre,a-creer,3,T3-longue-traine,oui,"Agglo moyenne (1,000hab) - longue traine locale"
menuisier duingt,transactional,local-listing,commune-agglo,menuisier,aucun,28,low,/annecy/duingt/menuisier,a-creer,3,T3-longue-traine,oui,"Agglo moyenne (1,000hab) - longue traine locale"
carreleur veurey voroize,transactional,local-listing,commune-agglo,carreleur,aucun,28,low,/grenoble/veurey-voroize/carreleur,a-creer,3,T3-longue-traine,oui,"Agglo moyenne (1,600hab) - longue traine locale"
chauffagiste veurey voroize,transactional,local-listing,commune-agglo,chauffagiste,aucun,28,low,/grenoble/veurey-voroize/chauffagiste,a-creer,3,T3-longue-traine,oui,"Agglo moyenne (1,600hab) - longue traine locale"
macon saint jean de muzols,transactional,local-listing,commune-agglo,macon,aucun,28,low,/valence/saint-jean-de-muzols/macon,a-creer,3,T3-longue-traine,oui,"Agglo moyenne (2,600hab) - longue traine locale"
couvreur saint jean de muzols,transactional,local-listing,commune-agglo,couvreur,aucun,28,low,/valence/saint-jean-de-muzols/couvreur,a-creer,3,T3-longue-traine,oui,"Agglo moyenne (2,600hab) - longue traine locale"
macon le pouzin,transactional,local-listing,commune-agglo,macon,aucun,28,low,/valence/le-pouzin/macon,a-creer,3,T3-longue-traine,oui,"Agglo moyenne (2,700hab) - longue traine locale"
couvreur le pouzin,transactional,local-listing,commune-agglo,couvreur,aucun,28,low,/valence/le-pouzin/couvreur,a-creer,3,T3-longue-traine,oui,"Agglo moyenne (2,700hab) - longue traine locale"
prix isolation combles grenoble,informational,prix-tarif,ville-principale,multi,prix,28,medium,/travaux/isolation-combles/grenoble,a-creer,3,T3-longue-traine,oui,Prix travaux + ville
prix isolation exterieure grenoble,informational,prix-tarif,ville-principale,multi,prix,28,medium,/travaux/isolation-exterieure/grenoble,a-creer,3,T3-longue-traine,oui,Prix travaux + ville
prix douche italienne grenoble,informational,prix-tarif,ville-principale,multi,prix,28,medium,/travaux/douche-italienne/grenoble,a-creer,3,T3-longue-traine,oui,Prix travaux + ville
prix depannage electrique grenoble,informational,prix-tarif,ville-principale,multi,prix,28,medium,/travaux/depannage-electrique/grenoble,a-creer,3,T3-longue-traine,oui,Prix travaux + ville
macon drumettaz clarafond,transactional,local-listing,commune-agglo,macon,aucun,27,low,/chambery/drumettaz-clarafond/macon,a-creer,3,T3-longue-traine,oui,"Agglo moyenne (2,500hab) - longue traine locale"
couvreur drumettaz clarafond,transactional,local-listing,commune-agglo,couvreur,aucun,27,low,/chambery/drumettaz-clarafond/couvreur,a-creer,3,T3-longue-traine,oui,"Agglo moyenne (2,500hab) - longue traine locale"
macon noyarey,transactional,local-listing,commune-agglo,macon,aucun,27,low,/grenoble/noyarey/macon,a-creer,3,T3-longue-traine,oui,"Agglo moyenne (2,400hab) - longue traine locale"
couvreur noyarey,transactional,local-listing,commune-agglo,couvreur,aucun,27,low,/grenoble/noyarey/couvreur,a-creer,3,T3-longue-traine,oui,"Agglo moyenne (2,400hab) - longue traine locale"
devis renovation salle de bain valence,transactional,local-listing,ville-principale,multi,devis,27,low,/travaux/renovation-salle-de-bain/valence,a-creer,3,T3-longue-traine,oui,Devis travaux + ville
prix renovation cuisine valence,informational,prix-tarif,ville-principale,multi,prix,27,medium,/travaux/renovation-cuisine/valence,a-creer,3,T3-longue-traine,oui,Prix travaux + ville
devis pompe a chaleur valence,transactional,local-listing,ville-principale,multi,devis,27,low,/travaux/pompe-a-chaleur/valence,a-creer,3,T3-longue-traine,oui,Devis travaux + ville
peintre trevignin,transactional,local-listing,commune-agglo,peintre,aucun,26,low,/chambery/trevignin/peintre,a-creer,3,T3-longue-traine,oui,Agglo moyenne (850hab) - longue traine locale
menuisier trevignin,transactional,local-listing,commune-agglo,menuisier,aucun,26,low,/chambery/trevignin/menuisier,a-creer,3,T3-longue-traine,oui,Agglo moyenne (850hab) - longue traine locale
macon brison saint innocent,transactional,local-listing,commune-agglo,macon,aucun,26,low,/chambery/brison-saint-innocent/macon,a-creer,3,T3-longue-traine,oui,"Agglo moyenne (2,200hab) - longue traine locale"
couvreur brison saint innocent,transactional,local-listing,commune-agglo,couvreur,aucun,26,low,/chambery/brison-saint-innocent/couvreur,a-creer,3,T3-longue-traine,oui,"Agglo moyenne (2,200hab) - longue traine locale"
macon biviers,transactional,local-listing,commune-agglo,macon,aucun,26,low,/grenoble/biviers/macon,a-creer,3,T3-longue-traine,oui,"Agglo moyenne (2,300hab) - longue traine locale"
couvreur biviers,transactional,local-listing,commune-agglo,couvreur,aucun,26,low,/grenoble/biviers/couvreur,a-creer,3,T3-longue-traine,oui,"Agglo moyenne (2,300hab) - longue traine locale"
devis renovation salle de bain chambery,transactional,local-listing,ville-principale,multi,devis,26,low,/travaux/renovation-salle-de-bain/chambery,a-creer,3,T3-longue-traine,oui,Devis travaux + ville
prix renovation cuisine chambery,informational,prix-tarif,ville-principale,multi,prix,26,medium,/travaux/renovation-cuisine/chambery,a-creer,3,T3-longue-traine,oui,Prix travaux + ville
devis pompe a chaleur chambery,transactional,local-listing,ville-principale,multi,devis,26,low,/travaux/pompe-a-chaleur/chambery,a-creer,3,T3-longue-traine,oui,Devis travaux + ville
prix isolation combles annecy,informational,prix-tarif,ville-principale,multi,prix,26,medium,/travaux/isolation-combles/annecy,a-creer,3,T3-longue-traine,oui,Prix travaux + ville
prix isolation exterieure annecy,informational,prix-tarif,ville-principale,multi,prix,26,medium,/travaux/isolation-exterieure/annecy,a-creer,3,T3-longue-traine,oui,Prix travaux + ville
prix douche italienne annecy,informational,prix-tarif,ville-principale,multi,prix,26,medium,/travaux/douche-italienne/annecy,a-creer,3,T3-longue-traine,oui,Prix travaux + ville
prix depannage electrique annecy,informational,prix-tarif,ville-principale,multi,prix,26,medium,/travaux/depannage-electrique/annecy,a-creer,3,T3-longue-traine,oui,Prix travaux + ville
carreleur mouxy,transactional,local-listing,commune-agglo,carreleur,aucun,25,low,/chambery/mouxy/carreleur,a-creer,3,T3-longue-traine,oui,"Agglo moyenne (1,200hab) - longue traine locale"
chauffagiste mouxy,transactional,local-listing,commune-agglo,chauffagiste,aucun,25,low,/chambery/mouxy/chauffagiste,a-creer,3,T3-longue-traine,oui,"Agglo moyenne (1,200hab) - longue traine locale"
macon alby sur cheran,transactional,local-listing,commune-agglo,macon,aucun,25,low,/annecy/alby-sur-cheran/macon,a-creer,3,T3-longue-traine,oui,"Agglo moyenne (2,100hab) - longue traine locale"
couvreur alby sur cheran,transactional,local-listing,commune-agglo,couvreur,aucun,25,low,/annecy/alby-sur-cheran/couvreur,a-creer,3,T3-longue-traine,oui,"Agglo moyenne (2,100hab) - longue traine locale"
carreleur champagnier,transactional,local-listing,commune-agglo,carreleur,aucun,25,low,/grenoble/champagnier/carreleur,a-creer,3,T3-longue-traine,oui,"Agglo moyenne (1,200hab) - longue traine locale"
chauffagiste champagnier,transactional,local-listing,commune-agglo,chauffagiste,aucun,25,low,/grenoble/champagnier/chauffagiste,a-creer,3,T3-longue-traine,oui,"Agglo moyenne (1,200hab) - longue traine locale"
carreleur le sappey en chartreuse,transactional,local-listing,commune-agglo,carreleur,aucun,25,low,/grenoble/le-sappey-en-chartreuse/carreleur,a-creer,3,T3-longue-traine,oui,"Agglo moyenne (1,200hab) - longue traine locale"
chauffagiste le sappey en chartreuse,transactional,local-listing,commune-agglo,chauffagiste,aucun,25,low,/grenoble/le-sappey-en-chartreuse/chauffagiste,a-creer,3,T3-longue-traine,oui,"Agglo moyenne (1,200hab) - longue traine locale"
macon saint paul de varces,transactional,local-listing,commune-agglo,macon,aucun,25,low,/grenoble/saint-paul-de-varces/macon,a-creer,3,T3-longue-traine,oui,"Agglo moyenne (2,100hab) - longue traine locale"
couvreur saint paul de varces,transactional,local-listing,commune-agglo,couvreur,aucun,25,low,/grenoble/saint-paul-de-varces/couvreur,a-creer,3,T3-longue-traine,oui,"Agglo moyenne (2,100hab) - longue traine locale"
macon vernoux en vivarais,transactional,local-listing,commune-agglo,macon,aucun,25,low,/valence/vernoux-en-vivarais/macon,a-creer,3,T3-longue-traine,oui,"Agglo moyenne (2,100hab) - longue traine locale"
couvreur vernoux en vivarais,transactional,local-listing,commune-agglo,couvreur,aucun,25,low,/valence/vernoux-en-vivarais/couvreur,a-creer,3,T3-longue-traine,oui,"Agglo moyenne (2,100hab) - longue traine locale"
carreleur pugny chatenod,transactional,local-listing,commune-agglo,carreleur,aucun,24,low,/chambery/pugny-chatenod/carreleur,a-creer,3,T3-longue-traine,oui,"Agglo moyenne (1,100hab) - longue traine locale"
chauffagiste pugny chatenod,transactional,local-listing,commune-agglo,chauffagiste,aucun,24,low,/chambery/pugny-chatenod/chauffagiste,a-creer,3,T3-longue-traine,oui,"Agglo moyenne (1,100hab) - longue traine locale"
macon viviers du lac,transactional,local-listing,commune-agglo,macon,aucun,24,low,/chambery/viviers-du-lac/macon,a-creer,3,T3-longue-traine,oui,"Agglo moyenne (1,800hab) - longue traine locale"
couvreur viviers du lac,transactional,local-listing,commune-agglo,couvreur,aucun,24,low,/chambery/viviers-du-lac/couvreur,a-creer,3,T3-longue-traine,oui,"Agglo moyenne (1,800hab) - longue traine locale"
macon talloires montmin,transactional,local-listing,commune-agglo,macon,aucun,24,low,/annecy/talloires-montmin/macon,a-creer,3,T3-longue-traine,oui,"Agglo moyenne (1,800hab) - longue traine locale"
couvreur talloires montmin,transactional,local-listing,commune-agglo,couvreur,aucun,24,low,/annecy/talloires-montmin/couvreur,a-creer,3,T3-longue-traine,oui,"Agglo moyenne (1,800hab) - longue traine locale"
macon menthon saint bernard,transactional,local-listing,commune-agglo,macon,aucun,24,low,/annecy/menthon-saint-bernard/macon,a-creer,3,T3-longue-traine,oui,"Agglo moyenne (1,800hab) - longue traine locale"
couvreur menthon saint bernard,transactional,local-listing,commune-agglo,couvreur,aucun,24,low,/annecy/menthon-saint-bernard/couvreur,a-creer,3,T3-longue-traine,oui,"Agglo moyenne (1,800hab) - longue traine locale"
carreleur lathuile,transactional,local-listing,commune-agglo,carreleur,aucun,24,low,/annecy/lathuile/carreleur,a-creer,3,T3-longue-traine,oui,"Agglo moyenne (1,100hab) - longue traine locale"
chauffagiste lathuile,transactional,local-listing,commune-agglo,chauffagiste,aucun,24,low,/annecy/lathuile/chauffagiste,a-creer,3,T3-longue-traine,oui,"Agglo moyenne (1,100hab) - longue traine locale"
peintre voiron 38500,transactional,local-listing,commune-agglo,peintre,aucun,24,low,/grenoble/voiron/peintre,a-creer,3,T3-longue-traine,non,Variante avec code postal - signal local hyper-precis
menuisier voiron 38500,transactional,local-listing,commune-agglo,menuisier,aucun,24,low,/grenoble/voiron/menuisier,a-creer,3,T3-longue-traine,non,Variante avec code postal - signal local hyper-precis
carreleur murianette,transactional,local-listing,commune-agglo,carreleur,aucun,24,low,/grenoble/murianette/carreleur,a-creer,3,T3-longue-traine,oui,"Agglo moyenne (1,100hab) - longue traine locale"
chauffagiste murianette,transactional,local-listing,commune-agglo,chauffagiste,aucun,24,low,/grenoble/murianette/chauffagiste,a-creer,3,T3-longue-traine,oui,"Agglo moyenne (1,100hab) - longue traine locale"
carreleur romans sur isere 26100,transactional,local-listing,commune-agglo,carreleur,aucun,24,low,/valence/romans-sur-isere/carreleur,a-creer,3,T3-longue-traine,non,Variante avec code postal - signal local hyper-precis
chauffagiste romans sur isere 26100,transactional,local-listing,commune-agglo,chauffagiste,aucun,24,low,/valence/romans-sur-isere/chauffagiste,a-creer,3,T3-longue-traine,non,Variante avec code postal - signal local hyper-precis
carreleur aix les bains 73100,transactional,local-listing,commune-agglo,carreleur,aucun,23,low,/chambery/aix-les-bains/carreleur,a-creer,3,T3-longue-traine,non,Variante avec code postal - signal local hyper-precis
chauffagiste aix les bains 73100,transactional,local-listing,commune-agglo,chauffagiste,aucun,23,low,/chambery/aix-les-bains/chauffagiste,a-creer,3,T3-longue-traine,non,Variante avec code postal - signal local hyper-precis
carreleur duingt,transactional,local-listing,commune-agglo,carreleur,aucun,23,low,/annecy/duingt/carreleur,a-creer,3,T3-longue-traine,oui,"Agglo moyenne (1,000hab) - longue traine locale"
chauffagiste duingt,transactional,local-listing,commune-agglo,chauffagiste,aucun,23,low,/annecy/duingt/chauffagiste,a-creer,3,T3-longue-traine,oui,"Agglo moyenne (1,000hab) - longue traine locale"
macon allonzier la caille,transactional,local-listing,commune-agglo,macon,aucun,23,low,/annecy/allonzier-la-caille/macon,a-creer,3,T3-longue-traine,oui,"Agglo moyenne (1,700hab) - longue traine locale"
couvreur allonzier la caille,transactional,local-listing,commune-agglo,couvreur,aucun,23,low,/annecy/allonzier-la-caille/couvreur,a-creer,3,T3-longue-traine,oui,"Agglo moyenne (1,700hab) - longue traine locale"
macon veurey voroize,transactional,local-listing,commune-agglo,macon,aucun,23,low,/grenoble/veurey-voroize/macon,a-creer,3,T3-longue-traine,oui,"Agglo moyenne (1,600hab) - longue traine locale"
couvreur veurey voroize,transactional,local-listing,commune-agglo,couvreur,aucun,23,low,/grenoble/veurey-voroize/couvreur,a-creer,3,T3-longue-traine,oui,"Agglo moyenne (1,600hab) - longue traine locale"
macon mauves,transactional,local-listing,commune-agglo,macon,aucun,23,low,/valence/mauves/macon,a-creer,3,T3-longue-traine,oui,"Agglo moyenne (1,700hab) - longue traine locale"
couvreur mauves,transactional,local-listing,commune-agglo,couvreur,aucun,23,low,/valence/mauves/couvreur,a-creer,3,T3-longue-traine,oui,"Agglo moyenne (1,700hab) - longue traine locale"
prix ravalement facade grenoble,informational,prix-tarif,ville-principale,multi,prix,23,medium,/travaux/ravalement-facade/grenoble,a-creer,3,T3-longue-traine,oui,Prix travaux + ville
prix changement fenetres grenoble,informational,prix-tarif,ville-principale,multi,prix,23,medium,/travaux/changement-fenetres/grenoble,a-creer,3,T3-longue-traine,oui,Prix travaux + ville
prix installation electrique grenoble,informational,prix-tarif,ville-principale,multi,prix,23,medium,/travaux/installation-electrique/grenoble,a-creer,3,T3-longue-traine,oui,Prix travaux + ville
prix recherche fuite eau grenoble,informational,prix-tarif,ville-principale,multi,prix,23,medium,/travaux/recherche-fuite-eau/grenoble,a-creer,3,T3-longue-traine,oui,Prix travaux + ville
devis refection toiture lyon,transactional,local-listing,ville-principale,multi,devis,23,low,/travaux/refection-toiture/lyon,a-creer,3,T3-longue-traine,oui,Devis travaux + ville
macon mery,transactional,local-listing,commune-agglo,macon,aucun,22,low,/chambery/mery/macon,a-creer,3,T3-longue-traine,oui,"Agglo moyenne (1,500hab) - longue traine locale"
couvreur mery,transactional,local-listing,commune-agglo,couvreur,aucun,22,low,/chambery/mery/couvreur,a-creer,3,T3-longue-traine,oui,"Agglo moyenne (1,500hab) - longue traine locale"
carreleur trevignin,transactional,local-listing,commune-agglo,carreleur,aucun,22,low,/chambery/trevignin/carreleur,a-creer,3,T3-longue-traine,oui,Agglo moyenne (850hab) - longue traine locale
chauffagiste trevignin,transactional,local-listing,commune-agglo,chauffagiste,aucun,22,low,/chambery/trevignin/chauffagiste,a-creer,3,T3-longue-traine,oui,Agglo moyenne (850hab) - longue traine locale
peintre rumilly 74150,transactional,local-listing,commune-agglo,peintre,aucun,21,low,/annecy/rumilly/peintre,a-creer,3,T3-longue-traine,non,Variante avec code postal - signal local hyper-precis
menuisier rumilly 74150,transactional,local-listing,commune-agglo,menuisier,aucun,21,low,/annecy/rumilly/menuisier,a-creer,3,T3-longue-traine,non,Variante avec code postal - signal local hyper-precis
devis isolation combles grenoble,transactional,local-listing,ville-principale,multi,devis,21,low,/travaux/isolation-combles/grenoble,a-creer,3,T3-longue-traine,oui,Devis travaux + ville
devis isolation exterieure grenoble,transactional,local-listing,ville-principale,multi,devis,21,low,/travaux/isolation-exterieure/grenoble,a-creer,3,T3-longue-traine,oui,Devis travaux + ville
devis douche italienne grenoble,transactional,local-listing,ville-principale,multi,devis,21,low,/travaux/douche-italienne/grenoble,a-creer,3,T3-longue-traine,oui,Devis travaux + ville
devis depannage electrique grenoble,transactional,local-listing,ville-principale,multi,devis,21,low,/travaux/depannage-electrique/grenoble,a-creer,3,T3-longue-traine,oui,Devis travaux + ville
bativio vs pagesjaunes,commercial,comparatif,national,n/a,aucun,20,low,/comparatif/pagesjaunes,existante,3,T3-longue-traine,oui,Branded vs concurrent
bativio vs habitatpresto,commercial,comparatif,national,n/a,aucun,20,low,/comparatif/habitatpresto,existante,3,T3-longue-traine,oui,Branded vs concurrent
bativio vs starofservice,commercial,comparatif,national,n/a,aucun,20,low,/comparatif/starofservice,existante,3,T3-longue-traine,oui,Branded vs concurrent
bativio vs obat,commercial,comparatif,national,n/a,aucun,20,low,/comparatif/obat,existante,3,T3-longue-traine,oui,Branded vs concurrent
bativio vs tolteck,commercial,comparatif,national,n/a,aucun,20,low,/comparatif/tolteck,existante,3,T3-longue-traine,oui,Branded vs concurrent
macon mouxy,transactional,local-listing,commune-agglo,macon,aucun,20,low,/chambery/mouxy/macon,a-creer,3,T3-longue-traine,oui,"Agglo moyenne (1,200hab) - longue traine locale"
couvreur mouxy,transactional,local-listing,commune-agglo,couvreur,aucun,20,low,/chambery/mouxy/couvreur,a-creer,3,T3-longue-traine,oui,"Agglo moyenne (1,200hab) - longue traine locale"
carreleur voiron 38500,transactional,local-listing,commune-agglo,carreleur,aucun,20,low,/grenoble/voiron/carreleur,a-creer,3,T3-longue-traine,non,Variante avec code postal - signal local hyper-precis
chauffagiste voiron 38500,transactional,local-listing,commune-agglo,chauffagiste,aucun,20,low,/grenoble/voiron/chauffagiste,a-creer,3,T3-longue-traine,non,Variante avec code postal - signal local hyper-precis
macon champagnier,transactional,local-listing,commune-agglo,macon,aucun,20,low,/grenoble/champagnier/macon,a-creer,3,T3-longue-traine,oui,"Agglo moyenne (1,200hab) - longue traine locale"
couvreur champagnier,transactional,local-listing,commune-agglo,couvreur,aucun,20,low,/grenoble/champagnier/couvreur,a-creer,3,T3-longue-traine,oui,"Agglo moyenne (1,200hab) - longue traine locale"
macon le sappey en chartreuse,transactional,local-listing,commune-agglo,macon,aucun,20,low,/grenoble/le-sappey-en-chartreuse/macon,a-creer,3,T3-longue-traine,oui,"Agglo moyenne (1,200hab) - longue traine locale"
couvreur le sappey en chartreuse,transactional,local-listing,commune-agglo,couvreur,aucun,20,low,/grenoble/le-sappey-en-chartreuse/couvreur,a-creer,3,T3-longue-traine,oui,"Agglo moyenne (1,200hab) - longue traine locale"
devis renovation cuisine chambery,transactional,local-listing,ville-principale,multi,devis,20,low,/travaux/renovation-cuisine/chambery,a-creer,3,T3-longue-traine,oui,Devis travaux + ville
prix ravalement facade annecy,informational,prix-tarif,ville-principale,multi,prix,20,medium,/travaux/ravalement-facade/annecy,a-creer,3,T3-longue-traine,oui,Prix travaux + ville
prix changement fenetres annecy,informational,prix-tarif,ville-principale,multi,prix,20,medium,/travaux/changement-fenetres/annecy,a-creer,3,T3-longue-traine,oui,Prix travaux + ville
prix installation electrique annecy,informational,prix-tarif,ville-principale,multi,prix,20,medium,/travaux/installation-electrique/annecy,a-creer,3,T3-longue-traine,oui,Prix travaux + ville
prix recherche fuite eau annecy,informational,prix-tarif,ville-principale,multi,prix,20,medium,/travaux/recherche-fuite-eau/annecy,a-creer,3,T3-longue-traine,oui,Prix travaux + ville
devis renovation cuisine valence,transactional,local-listing,ville-principale,multi,devis,20,low,/travaux/renovation-cuisine/valence,a-creer,3,T3-longue-traine,oui,Devis travaux + ville
macon pugny chatenod,transactional,local-listing,commune-agglo,macon,aucun,19,low,/chambery/pugny-chatenod/macon,a-creer,3,T3-longue-traine,oui,"Agglo moyenne (1,100hab) - longue traine locale"
couvreur pugny chatenod,transactional,local-listing,commune-agglo,couvreur,aucun,19,low,/chambery/pugny-chatenod/couvreur,a-creer,3,T3-longue-traine,oui,"Agglo moyenne (1,100hab) - longue traine locale"
macon lathuile,transactional,local-listing,commune-agglo,macon,aucun,19,low,/annecy/lathuile/macon,a-creer,3,T3-longue-traine,oui,"Agglo moyenne (1,100hab) - longue traine locale"
couvreur lathuile,transactional,local-listing,commune-agglo,couvreur,aucun,19,low,/annecy/lathuile/couvreur,a-creer,3,T3-longue-traine,oui,"Agglo moyenne (1,100hab) - longue traine locale"
macon duingt,transactional,local-listing,commune-agglo,macon,aucun,19,low,/annecy/duingt/macon,a-creer,3,T3-longue-traine,oui,"Agglo moyenne (1,000hab) - longue traine locale"
couvreur duingt,transactional,local-listing,commune-agglo,couvreur,aucun,19,low,/annecy/duingt/couvreur,a-creer,3,T3-longue-traine,oui,"Agglo moyenne (1,000hab) - longue traine locale"
macon murianette,transactional,local-listing,commune-agglo,macon,aucun,19,low,/grenoble/murianette/macon,a-creer,3,T3-longue-traine,oui,"Agglo moyenne (1,100hab) - longue traine locale"
couvreur murianette,transactional,local-listing,commune-agglo,couvreur,aucun,19,low,/grenoble/murianette/couvreur,a-creer,3,T3-longue-traine,oui,"Agglo moyenne (1,100hab) - longue traine locale"
macon romans sur isere 26100,transactional,local-listing,commune-agglo,macon,aucun,19,low,/valence/romans-sur-isere/macon,a-creer,3,T3-longue-traine,non,Variante avec code postal - signal local hyper-precis
couvreur romans sur isere 26100,transactional,local-listing,commune-agglo,couvreur,aucun,19,low,/valence/romans-sur-isere/couvreur,a-creer,3,T3-longue-traine,non,Variante avec code postal - signal local hyper-precis
devis isolation combles annecy,transactional,local-listing,ville-principale,multi,devis,19,low,/travaux/isolation-combles/annecy,a-creer,3,T3-longue-traine,oui,Devis travaux + ville
devis isolation exterieure annecy,transactional,local-listing,ville-principale,multi,devis,19,low,/travaux/isolation-exterieure/annecy,a-creer,3,T3-longue-traine,oui,Devis travaux + ville
devis douche italienne annecy,transactional,local-listing,ville-principale,multi,devis,19,low,/travaux/douche-italienne/annecy,a-creer,3,T3-longue-traine,oui,Devis travaux + ville
devis depannage electrique annecy,transactional,local-listing,ville-principale,multi,devis,19,low,/travaux/depannage-electrique/annecy,a-creer,3,T3-longue-traine,oui,Devis travaux + ville
macon aix les bains 73100,transactional,local-listing,commune-agglo,macon,aucun,18,low,/chambery/aix-les-bains/macon,a-creer,3,T3-longue-traine,non,Variante avec code postal - signal local hyper-precis
couvreur aix les bains 73100,transactional,local-listing,commune-agglo,couvreur,aucun,18,low,/chambery/aix-les-bains/couvreur,a-creer,3,T3-longue-traine,non,Variante avec code postal - signal local hyper-precis
carreleur rumilly 74150,transactional,local-listing,commune-agglo,carreleur,aucun,18,low,/annecy/rumilly/carreleur,a-creer,3,T3-longue-traine,non,Variante avec code postal - signal local hyper-precis
chauffagiste rumilly 74150,transactional,local-listing,commune-agglo,chauffagiste,aucun,18,low,/annecy/rumilly/chauffagiste,a-creer,3,T3-longue-traine,non,Variante avec code postal - signal local hyper-precis
prix isolation combles valence,informational,prix-tarif,ville-principale,multi,prix,18,medium,/travaux/isolation-combles/valence,a-creer,3,T3-longue-traine,oui,Prix travaux + ville
prix isolation exterieure valence,informational,prix-tarif,ville-principale,multi,prix,18,medium,/travaux/isolation-exterieure/valence,a-creer,3,T3-longue-traine,oui,Prix travaux + ville
prix douche italienne valence,informational,prix-tarif,ville-principale,multi,prix,18,medium,/travaux/douche-italienne/valence,a-creer,3,T3-longue-traine,oui,Prix travaux + ville
prix depannage electrique valence,informational,prix-tarif,ville-principale,multi,prix,18,medium,/travaux/depannage-electrique/valence,a-creer,3,T3-longue-traine,oui,Prix travaux + ville
macon trevignin,transactional,local-listing,commune-agglo,macon,aucun,17,low,/chambery/trevignin/macon,a-creer,3,T3-longue-traine,oui,Agglo moyenne (850hab) - longue traine locale
couvreur trevignin,transactional,local-listing,commune-agglo,couvreur,aucun,17,low,/chambery/trevignin/couvreur,a-creer,3,T3-longue-traine,oui,Agglo moyenne (850hab) - longue traine locale
prix isolation combles chambery,informational,prix-tarif,ville-principale,multi,prix,17,medium,/travaux/isolation-combles/chambery,a-creer,3,T3-longue-traine,oui,Prix travaux + ville
prix isolation exterieure chambery,informational,prix-tarif,ville-principale,multi,prix,17,medium,/travaux/isolation-exterieure/chambery,a-creer,3,T3-longue-traine,oui,Prix travaux + ville
prix douche italienne chambery,informational,prix-tarif,ville-principale,multi,prix,17,medium,/travaux/douche-italienne/chambery,a-creer,3,T3-longue-traine,oui,Prix travaux + ville
prix depannage electrique chambery,informational,prix-tarif,ville-principale,multi,prix,17,medium,/travaux/depannage-electrique/chambery,a-creer,3,T3-longue-traine,oui,Prix travaux + ville
devis ravalement facade grenoble,transactional,local-listing,ville-principale,multi,devis,17,low,/travaux/ravalement-facade/grenoble,a-creer,3,T3-longue-traine,oui,Devis travaux + ville
prix refection toiture grenoble,informational,prix-tarif,ville-principale,multi,prix,17,medium,/travaux/refection-toiture/grenoble,a-creer,3,T3-longue-traine,oui,Prix travaux + ville
devis changement fenetres grenoble,transactional,local-listing,ville-principale,multi,devis,17,low,/travaux/changement-fenetres/grenoble,a-creer,3,T3-longue-traine,oui,Devis travaux + ville
devis installation electrique grenoble,transactional,local-listing,ville-principale,multi,devis,17,low,/travaux/installation-electrique/grenoble,a-creer,3,T3-longue-traine,oui,Devis travaux + ville
devis recherche fuite eau grenoble,transactional,local-listing,ville-principale,multi,devis,17,low,/travaux/recherche-fuite-eau/grenoble,a-creer,3,T3-longue-traine,oui,Devis travaux + ville
macon voiron 38500,transactional,local-listing,commune-agglo,macon,aucun,16,low,/grenoble/voiron/macon,a-creer,3,T3-longue-traine,non,Variante avec code postal - signal local hyper-precis
couvreur voiron 38500,transactional,local-listing,commune-agglo,couvreur,aucun,16,low,/grenoble/voiron/couvreur,a-creer,3,T3-longue-traine,non,Variante avec code postal - signal local hyper-precis
devis ravalement facade annecy,transactional,local-listing,ville-principale,multi,devis,15,low,/travaux/ravalement-facade/annecy,a-creer,3,T3-longue-traine,oui,Devis travaux + ville
prix refection toiture annecy,informational,prix-tarif,ville-principale,multi,prix,15,medium,/travaux/refection-toiture/annecy,a-creer,3,T3-longue-traine,oui,Prix travaux + ville
devis changement fenetres annecy,transactional,local-listing,ville-principale,multi,devis,15,low,/travaux/changement-fenetres/annecy,a-creer,3,T3-longue-traine,oui,Devis travaux + ville
devis installation electrique annecy,transactional,local-listing,ville-principale,multi,devis,15,low,/travaux/installation-electrique/annecy,a-creer,3,T3-longue-traine,oui,Devis travaux + ville
devis recherche fuite eau annecy,transactional,local-listing,ville-principale,multi,devis,15,low,/travaux/recherche-fuite-eau/annecy,a-creer,3,T3-longue-traine,oui,Devis travaux + ville
macon rumilly 74150,transactional,local-listing,commune-agglo,macon,aucun,14,low,/annecy/rumilly/macon,a-creer,3,T3-longue-traine,non,Variante avec code postal - signal local hyper-precis
couvreur rumilly 74150,transactional,local-listing,commune-agglo,couvreur,aucun,14,low,/annecy/rumilly/couvreur,a-creer,3,T3-longue-traine,non,Variante avec code postal - signal local hyper-precis
prix ravalement facade chambery,informational,prix-tarif,ville-principale,multi,prix,14,medium,/travaux/ravalement-facade/chambery,a-creer,3,T3-longue-traine,oui,Prix travaux + ville
prix changement fenetres chambery,informational,prix-tarif,ville-principale,multi,prix,14,medium,/travaux/changement-fenetres/chambery,a-creer,3,T3-longue-traine,oui,Prix travaux + ville
prix installation electrique chambery,informational,prix-tarif,ville-principale,multi,prix,14,medium,/travaux/installation-electrique/chambery,a-creer,3,T3-longue-traine,oui,Prix travaux + ville
prix recherche fuite eau chambery,informational,prix-tarif,ville-principale,multi,prix,14,medium,/travaux/recherche-fuite-eau/chambery,a-creer,3,T3-longue-traine,oui,Prix travaux + ville
prix ravalement facade valence,informational,prix-tarif,ville-principale,multi,prix,14,medium,/travaux/ravalement-facade/valence,a-creer,3,T3-longue-traine,oui,Prix travaux + ville
prix changement fenetres valence,informational,prix-tarif,ville-principale,multi,prix,14,medium,/travaux/changement-fenetres/valence,a-creer,3,T3-longue-traine,oui,Prix travaux + ville
prix installation electrique valence,informational,prix-tarif,ville-principale,multi,prix,14,medium,/travaux/installation-electrique/valence,a-creer,3,T3-longue-traine,oui,Prix travaux + ville
prix recherche fuite eau valence,informational,prix-tarif,ville-principale,multi,prix,14,medium,/travaux/recherche-fuite-eau/valence,a-creer,3,T3-longue-traine,oui,Prix travaux + ville
devis isolation combles chambery,transactional,local-listing,ville-principale,multi,devis,13,low,/travaux/isolation-combles/chambery,a-creer,3,T3-longue-traine,oui,Devis travaux + ville
devis isolation exterieure chambery,transactional,local-listing,ville-principale,multi,devis,13,low,/travaux/isolation-exterieure/chambery,a-creer,3,T3-longue-traine,oui,Devis travaux + ville
devis douche italienne chambery,transactional,local-listing,ville-principale,multi,devis,13,low,/travaux/douche-italienne/chambery,a-creer,3,T3-longue-traine,oui,Devis travaux + ville
devis depannage electrique chambery,transactional,local-listing,ville-principale,multi,devis,13,low,/travaux/depannage-electrique/chambery,a-creer,3,T3-longue-traine,oui,Devis travaux + ville
devis isolation combles valence,transactional,local-listing,ville-principale,multi,devis,13,low,/travaux/isolation-combles/valence,a-creer,3,T3-longue-traine,oui,Devis travaux + ville
devis isolation exterieure valence,transactional,local-listing,ville-principale,multi,devis,13,low,/travaux/isolation-exterieure/valence,a-creer,3,T3-longue-traine,oui,Devis travaux + ville
devis douche italienne valence,transactional,local-listing,ville-principale,multi,devis,13,low,/travaux/douche-italienne/valence,a-creer,3,T3-longue-traine,oui,Devis travaux + ville
devis depannage electrique valence,transactional,local-listing,ville-principale,multi,devis,13,low,/travaux/depannage-electrique/valence,a-creer,3,T3-longue-traine,oui,Devis travaux + ville
devis refection toiture grenoble,transactional,local-listing,ville-principale,multi,devis,12,low,/travaux/refection-toiture/grenoble,a-creer,3,T3-longue-traine,oui,Devis travaux + ville
devis refection toiture annecy,transactional,local-listing,ville-principale,multi,devis,11,low,/travaux/refection-toiture/annecy,a-creer,3,T3-longue-traine,oui,Devis travaux + ville
devis ravalement facade valence,transactional,local-listing,ville-principale,multi,devis,11,low,/travaux/ravalement-facade/valence,a-creer,3,T3-longue-traine,oui,Devis travaux + ville
devis changement fenetres valence,transactional,local-listing,ville-principale,multi,devis,11,low,/travaux/changement-fenetres/valence,a-creer,3,T3-longue-traine,oui,Devis travaux + ville
devis installation electrique valence,transactional,local-listing,ville-principale,multi,devis,11,low,/travaux/installation-electrique/valence,a-creer,3,T3-longue-traine,oui,Devis travaux + ville
devis recherche fuite eau valence,transactional,local-listing,ville-principale,multi,devis,11,low,/travaux/recherche-fuite-eau/valence,a-creer,3,T3-longue-traine,oui,Devis travaux + ville
devis ravalement facade chambery,transactional,local-listing,ville-principale,multi,devis,10,low,/travaux/ravalement-facade/chambery,a-creer,3,T3-longue-traine,oui,Devis travaux + ville
prix refection toiture chambery,informational,prix-tarif,ville-principale,multi,prix,10,medium,/travaux/refection-toiture/chambery,a-creer,3,T3-longue-traine,oui,Prix travaux + ville
devis changement fenetres chambery,transactional,local-listing,ville-principale,multi,devis,10,low,/travaux/changement-fenetres/chambery,a-creer,3,T3-longue-traine,oui,Devis travaux + ville
devis installation electrique chambery,transactional,local-listing,ville-principale,multi,devis,10,low,/travaux/installation-electrique/chambery,a-creer,3,T3-longue-traine,oui,Devis travaux + ville
devis recherche fuite eau chambery,transactional,local-listing,ville-principale,multi,devis,10,low,/travaux/recherche-fuite-eau/chambery,a-creer,3,T3-longue-traine,oui,Devis travaux + ville
prix refection toiture valence,informational,prix-tarif,ville-principale,multi,prix,10,medium,/travaux/refection-toiture/valence,a-creer,3,T3-longue-traine,oui,Prix travaux + ville
devis refection toiture valence,transactional,local-listing,ville-principale,multi,devis,8,low,/travaux/refection-toiture/valence,a-creer,3,T3-longue-traine,oui,Devis travaux + ville
devis refection toiture chambery,transactional,local-listing,ville-principale,multi,devis,7,low,/travaux/refection-toiture/chambery,a-creer,3,T3-longue-traine,oui,Devis travaux + ville
comment se faire connaitre artisan,informational,home,national,multi,aucun,100,medium,/inscription,existante,4,T5-defensif,oui,Inbound artisans - intent commercial business
plombier chaponost,transactional,local-listing,commune-bassin,plombier,aucun,86,low,/lyon/chaponost/plombier,a-creer,4,T3-longue-traine,non,"Bassin petite (9,100hab) - longue traine, faible vol"
plombier evian les bains,transactional,local-listing,commune-bassin,plombier,aucun,85,low,/annecy/evian-les-bains/plombier,a-creer,4,T3-longue-traine,non,"Bassin petite (8,900hab) - longue traine, faible vol"
plombier anse,transactional,local-listing,commune-bassin,plombier,aucun,83,low,/lyon/anse/plombier,a-creer,4,T3-longue-traine,non,"Bassin petite (8,400hab) - longue traine, faible vol"
plombier saint jean de maurienne,transactional,local-listing,commune-bassin,plombier,aucun,81,low,/chambery/saint-jean-de-maurienne/plombier,a-creer,4,T3-longue-traine,non,"Bassin petite (7,800hab) - longue traine, faible vol"
plombier pontcharra,transactional,local-listing,commune-bassin,plombier,aucun,78,low,/chambery/pontcharra/plombier,a-creer,4,T3-longue-traine,non,"Bassin petite (7,200hab) - longue traine, faible vol"
plombier saint symphorien d ozon,transactional,local-listing,commune-bassin,plombier,aucun,76,low,/lyon/saint-symphorien-d-ozon/plombier,a-creer,4,T3-longue-traine,non,"Bassin petite (6,600hab) - longue traine, faible vol"
plombier jonage,transactional,local-listing,commune-bassin,plombier,aucun,76,low,/lyon/jonage/plombier,a-creer,4,T3-longue-traine,non,"Bassin petite (6,700hab) - longue traine, faible vol"
cout carrelage cuisine,informational,prix-tarif,national,carreleur,prix,75,medium,/prix/carreleur/cuisine,a-creer,4,T3-longue-traine,oui,Synonyme cout - capture verbatim utilisateur
plombier mornant,transactional,local-listing,commune-bassin,plombier,aucun,74,low,/lyon/mornant/plombier,a-creer,4,T3-longue-traine,non,"Bassin petite (6,200hab) - longue traine, faible vol"
plombier saint laurent de mure,transactional,local-listing,commune-bassin,plombier,aucun,74,low,/lyon/saint-laurent-de-mure/plombier,a-creer,4,T3-longue-traine,non,"Bassin petite (6,200hab) - longue traine, faible vol"
electricien chaponost,transactional,local-listing,commune-bassin,electricien,aucun,69,low,/lyon/chaponost/electricien,a-creer,4,T3-longue-traine,non,"Bassin petite (9,100hab) - longue traine, faible vol"
electricien evian les bains,transactional,local-listing,commune-bassin,electricien,aucun,68,low,/annecy/evian-les-bains/electricien,a-creer,4,T3-longue-traine,non,"Bassin petite (8,900hab) - longue traine, faible vol"
plombier la mure,transactional,local-listing,commune-bassin,plombier,aucun,68,low,/grenoble/la-mure/plombier,a-creer,4,T3-longue-traine,non,"Bassin petite (5,100hab) - longue traine, faible vol"
plombier vieux lyon,transactional,local-listing,quartier-intramuros,plombier,aucun,68,low,/lyon/vieux-lyon/plombier,a-creer,4,T3-longue-traine,non,"Quartier Lyon (8,000hab) - tres longue traine"
plombier confluence,transactional,local-listing,quartier-intramuros,plombier,aucun,68,low,/lyon/confluence/plombier,a-creer,4,T3-longue-traine,non,"Quartier Lyon (8,000hab) - tres longue traine"
plombier foch,transactional,local-listing,quartier-intramuros,plombier,aucun,68,low,/lyon/foch/plombier,a-creer,4,T3-longue-traine,non,"Quartier Lyon (8,000hab) - tres longue traine"
plombier saint rambert,transactional,local-listing,quartier-intramuros,plombier,aucun,68,low,/lyon/saint-rambert/plombier,a-creer,4,T3-longue-traine,non,"Quartier Lyon (8,000hab) - tres longue traine"
plombier point du jour,transactional,local-listing,quartier-intramuros,plombier,aucun,68,low,/lyon/point-du-jour/plombier,a-creer,4,T3-longue-traine,non,"Quartier Lyon (8,000hab) - tres longue traine"
plombier heyrieux,transactional,local-listing,commune-bassin,plombier,aucun,68,low,/lyon/heyrieux/plombier,a-creer,4,T3-longue-traine,non,"Bassin petite (5,100hab) - longue traine, faible vol"
electricien anse,transactional,local-listing,commune-bassin,electricien,aucun,67,low,/lyon/anse/electricien,a-creer,4,T3-longue-traine,non,"Bassin petite (8,400hab) - longue traine, faible vol"
plombier pusignan,transactional,local-listing,commune-bassin,plombier,aucun,67,low,/lyon/pusignan/plombier,a-creer,4,T3-longue-traine,non,"Bassin petite (4,800hab) - longue traine, faible vol"
plombier pont de cheruy,transactional,local-listing,commune-bassin,plombier,aucun,66,low,/lyon/pont-de-cheruy/plombier,a-creer,4,T3-longue-traine,non,"Bassin petite (4,700hab) - longue traine, faible vol"
plombier villette d anthon,transactional,local-listing,commune-bassin,plombier,aucun,66,low,/lyon/villette-d-anthon/plombier,a-creer,4,T3-longue-traine,non,"Bassin petite (4,700hab) - longue traine, faible vol"
electricien saint jean de maurienne,transactional,local-listing,commune-bassin,electricien,aucun,65,low,/chambery/saint-jean-de-maurienne/electricien,a-creer,4,T3-longue-traine,non,"Bassin petite (7,800hab) - longue traine, faible vol"
plombier ile verte,transactional,local-listing,quartier-intramuros,plombier,aucun,65,low,/grenoble/ile-verte/plombier,a-creer,4,T3-longue-traine,non,"Quartier Grenoble (7,000hab) - tres longue traine"
plombier communay,transactional,local-listing,commune-bassin,plombier,aucun,65,low,/lyon/communay/plombier,a-creer,4,T3-longue-traine,non,"Bassin petite (4,600hab) - longue traine, faible vol"
plombier centre ville,transactional,local-listing,quartier-intramuros,plombier,aucun,65,low,/valence/centre-ville/plombier,a-creer,4,T3-longue-traine,non,"Quartier Valence (7,000hab) - tres longue traine"
plombier die,transactional,local-listing,commune-bassin,plombier,aucun,65,low,/valence/die/plombier,a-creer,4,T3-longue-traine,non,"Bassin petite (4,600hab) - longue traine, faible vol"
plombier fontbarlettes,transactional,local-listing,quartier-intramuros,plombier,aucun,64,low,/valence/fontbarlettes/plombier,a-creer,4,T3-longue-traine,non,"Quartier Valence (6,800hab) - tres longue traine"
electricien pontcharra,transactional,local-listing,commune-bassin,electricien,aucun,63,low,/chambery/pontcharra/electricien,a-creer,4,T3-longue-traine,non,"Bassin petite (7,200hab) - longue traine, faible vol"
plombier abbaye,transactional,local-listing,quartier-intramuros,plombier,aucun,63,low,/grenoble/abbaye/plombier,a-creer,4,T3-longue-traine,non,"Quartier Grenoble (6,500hab) - tres longue traine"
plombier allevard,transactional,local-listing,commune-bassin,plombier,aucun,63,low,/grenoble/allevard/plombier,a-creer,4,T3-longue-traine,non,"Bassin petite (4,200hab) - longue traine, faible vol"
plombier villard de lans,transactional,local-listing,commune-bassin,plombier,aucun,63,low,/grenoble/villard-de-lans/plombier,a-creer,4,T3-longue-traine,non,"Bassin petite (4,100hab) - longue traine, faible vol"
plombier vinay,transactional,local-listing,commune-bassin,plombier,aucun,63,low,/grenoble/vinay/plombier,a-creer,4,T3-longue-traine,non,"Bassin petite (4,100hab) - longue traine, faible vol"
plombier champvert,transactional,local-listing,quartier-intramuros,plombier,aucun,63,low,/lyon/champvert/plombier,a-creer,4,T3-longue-traine,non,"Quartier Lyon (6,500hab) - tres longue traine"
plombier polygone,transactional,local-listing,quartier-intramuros,plombier,aucun,63,low,/valence/polygone/plombier,a-creer,4,T3-longue-traine,non,"Quartier Valence (6,500hab) - tres longue traine"
plombier montmelian,transactional,local-listing,commune-bassin,plombier,aucun,62,low,/chambery/montmelian/plombier,a-creer,4,T3-longue-traine,non,"Bassin petite (4,000hab) - longue traine, faible vol"
plombier saint pierre d albigny,transactional,local-listing,commune-bassin,plombier,aucun,62,low,/chambery/saint-pierre-d-albigny/plombier,a-creer,4,T3-longue-traine,non,"Bassin petite (4,000hab) - longue traine, faible vol"
plombier centre ville,transactional,local-listing,quartier-intramuros,plombier,aucun,61,low,/chambery/centre-ville/plombier,a-creer,4,T3-longue-traine,non,"Quartier Chambéry (6,000hab) - tres longue traine"
plombier novel,transactional,local-listing,quartier-intramuros,plombier,aucun,61,low,/annecy/novel/plombier,a-creer,4,T3-longue-traine,non,"Quartier Annecy (6,000hab) - tres longue traine"
plombier notre dame,transactional,local-listing,quartier-intramuros,plombier,aucun,61,low,/grenoble/notre-dame/plombier,a-creer,4,T3-longue-traine,non,"Quartier Grenoble (6,000hab) - tres longue traine"
plombier saint bruno,transactional,local-listing,quartier-intramuros,plombier,aucun,61,low,/grenoble/saint-bruno/plombier,a-creer,4,T3-longue-traine,non,"Quartier Grenoble (6,000hab) - tres longue traine"
plombier capuche,transactional,local-listing,quartier-intramuros,plombier,aucun,61,low,/grenoble/capuche/plombier,a-creer,4,T3-longue-traine,non,"Quartier Grenoble (6,000hab) - tres longue traine"
plombier bajatiere,transactional,local-listing,quartier-intramuros,plombier,aucun,61,low,/grenoble/bajatiere/plombier,a-creer,4,T3-longue-traine,non,"Quartier Grenoble (6,000hab) - tres longue traine"
plombier teisseire,transactional,local-listing,quartier-intramuros,plombier,aucun,61,low,/grenoble/teisseire/plombier,a-creer,4,T3-longue-traine,non,"Quartier Grenoble (6,000hab) - tres longue traine"
plombier bellecour,transactional,local-listing,quartier-intramuros,plombier,aucun,61,low,/lyon/bellecour/plombier,a-creer,4,T3-longue-traine,non,"Quartier Lyon (6,000hab) - tres longue traine"
plombier saint just,transactional,local-listing,quartier-intramuros,plombier,aucun,61,low,/lyon/saint-just/plombier,a-creer,4,T3-longue-traine,non,"Quartier Lyon (6,000hab) - tres longue traine"
electricien jonage,transactional,local-listing,commune-bassin,electricien,aucun,61,low,/lyon/jonage/electricien,a-creer,4,T3-longue-traine,non,"Bassin petite (6,700hab) - longue traine, faible vol"
electricien saint symphorien d ozon,transactional,local-listing,commune-bassin,electricien,aucun,60,low,/lyon/saint-symphorien-d-ozon/electricien,a-creer,4,T3-longue-traine,non,"Bassin petite (6,600hab) - longue traine, faible vol"
plombier mistral,transactional,local-listing,quartier-intramuros,plombier,aucun,59,low,/grenoble/mistral/plombier,a-creer,4,T3-longue-traine,non,"Quartier Grenoble (5,500hab) - tres longue traine"
plombier vigny musset,transactional,local-listing,quartier-intramuros,plombier,aucun,59,low,/grenoble/vigny-musset/plombier,a-creer,4,T3-longue-traine,non,"Quartier Grenoble (5,500hab) - tres longue traine"
plombier menival,transactional,local-listing,quartier-intramuros,plombier,aucun,59,low,/lyon/menival/plombier,a-creer,4,T3-longue-traine,non,"Quartier Lyon (5,500hab) - tres longue traine"
electricien mornant,transactional,local-listing,commune-bassin,electricien,aucun,59,low,/lyon/mornant/electricien,a-creer,4,T3-longue-traine,non,"Bassin petite (6,200hab) - longue traine, faible vol"
electricien saint laurent de mure,transactional,local-listing,commune-bassin,electricien,aucun,59,low,/lyon/saint-laurent-de-mure/electricien,a-creer,4,T3-longue-traine,non,"Bassin petite (6,200hab) - longue traine, faible vol"
plombier montelimar 26200,transactional,local-listing,commune-bassin,plombier,aucun,58,low,/valence/montelimar/plombier,a-creer,4,T3-longue-traine,non,Variante avec code postal - signal local hyper-precis
plombier le pont de beauvoisin,transactional,local-listing,commune-bassin,plombier,aucun,57,low,/chambery/le-pont-de-beauvoisin/plombier,a-creer,4,T3-longue-traine,non,"Bassin petite (3,200hab) - longue traine, faible vol"
plombier annemasse 74100,transactional,local-listing,commune-bassin,plombier,aucun,57,low,/annecy/annemasse/plombier,a-creer,4,T3-longue-traine,non,Variante avec code postal - signal local hyper-precis
plombier serezin du rhone,transactional,local-listing,commune-bassin,plombier,aucun,57,low,/lyon/serezin-du-rhone/plombier,a-creer,4,T3-longue-traine,non,"Bassin petite (3,200hab) - longue traine, faible vol"
plombier mistral,transactional,local-listing,quartier-intramuros,plombier,aucun,57,low,/valence/mistral/plombier,a-creer,4,T3-longue-traine,non,"Quartier Valence (5,200hab) - tres longue traine"
plombier le biollay,transactional,local-listing,quartier-intramuros,plombier,aucun,56,low,/chambery/le-biollay/plombier,a-creer,4,T3-longue-traine,non,"Quartier Chambéry (5,000hab) - tres longue traine"
plombier les romains,transactional,local-listing,quartier-intramuros,plombier,aucun,56,low,/annecy/les-romains/plombier,a-creer,4,T3-longue-traine,non,"Quartier Annecy (5,000hab) - tres longue traine"
plombier thonon les bains 74200,transactional,local-listing,commune-bassin,plombier,aucun,56,low,/annecy/thonon-les-bains/plombier,a-creer,4,T3-longue-traine,non,Variante avec code postal - signal local hyper-precis
plombier malherbe,transactional,local-listing,quartier-intramuros,plombier,aucun,56,low,/grenoble/malherbe/plombier,a-creer,4,T3-longue-traine,non,"Quartier Grenoble (5,000hab) - tres longue traine"
plombier autrans meaudre en vercors,transactional,local-listing,commune-bassin,plombier,aucun,56,low,/grenoble/autrans-meaudre-en-vercors/plombier,a-creer,4,T3-longue-traine,non,"Bassin petite (3,100hab) - longue traine, faible vol"
plombier bourg d oisans,transactional,local-listing,commune-bassin,plombier,aucun,56,low,/grenoble/bourg-d-oisans/plombier,a-creer,4,T3-longue-traine,non,"Bassin petite (3,100hab) - longue traine, faible vol"
plombier perrache,transactional,local-listing,quartier-intramuros,plombier,aucun,56,low,/lyon/perrache/plombier,a-creer,4,T3-longue-traine,non,"Quartier Lyon (5,000hab) - tres longue traine"
plombier gorge de loup,transactional,local-listing,quartier-intramuros,plombier,aucun,56,low,/lyon/gorge-de-loup/plombier,a-creer,4,T3-longue-traine,non,"Quartier Lyon (5,000hab) - tres longue traine"
plombier villefranche sur saone 69400,transactional,local-listing,commune-bassin,plombier,aucun,56,low,/lyon/villefranche-sur-saone/plombier,a-creer,4,T3-longue-traine,non,Variante avec code postal - signal local hyper-precis
plombier calvaire,transactional,local-listing,quartier-intramuros,plombier,aucun,56,low,/valence/calvaire/plombier,a-creer,4,T3-longue-traine,non,"Quartier Valence (5,000hab) - tres longue traine"
plombier barberaz,transactional,local-listing,commune-banlieue,plombier,aucun,55,low,/chambery/barberaz/plombier,a-creer,4,T3-longue-traine,non,Couverture geographique exhaustive
plombier yenne,transactional,local-listing,commune-bassin,plombier,aucun,55,low,/chambery/yenne/plombier,a-creer,4,T3-longue-traine,non,"Bassin petite (3,000hab) - longue traine, faible vol"
plombier charly,transactional,local-listing,commune-banlieue,plombier,aucun,55,low,/lyon/charly/plombier,a-creer,4,T3-longue-traine,non,Couverture geographique exhaustive
plombier teppes,transactional,local-listing,quartier-intramuros,plombier,aucun,54,low,/annecy/teppes/plombier,a-creer,4,T3-longue-traine,non,"Quartier Annecy (4,500hab) - tres longue traine"
plombier allies alpins,transactional,local-listing,quartier-intramuros,plombier,aucun,54,low,/grenoble/allies-alpins/plombier,a-creer,4,T3-longue-traine,non,"Quartier Grenoble (4,500hab) - tres longue traine"
electricien la mure,transactional,local-listing,commune-bassin,electricien,aucun,54,low,/grenoble/la-mure/electricien,a-creer,4,T3-longue-traine,non,"Bassin petite (5,100hab) - longue traine, faible vol"
electricien vieux lyon,transactional,local-listing,quartier-intramuros,electricien,aucun,54,low,/lyon/vieux-lyon/electricien,a-creer,4,T3-longue-traine,non,"Quartier Lyon (8,000hab) - tres longue traine"
electricien confluence,transactional,local-listing,quartier-intramuros,electricien,aucun,54,low,/lyon/confluence/electricien,a-creer,4,T3-longue-traine,non,"Quartier Lyon (8,000hab) - tres longue traine"
electricien foch,transactional,local-listing,quartier-intramuros,electricien,aucun,54,low,/lyon/foch/electricien,a-creer,4,T3-longue-traine,non,"Quartier Lyon (8,000hab) - tres longue traine"
electricien saint rambert,transactional,local-listing,quartier-intramuros,electricien,aucun,54,low,/lyon/saint-rambert/electricien,a-creer,4,T3-longue-traine,non,"Quartier Lyon (8,000hab) - tres longue traine"
electricien point du jour,transactional,local-listing,quartier-intramuros,electricien,aucun,54,low,/lyon/point-du-jour/electricien,a-creer,4,T3-longue-traine,non,"Quartier Lyon (8,000hab) - tres longue traine"
electricien heyrieux,transactional,local-listing,commune-bassin,electricien,aucun,54,low,/lyon/heyrieux/electricien,a-creer,4,T3-longue-traine,non,"Bassin petite (5,100hab) - longue traine, faible vol"
plombier chamberliere,transactional,local-listing,quartier-intramuros,plombier,aucun,54,low,/valence/chamberliere/plombier,a-creer,4,T3-longue-traine,non,"Quartier Valence (4,500hab) - tres longue traine"
plombier sevrier,transactional,local-listing,commune-banlieue,plombier,aucun,53,low,/annecy/sevrier/plombier,a-creer,4,T3-longue-traine,non,Couverture geographique exhaustive
plombier lans en vercors,transactional,local-listing,commune-bassin,plombier,aucun,53,low,/grenoble/lans-en-vercors/plombier,a-creer,4,T3-longue-traine,non,"Bassin petite (2,700hab) - longue traine, faible vol"
plombier la tour de salvagny,transactional,local-listing,commune-banlieue,plombier,aucun,53,low,/lyon/la-tour-de-salvagny/plombier,a-creer,4,T3-longue-traine,non,Couverture geographique exhaustive
electricien pont de cheruy,transactional,local-listing,commune-bassin,electricien,aucun,53,low,/lyon/pont-de-cheruy/electricien,a-creer,4,T3-longue-traine,non,"Bassin petite (4,700hab) - longue traine, faible vol"
electricien pusignan,transactional,local-listing,commune-bassin,electricien,aucun,53,low,/lyon/pusignan/electricien,a-creer,4,T3-longue-traine,non,"Bassin petite (4,800hab) - longue traine, faible vol"
electricien villette d anthon,transactional,local-listing,commune-bassin,electricien,aucun,53,low,/lyon/villette-d-anthon/electricien,a-creer,4,T3-longue-traine,non,"Bassin petite (4,700hab) - longue traine, faible vol"
plombier hugo,transactional,local-listing,quartier-intramuros,plombier,aucun,53,low,/valence/hugo/plombier,a-creer,4,T3-longue-traine,non,"Quartier Valence (4,200hab) - tres longue traine"
electricien ile verte,transactional,local-listing,quartier-intramuros,electricien,aucun,52,low,/grenoble/ile-verte/electricien,a-creer,4,T3-longue-traine,non,"Quartier Grenoble (7,000hab) - tres longue traine"
plombier corenc,transactional,local-listing,commune-banlieue,plombier,aucun,52,low,/grenoble/corenc/plombier,a-creer,4,T3-longue-traine,non,Couverture geographique exhaustive
plombier collonges au mont d or,transactional,local-listing,commune-banlieue,plombier,aucun,52,low,/lyon/collonges-au-mont-d-or/plombier,a-creer,4,T3-longue-traine,non,Couverture geographique exhaustive
electricien communay,transactional,local-listing,commune-bassin,electricien,aucun,52,low,/lyon/communay/electricien,a-creer,4,T3-longue-traine,non,"Bassin petite (4,600hab) - longue traine, faible vol"
electricien centre ville,transactional,local-listing,quartier-intramuros,electricien,aucun,52,low,/valence/centre-ville/electricien,a-creer,4,T3-longue-traine,non,"Quartier Valence (7,000hab) - tres longue traine"
plombier beaumont les valence,transactional,local-listing,commune-banlieue,plombier,aucun,52,low,/valence/beaumont-les-valence/plombier,a-creer,4,T3-longue-traine,non,Couverture geographique exhaustive
electricien die,transactional,local-listing,commune-bassin,electricien,aucun,52,low,/valence/die/electricien,a-creer,4,T3-longue-traine,non,"Bassin petite (4,600hab) - longue traine, faible vol"
plombier vieille ville,transactional,local-listing,quartier-intramuros,plombier,aucun,51,low,/chambery/vieille-ville/plombier,a-creer,4,T3-longue-traine,non,"Quartier Chambéry (4,000hab) - tres longue traine"
plombier villaz,transactional,local-listing,commune-banlieue,plombier,aucun,51,low,/annecy/villaz/plombier,a-creer,4,T3-longue-traine,non,Couverture geographique exhaustive
plombier saint laurent,transactional,local-listing,quartier-intramuros,plombier,aucun,51,low,/grenoble/saint-laurent/plombier,a-creer,4,T3-longue-traine,non,"Quartier Grenoble (4,000hab) - tres longue traine"
plombier europole,transactional,local-listing,quartier-intramuros,plombier,aucun,51,low,/grenoble/europole/plombier,a-creer,4,T3-longue-traine,non,"Quartier Grenoble (4,000hab) - tres longue traine"
plombier saint martin,transactional,local-listing,quartier-intramuros,plombier,aucun,51,low,/grenoble/saint-martin/plombier,a-creer,4,T3-longue-traine,non,"Quartier Grenoble (4,000hab) - tres longue traine"
plombier beauvert,transactional,local-listing,quartier-intramuros,plombier,aucun,51,low,/grenoble/beauvert/plombier,a-creer,4,T3-longue-traine,non,"Quartier Grenoble (4,000hab) - tres longue traine"
plombier fourviere,transactional,local-listing,quartier-intramuros,plombier,aucun,51,low,/lyon/fourviere/plombier,a-creer,4,T3-longue-traine,non,"Quartier Lyon (4,000hab) - tres longue traine"
plombier bourgoin jallieu 38300,transactional,local-listing,commune-bassin,plombier,aucun,51,low,/lyon/bourgoin-jallieu/plombier,a-creer,4,T3-longue-traine,non,Variante avec code postal - signal local hyper-precis
electricien fontbarlettes,transactional,local-listing,quartier-intramuros,electricien,aucun,51,low,/valence/fontbarlettes/electricien,a-creer,4,T3-longue-traine,non,"Quartier Valence (6,800hab) - tres longue traine"
plombier latour maubourg,transactional,local-listing,quartier-intramuros,plombier,aucun,51,low,/valence/latour-maubourg/plombier,a-creer,4,T3-longue-traine,non,"Quartier Valence (4,000hab) - tres longue traine"
plombier bassens,transactional,local-listing,commune-banlieue,plombier,aucun,50,low,/chambery/bassens/plombier,a-creer,4,T3-longue-traine,non,Couverture geographique exhaustive
plombier jacob bellecombette,transactional,local-listing,commune-banlieue,plombier,aucun,50,low,/chambery/jacob-bellecombette/plombier,a-creer,4,T3-longue-traine,non,Couverture geographique exhaustive
plombier pringy,transactional,local-listing,commune-banlieue,plombier,aucun,50,low,/annecy/pringy/plombier,a-creer,4,T3-longue-traine,non,Couverture geographique exhaustive
electricien abbaye,transactional,local-listing,quartier-intramuros,electricien,aucun,50,low,/grenoble/abbaye/electricien,a-creer,4,T3-longue-traine,non,"Quartier Grenoble (6,500hab) - tres longue traine"
electricien allevard,transactional,local-listing,commune-bassin,electricien,aucun,50,low,/grenoble/allevard/electricien,a-creer,4,T3-longue-traine,non,"Bassin petite (4,200hab) - longue traine, faible vol"
electricien villard de lans,transactional,local-listing,commune-bassin,electricien,aucun,50,low,/grenoble/villard-de-lans/electricien,a-creer,4,T3-longue-traine,non,"Bassin petite (4,100hab) - longue traine, faible vol"
electricien vinay,transactional,local-listing,commune-bassin,electricien,aucun,50,low,/grenoble/vinay/electricien,a-creer,4,T3-longue-traine,non,"Bassin petite (4,100hab) - longue traine, faible vol"
electricien champvert,transactional,local-listing,quartier-intramuros,electricien,aucun,50,low,/lyon/champvert/electricien,a-creer,4,T3-longue-traine,non,"Quartier Lyon (6,500hab) - tres longue traine"
plombier limonest,transactional,local-listing,commune-banlieue,plombier,aucun,50,low,/lyon/limonest/plombier,a-creer,4,T3-longue-traine,non,Couverture geographique exhaustive
plombier marcy l etoile,transactional,local-listing,commune-banlieue,plombier,aucun,50,low,/lyon/marcy-l-etoile/plombier,a-creer,4,T3-longue-traine,non,Couverture geographique exhaustive
electricien polygone,transactional,local-listing,quartier-intramuros,electricien,aucun,50,low,/valence/polygone/electricien,a-creer,4,T3-longue-traine,non,"Quartier Valence (6,500hab) - tres longue traine"
plombier le plan,transactional,local-listing,quartier-intramuros,plombier,aucun,50,low,/valence/le-plan/plombier,a-creer,4,T3-longue-traine,non,"Quartier Valence (3,800hab) - tres longue traine"
plombier montelier,transactional,local-listing,commune-banlieue,plombier,aucun,50,low,/valence/montelier/plombier,a-creer,4,T3-longue-traine,non,Couverture geographique exhaustive
cout pose wc remplacement,informational,prix-tarif,national,plombier,prix,50,medium,/prix/plombier/wc,a-creer,4,T3-longue-traine,oui,Synonyme cout - capture verbatim utilisateur
prix changement robinet,informational,prix-tarif,national,plombier,prix,50,low,/prix/plombier/robinet,a-creer,4,T3-longue-traine,oui,Sous-page prix par type de travaux - intent achat fort
cout peinture maison,informational,prix-tarif,national,peintre,prix,50,medium,/prix/peintre/maison,a-creer,4,T3-longue-traine,oui,Synonyme cout - capture verbatim utilisateur
prix peinture plafond seul,informational,prix-tarif,national,peintre,prix,50,low,/prix/peintre/plafond,a-creer,4,T3-longue-traine,oui,Sous-page prix par type de travaux - intent achat fort
cout carrelage terrasse,informational,prix-tarif,national,carreleur,prix,50,medium,/prix/carreleur/terrasse,a-creer,4,T3-longue-traine,oui,Synonyme cout - capture verbatim utilisateur
cout pose porte d entree,informational,prix-tarif,national,menuisier,prix,50,medium,/prix/menuisier/porte-entree,a-creer,4,T3-longue-traine,oui,Synonyme cout - capture verbatim utilisateur
cout pose veranda,informational,prix-tarif,national,menuisier,prix,50,medium,/prix/menuisier/veranda,a-creer,4,T3-longue-traine,oui,Synonyme cout - capture verbatim utilisateur
cout demoussage toiture,informational,prix-tarif,national,couvreur,prix,50,medium,/prix/couvreur/demoussage,a-creer,4,T3-longue-traine,oui,Synonyme cout - capture verbatim utilisateur
chapiste savoie,transactional,dept-hub,departement,multi,aucun,50,low,/savoie/chapiste,a-creer,4,T3-longue-traine,oui,Niche chapiste Savoie - vu dans Suggest
chapiste haute savoie,transactional,dept-hub,departement,multi,aucun,50,low,/haute-savoie/chapiste,a-creer,4,T3-longue-traine,oui,Niche chapiste Haute-Savoie - vu dans Suggest
chapiste isere,transactional,dept-hub,departement,multi,aucun,50,low,/isere/chapiste,a-creer,4,T3-longue-traine,oui,Niche chapiste Isère - vu dans Suggest
inscription artisan annuaire,transactional,home,national,multi,aucun,50,low,/inscription,existante,4,T5-defensif,oui,Capture artisans cherchant un annuaire
plombier curial,transactional,local-listing,quartier-intramuros,plombier,aucun,49,low,/chambery/curial/plombier,a-creer,4,T3-longue-traine,non,"Quartier Chambéry (3,500hab) - tres longue traine"
plombier faubourg mache,transactional,local-listing,quartier-intramuros,plombier,aucun,49,low,/chambery/faubourg-mache/plombier,a-creer,4,T3-longue-traine,non,"Quartier Chambéry (3,500hab) - tres longue traine"
plombier chambery le vieux,transactional,local-listing,quartier-intramuros,plombier,aucun,49,low,/chambery/chambery-le-vieux/plombier,a-creer,4,T3-longue-traine,non,"Quartier Chambéry (3,500hab) - tres longue traine"
electricien montmelian,transactional,local-listing,commune-bassin,electricien,aucun,49,low,/chambery/montmelian/electricien,a-creer,4,T3-longue-traine,non,"Bassin petite (4,000hab) - longue traine, faible vol"
electricien saint pierre d albigny,transactional,local-listing,commune-bassin,electricien,aucun,49,low,/chambery/saint-pierre-d-albigny/electricien,a-creer,4,T3-longue-traine,non,"Bassin petite (4,000hab) - longue traine, faible vol"
plombier carnot,transactional,local-listing,quartier-intramuros,plombier,aucun,49,low,/annecy/carnot/plombier,a-creer,4,T3-longue-traine,non,"Quartier Annecy (3,500hab) - tres longue traine"
plombier vovray,transactional,local-listing,quartier-intramuros,plombier,aucun,49,low,/annecy/vovray/plombier,a-creer,4,T3-longue-traine,non,"Quartier Annecy (3,500hab) - tres longue traine"
plombier bouchayer viallet,transactional,local-listing,quartier-intramuros,plombier,aucun,49,low,/grenoble/bouchayer-viallet/plombier,a-creer,4,T3-longue-traine,non,"Quartier Grenoble (3,500hab) - tres longue traine"
plombier vieux valence,transactional,local-listing,quartier-intramuros,plombier,aucun,49,low,/valence/vieux-valence/plombier,a-creer,4,T3-longue-traine,non,"Quartier Valence (3,500hab) - tres longue traine"
plombier saint nicolas,transactional,local-listing,quartier-intramuros,plombier,aucun,49,low,/valence/saint-nicolas/plombier,a-creer,4,T3-longue-traine,non,"Quartier Valence (3,500hab) - tres longue traine"
plombier chateauvert,transactional,local-listing,quartier-intramuros,plombier,aucun,49,low,/valence/chateauvert/plombier,a-creer,4,T3-longue-traine,non,"Quartier Valence (3,500hab) - tres longue traine"
plombier chateauneuf sur isere,transactional,local-listing,commune-banlieue,plombier,aucun,49,low,/valence/chateauneuf-sur-isere/plombier,a-creer,4,T3-longue-traine,non,Couverture geographique exhaustive
electricien centre ville,transactional,local-listing,quartier-intramuros,electricien,aucun,48,low,/chambery/centre-ville/electricien,a-creer,4,T3-longue-traine,non,"Quartier Chambéry (6,000hab) - tres longue traine"
electricien novel,transactional,local-listing,quartier-intramuros,electricien,aucun,48,low,/annecy/novel/electricien,a-creer,4,T3-longue-traine,non,"Quartier Annecy (6,000hab) - tres longue traine"
electricien notre dame,transactional,local-listing,quartier-intramuros,electricien,aucun,48,low,/grenoble/notre-dame/electricien,a-creer,4,T3-longue-traine,non,"Quartier Grenoble (6,000hab) - tres longue traine"
electricien saint bruno,transactional,local-listing,quartier-intramuros,electricien,aucun,48,low,/grenoble/saint-bruno/electricien,a-creer,4,T3-longue-traine,non,"Quartier Grenoble (6,000hab) - tres longue traine"
electricien capuche,transactional,local-listing,quartier-intramuros,electricien,aucun,48,low,/grenoble/capuche/electricien,a-creer,4,T3-longue-traine,non,"Quartier Grenoble (6,000hab) - tres longue traine"
electricien bajatiere,transactional,local-listing,quartier-intramuros,electricien,aucun,48,low,/grenoble/bajatiere/electricien,a-creer,4,T3-longue-traine,non,"Quartier Grenoble (6,000hab) - tres longue traine"
electricien teisseire,transactional,local-listing,quartier-intramuros,electricien,aucun,48,low,/grenoble/teisseire/electricien,a-creer,4,T3-longue-traine,non,"Quartier Grenoble (6,000hab) - tres longue traine"
electricien bellecour,transactional,local-listing,quartier-intramuros,electricien,aucun,48,low,/lyon/bellecour/electricien,a-creer,4,T3-longue-traine,non,"Quartier Lyon (6,000hab) - tres longue traine"
electricien saint just,transactional,local-listing,quartier-intramuros,electricien,aucun,48,low,/lyon/saint-just/electricien,a-creer,4,T3-longue-traine,non,"Quartier Lyon (6,000hab) - tres longue traine"
plombier groisy,transactional,local-listing,commune-banlieue,plombier,aucun,47,low,/annecy/groisy/plombier,a-creer,4,T3-longue-traine,non,Couverture geographique exhaustive
electricien mistral,transactional,local-listing,quartier-intramuros,electricien,aucun,47,low,/grenoble/mistral/electricien,a-creer,4,T3-longue-traine,non,"Quartier Grenoble (5,500hab) - tres longue traine"
electricien vigny musset,transactional,local-listing,quartier-intramuros,electricien,aucun,47,low,/grenoble/vigny-musset/electricien,a-creer,4,T3-longue-traine,non,"Quartier Grenoble (5,500hab) - tres longue traine"
electricien menival,transactional,local-listing,quartier-intramuros,electricien,aucun,47,low,/lyon/menival/electricien,a-creer,4,T3-longue-traine,non,"Quartier Lyon (5,500hab) - tres longue traine"
plombier briffaut,transactional,local-listing,quartier-intramuros,plombier,aucun,47,low,/valence/briffaut/plombier,a-creer,4,T3-longue-traine,non,"Quartier Valence (3,200hab) - tres longue traine"
plombier malissard,transactional,local-listing,commune-banlieue,plombier,aucun,47,low,/valence/malissard/plombier,a-creer,4,T3-longue-traine,non,Couverture geographique exhaustive
plombier faubourg montmelian,transactional,local-listing,quartier-intramuros,plombier,aucun,46,low,/chambery/faubourg-montmelian/plombier,a-creer,4,T3-longue-traine,non,"Quartier Chambéry (3,000hab) - tres longue traine"
plombier merande,transactional,local-listing,quartier-intramuros,plombier,aucun,46,low,/chambery/merande/plombier,a-creer,4,T3-longue-traine,non,"Quartier Chambéry (3,000hab) - tres longue traine"
plombier bissy,transactional,local-listing,quartier-intramuros,plombier,aucun,46,low,/chambery/bissy/plombier,a-creer,4,T3-longue-traine,non,"Quartier Chambéry (3,000hab) - tres longue traine"
plombier bonlieu,transactional,local-listing,quartier-intramuros,plombier,aucun,46,low,/annecy/bonlieu/plombier,a-creer,4,T3-longue-traine,non,"Quartier Annecy (3,000hab) - tres longue traine"
plombier loverchy,transactional,local-listing,quartier-intramuros,plombier,aucun,46,low,/annecy/loverchy/plombier,a-creer,4,T3-longue-traine,non,"Quartier Annecy (3,000hab) - tres longue traine"
plombier argonay,transactional,local-listing,commune-banlieue,plombier,aucun,46,low,/annecy/argonay/plombier,a-creer,4,T3-longue-traine,non,Couverture geographique exhaustive
electricien annemasse 74100,transactional,local-listing,commune-bassin,electricien,aucun,46,low,/annecy/annemasse/electricien,a-creer,4,T3-longue-traine,non,Variante avec code postal - signal local hyper-precis
plombier presquile,transactional,local-listing,quartier-intramuros,plombier,aucun,46,low,/grenoble/presquile/plombier,a-creer,4,T3-longue-traine,non,"Quartier Grenoble (3,000hab) - tres longue traine"
plombier solaize,transactional,local-listing,commune-banlieue,plombier,aucun,46,low,/lyon/solaize/plombier,a-creer,4,T3-longue-traine,non,Couverture geographique exhaustive
electricien mistral,transactional,local-listing,quartier-intramuros,electricien,aucun,46,low,/valence/mistral/electricien,a-creer,4,T3-longue-traine,non,"Quartier Valence (5,200hab) - tres longue traine"
plombier beauregard,transactional,local-listing,quartier-intramuros,plombier,aucun,46,low,/valence/beauregard/plombier,a-creer,4,T3-longue-traine,non,"Quartier Valence (3,000hab) - tres longue traine"
electricien montelimar 26200,transactional,local-listing,commune-bassin,electricien,aucun,46,low,/valence/montelimar/electricien,a-creer,4,T3-longue-traine,non,Variante avec code postal - signal local hyper-precis
electricien le biollay,transactional,local-listing,quartier-intramuros,electricien,aucun,45,low,/chambery/le-biollay/electricien,a-creer,4,T3-longue-traine,non,"Quartier Chambéry (5,000hab) - tres longue traine"
electricien le pont de beauvoisin,transactional,local-listing,commune-bassin,electricien,aucun,45,low,/chambery/le-pont-de-beauvoisin/electricien,a-creer,4,T3-longue-traine,non,"Bassin petite (3,200hab) - longue traine, faible vol"
electricien les romains,transactional,local-listing,quartier-intramuros,electricien,aucun,45,low,/annecy/les-romains/electricien,a-creer,4,T3-longue-traine,non,"Quartier Annecy (5,000hab) - tres longue traine"
electricien thonon les bains 74200,transactional,local-listing,commune-bassin,electricien,aucun,45,low,/annecy/thonon-les-bains/electricien,a-creer,4,T3-longue-traine,non,Variante avec code postal - signal local hyper-precis
electricien malherbe,transactional,local-listing,quartier-intramuros,electricien,aucun,45,low,/grenoble/malherbe/electricien,a-creer,4,T3-longue-traine,non,"Quartier Grenoble (5,000hab) - tres longue traine"
plombier le fontanil cornillon,transactional,local-listing,commune-banlieue,plombier,aucun,45,low,/grenoble/le-fontanil-cornillon/plombier,a-creer,4,T3-longue-traine,non,Couverture geographique exhaustive
electricien autrans meaudre en vercors,transactional,local-listing,commune-bassin,electricien,aucun,45,low,/grenoble/autrans-meaudre-en-vercors/electricien,a-creer,4,T3-longue-traine,non,"Bassin petite (3,100hab) - longue traine, faible vol"
electricien bourg d oisans,transactional,local-listing,commune-bassin,electricien,aucun,45,low,/grenoble/bourg-d-oisans/electricien,a-creer,4,T3-longue-traine,non,"Bassin petite (3,100hab) - longue traine, faible vol"
electricien perrache,transactional,local-listing,quartier-intramuros,electricien,aucun,45,low,/lyon/perrache/electricien,a-creer,4,T3-longue-traine,non,"Quartier Lyon (5,000hab) - tres longue traine"
electricien gorge de loup,transactional,local-listing,quartier-intramuros,electricien,aucun,45,low,/lyon/gorge-de-loup/electricien,a-creer,4,T3-longue-traine,non,"Quartier Lyon (5,000hab) - tres longue traine"
plombier couzon au mont d or,transactional,local-listing,commune-banlieue,plombier,aucun,45,low,/lyon/couzon-au-mont-d-or/plombier,a-creer,4,T3-longue-traine,non,Couverture geographique exhaustive
plombier montanay,transactional,local-listing,commune-banlieue,plombier,aucun,45,low,/lyon/montanay/plombier,a-creer,4,T3-longue-traine,non,Couverture geographique exhaustive
electricien villefranche sur saone 69400,transactional,local-listing,commune-bassin,electricien,aucun,45,low,/lyon/villefranche-sur-saone/electricien,a-creer,4,T3-longue-traine,non,Variante avec code postal - signal local hyper-precis
electricien serezin du rhone,transactional,local-listing,commune-bassin,electricien,aucun,45,low,/lyon/serezin-du-rhone/electricien,a-creer,4,T3-longue-traine,non,"Bassin petite (3,200hab) - longue traine, faible vol"
electricien calvaire,transactional,local-listing,quartier-intramuros,electricien,aucun,45,low,/valence/calvaire/electricien,a-creer,4,T3-longue-traine,non,"Quartier Valence (5,000hab) - tres longue traine"
plombier alixan,transactional,local-listing,commune-banlieue,plombier,aucun,45,low,/valence/alixan/plombier,a-creer,4,T3-longue-traine,non,Couverture geographique exhaustive
electricien barberaz,transactional,local-listing,commune-banlieue,electricien,aucun,44,low,/chambery/barberaz/electricien,a-creer,4,T3-longue-traine,non,Couverture geographique exhaustive
electricien yenne,transactional,local-listing,commune-bassin,electricien,aucun,44,low,/chambery/yenne/electricien,a-creer,4,T3-longue-traine,non,"Bassin petite (3,000hab) - longue traine, faible vol"
plombier chamoux sur gelon,transactional,local-listing,commune-bassin,plombier,aucun,44,low,/chambery/chamoux-sur-gelon/plombier,a-creer,4,T3-longue-traine,non,"Bassin petite (1,700hab) - longue traine, faible vol"
electricien charly,transactional,local-listing,commune-banlieue,electricien,aucun,44,low,/lyon/charly/electricien,a-creer,4,T3-longue-traine,non,Couverture geographique exhaustive
plombier faubourg reclus,transactional,local-listing,quartier-intramuros,plombier,aucun,43,low,/chambery/faubourg-reclus/plombier,a-creer,4,T3-longue-traine,non,"Quartier Chambéry (2,500hab) - tres longue traine"
plombier bellevue,transactional,local-listing,quartier-intramuros,plombier,aucun,43,low,/chambery/bellevue/plombier,a-creer,4,T3-longue-traine,non,"Quartier Chambéry (2,500hab) - tres longue traine"
plombier albertville 73200,transactional,local-listing,commune-bassin,plombier,aucun,43,low,/chambery/albertville/plombier,a-creer,4,T3-longue-traine,non,Variante avec code postal - signal local hyper-precis
plombier bord du lac,transactional,local-listing,quartier-intramuros,plombier,aucun,43,low,/annecy/bord-du-lac/plombier,a-creer,4,T3-longue-traine,non,"Quartier Annecy (2,500hab) - tres longue traine"
electricien teppes,transactional,local-listing,quartier-intramuros,electricien,aucun,43,low,/annecy/teppes/electricien,a-creer,4,T3-longue-traine,non,"Quartier Annecy (4,500hab) - tres longue traine"
plombier tresum,transactional,local-listing,quartier-intramuros,plombier,aucun,43,low,/annecy/tresum/plombier,a-creer,4,T3-longue-traine,non,"Quartier Annecy (2,500hab) - tres longue traine"
plombier chavanod,transactional,local-listing,commune-banlieue,plombier,aucun,43,low,/annecy/chavanod/plombier,a-creer,4,T3-longue-traine,non,Couverture geographique exhaustive
electricien allies alpins,transactional,local-listing,quartier-intramuros,electricien,aucun,43,low,/grenoble/allies-alpins/electricien,a-creer,4,T3-longue-traine,non,"Quartier Grenoble (4,500hab) - tres longue traine"
plombier caserne de bonne,transactional,local-listing,quartier-intramuros,plombier,aucun,43,low,/grenoble/caserne-de-bonne/plombier,a-creer,4,T3-longue-traine,non,"Quartier Grenoble (2,500hab) - tres longue traine"
electricien chamberliere,transactional,local-listing,quartier-intramuros,electricien,aucun,43,low,/valence/chamberliere/electricien,a-creer,4,T3-longue-traine,non,"Quartier Valence (4,500hab) - tres longue traine"
plombier marcs,transactional,local-listing,quartier-intramuros,plombier,aucun,43,low,/valence/marcs/plombier,a-creer,4,T3-longue-traine,non,"Quartier Valence (2,500hab) - tres longue traine"
plombier cornas,transactional,local-listing,commune-banlieue,plombier,aucun,43,low,/valence/cornas/plombier,a-creer,4,T3-longue-traine,non,Couverture geographique exhaustive
plombier sonnaz,transactional,local-listing,commune-banlieue,plombier,aucun,42,low,/chambery/sonnaz/plombier,a-creer,4,T3-longue-traine,non,Couverture geographique exhaustive
electricien sevrier,transactional,local-listing,commune-banlieue,electricien,aucun,42,low,/annecy/sevrier/electricien,a-creer,4,T3-longue-traine,non,Couverture geographique exhaustive
plombier cluses 74300,transactional,local-listing,commune-bassin,plombier,aucun,42,low,/annecy/cluses/plombier,a-creer,4,T3-longue-traine,non,Variante avec code postal - signal local hyper-precis
electricien corenc,transactional,local-listing,commune-banlieue,electricien,aucun,42,low,/grenoble/corenc/electricien,a-creer,4,T3-longue-traine,non,Couverture geographique exhaustive
electricien lans en vercors,transactional,local-listing,commune-bassin,electricien,aucun,42,low,/grenoble/lans-en-vercors/electricien,a-creer,4,T3-longue-traine,non,"Bassin petite (2,700hab) - longue traine, faible vol"
plombier mens,transactional,local-listing,commune-bassin,plombier,aucun,42,low,/grenoble/mens/plombier,a-creer,4,T3-longue-traine,non,"Bassin petite (1,500hab) - longue traine, faible vol"
electricien collonges au mont d or,transactional,local-listing,commune-banlieue,electricien,aucun,42,low,/lyon/collonges-au-mont-d-or/electricien,a-creer,4,T3-longue-traine,non,Couverture geographique exhaustive
electricien la tour de salvagny,transactional,local-listing,commune-banlieue,electricien,aucun,42,low,/lyon/la-tour-de-salvagny/electricien,a-creer,4,T3-longue-traine,non,Couverture geographique exhaustive
electricien hugo,transactional,local-listing,quartier-intramuros,electricien,aucun,42,low,/valence/hugo/electricien,a-creer,4,T3-longue-traine,non,"Quartier Valence (4,200hab) - tres longue traine"
electricien beaumont les valence,transactional,local-listing,commune-banlieue,electricien,aucun,42,low,/valence/beaumont-les-valence/electricien,a-creer,4,T3-longue-traine,non,Couverture geographique exhaustive
electricien vieille ville,transactional,local-listing,quartier-intramuros,electricien,aucun,41,low,/chambery/vieille-ville/electricien,a-creer,4,T3-longue-traine,non,"Quartier Chambéry (4,000hab) - tres longue traine"
electricien villaz,transactional,local-listing,commune-banlieue,electricien,aucun,41,low,/annecy/villaz/electricien,a-creer,4,T3-longue-traine,non,Couverture geographique exhaustive
plombier sallanches 74700,transactional,local-listing,commune-bassin,plombier,aucun,41,low,/annecy/sallanches/plombier,a-creer,4,T3-longue-traine,non,Variante avec code postal - signal local hyper-precis
electricien saint laurent,transactional,local-listing,quartier-intramuros,electricien,aucun,41,low,/grenoble/saint-laurent/electricien,a-creer,4,T3-longue-traine,non,"Quartier Grenoble (4,000hab) - tres longue traine"
electricien europole,transactional,local-listing,quartier-intramuros,electricien,aucun,41,low,/grenoble/europole/electricien,a-creer,4,T3-longue-traine,non,"Quartier Grenoble (4,000hab) - tres longue traine"
electricien saint martin,transactional,local-listing,quartier-intramuros,electricien,aucun,41,low,/grenoble/saint-martin/electricien,a-creer,4,T3-longue-traine,non,"Quartier Grenoble (4,000hab) - tres longue traine"
electricien beauvert,transactional,local-listing,quartier-intramuros,electricien,aucun,41,low,/grenoble/beauvert/electricien,a-creer,4,T3-longue-traine,non,"Quartier Grenoble (4,000hab) - tres longue traine"
electricien fourviere,transactional,local-listing,quartier-intramuros,electricien,aucun,41,low,/lyon/fourviere/electricien,a-creer,4,T3-longue-traine,non,"Quartier Lyon (4,000hab) - tres longue traine"
plombier l isle d abeau 38080,transactional,local-listing,commune-bassin,plombier,aucun,41,low,/lyon/l-isle-d-abeau/plombier,a-creer,4,T3-longue-traine,non,Variante avec code postal - signal local hyper-precis
electricien bourgoin jallieu 38300,transactional,local-listing,commune-bassin,electricien,aucun,41,low,/lyon/bourgoin-jallieu/electricien,a-creer,4,T3-longue-traine,non,Variante avec code postal - signal local hyper-precis
electricien latour maubourg,transactional,local-listing,quartier-intramuros,electricien,aucun,41,low,/valence/latour-maubourg/electricien,a-creer,4,T3-longue-traine,non,"Quartier Valence (4,000hab) - tres longue traine"
electricien bassens,transactional,local-listing,commune-banlieue,electricien,aucun,40,low,/chambery/bassens/electricien,a-creer,4,T3-longue-traine,non,Couverture geographique exhaustive
electricien jacob bellecombette,transactional,local-listing,commune-banlieue,electricien,aucun,40,low,/chambery/jacob-bellecombette/electricien,a-creer,4,T3-longue-traine,non,Couverture geographique exhaustive
plombier vimines,transactional,local-listing,commune-banlieue,plombier,aucun,40,low,/chambery/vimines/plombier,a-creer,4,T3-longue-traine,non,Couverture geographique exhaustive
electricien pringy,transactional,local-listing,commune-banlieue,electricien,aucun,40,low,/annecy/pringy/electricien,a-creer,4,T3-longue-traine,non,Couverture geographique exhaustive
plombier veyrier du lac,transactional,local-listing,commune-banlieue,plombier,aucun,40,low,/annecy/veyrier-du-lac/plombier,a-creer,4,T3-longue-traine,non,Couverture geographique exhaustive
plombier saint martin bellevue,transactional,local-listing,commune-banlieue,plombier,aucun,40,low,/annecy/saint-martin-bellevue/plombier,a-creer,4,T3-longue-traine,non,Couverture geographique exhaustive
electricien limonest,transactional,local-listing,commune-banlieue,electricien,aucun,40,low,/lyon/limonest/electricien,a-creer,4,T3-longue-traine,non,Couverture geographique exhaustive
electricien marcy l etoile,transactional,local-listing,commune-banlieue,electricien,aucun,40,low,/lyon/marcy-l-etoile/electricien,a-creer,4,T3-longue-traine,non,Couverture geographique exhaustive
plombier sathonay village,transactional,local-listing,commune-banlieue,plombier,aucun,40,low,/lyon/sathonay-village/plombier,a-creer,4,T3-longue-traine,non,Couverture geographique exhaustive
electricien le plan,transactional,local-listing,quartier-intramuros,electricien,aucun,40,low,/valence/le-plan/electricien,a-creer,4,T3-longue-traine,non,"Quartier Valence (3,800hab) - tres longue traine"
electricien montelier,transactional,local-listing,commune-banlieue,electricien,aucun,40,low,/valence/montelier/electricien,a-creer,4,T3-longue-traine,non,Couverture geographique exhaustive
plombier annonay 07100,transactional,local-listing,commune-bassin,plombier,aucun,40,low,/valence/annonay/plombier,a-creer,4,T3-longue-traine,non,Variante avec code postal - signal local hyper-precis
plombier saillans,transactional,local-listing,commune-bassin,plombier,aucun,40,low,/valence/saillans/plombier,a-creer,4,T3-longue-traine,non,"Bassin petite (1,350hab) - longue traine, faible vol"
cout installation domotique,informational,prix-tarif,national,electricien,prix,40,medium,/prix/electricien/domotique,a-creer,4,T3-longue-traine,oui,Synonyme cout - capture verbatim utilisateur
cout peinture facade,informational,prix-tarif,national,peintre,prix,40,medium,/prix/peintre/facade,a-creer,4,T3-longue-traine,oui,Synonyme cout - capture verbatim utilisateur
cout construction garage,informational,prix-tarif,national,macon,prix,40,medium,/prix/macon/garage,a-creer,4,T3-longue-traine,oui,Synonyme cout - capture verbatim utilisateur
cout placard sur mesure,informational,prix-tarif,national,menuisier,prix,40,medium,/prix/menuisier/placard,a-creer,4,T3-longue-traine,oui,Synonyme cout - capture verbatim utilisateur
cout ballon thermodynamique,informational,prix-tarif,national,chauffagiste,prix,40,medium,/prix/chauffagiste/ballon-thermo,a-creer,4,T3-longue-traine,oui,Synonyme cout - capture verbatim utilisateur
electricien curial,transactional,local-listing,quartier-intramuros,electricien,aucun,39,low,/chambery/curial/electricien,a-creer,4,T3-longue-traine,non,"Quartier Chambéry (3,500hab) - tres longue traine"
electricien faubourg mache,transactional,local-listing,quartier-intramuros,electricien,aucun,39,low,/chambery/faubourg-mache/electricien,a-creer,4,T3-longue-traine,non,"Quartier Chambéry (3,500hab) - tres longue traine"
electricien chambery le vieux,transactional,local-listing,quartier-intramuros,electricien,aucun,39,low,/chambery/chambery-le-vieux/electricien,a-creer,4,T3-longue-traine,non,"Quartier Chambéry (3,500hab) - tres longue traine"
plombier joppet,transactional,local-listing,quartier-intramuros,plombier,aucun,39,low,/chambery/joppet/plombier,a-creer,4,T3-longue-traine,non,"Quartier Chambéry (2,000hab) - tres longue traine"
plombier sainte therese,transactional,local-listing,quartier-intramuros,plombier,aucun,39,low,/chambery/sainte-therese/plombier,a-creer,4,T3-longue-traine,non,"Quartier Chambéry (2,000hab) - tres longue traine"
plombier les echelles,transactional,local-listing,commune-bassin,plombier,aucun,39,low,/chambery/les-echelles/plombier,a-creer,4,T3-longue-traine,non,"Bassin petite (1,300hab) - longue traine, faible vol"
electricien carnot,transactional,local-listing,quartier-intramuros,electricien,aucun,39,low,/annecy/carnot/electricien,a-creer,4,T3-longue-traine,non,"Quartier Annecy (3,500hab) - tres longue traine"
electricien vovray,transactional,local-listing,quartier-intramuros,electricien,aucun,39,low,/annecy/vovray/electricien,a-creer,4,T3-longue-traine,non,"Quartier Annecy (3,500hab) - tres longue traine"
electricien bouchayer viallet,transactional,local-listing,quartier-intramuros,electricien,aucun,39,low,/grenoble/bouchayer-viallet/electricien,a-creer,4,T3-longue-traine,non,"Quartier Grenoble (3,500hab) - tres longue traine"
plombier monestier de clermont,transactional,local-listing,commune-bassin,plombier,aucun,39,low,/grenoble/monestier-de-clermont/plombier,a-creer,4,T3-longue-traine,non,"Bassin petite (1,300hab) - longue traine, faible vol"
electricien vieux valence,transactional,local-listing,quartier-intramuros,electricien,aucun,39,low,/valence/vieux-valence/electricien,a-creer,4,T3-longue-traine,non,"Quartier Valence (3,500hab) - tres longue traine"
electricien saint nicolas,transactional,local-listing,quartier-intramuros,electricien,aucun,39,low,/valence/saint-nicolas/electricien,a-creer,4,T3-longue-traine,non,"Quartier Valence (3,500hab) - tres longue traine"
electricien chateauvert,transactional,local-listing,quartier-intramuros,electricien,aucun,39,low,/valence/chateauvert/electricien,a-creer,4,T3-longue-traine,non,"Quartier Valence (3,500hab) - tres longue traine"
electricien chateauneuf sur isere,transactional,local-listing,commune-banlieue,electricien,aucun,39,low,/valence/chateauneuf-sur-isere/electricien,a-creer,4,T3-longue-traine,non,Couverture geographique exhaustive
electricien groisy,transactional,local-listing,commune-banlieue,electricien,aucun,38,low,/annecy/groisy/electricien,a-creer,4,T3-longue-traine,non,Couverture geographique exhaustive
electricien briffaut,transactional,local-listing,quartier-intramuros,electricien,aucun,38,low,/valence/briffaut/electricien,a-creer,4,T3-longue-traine,non,"Quartier Valence (3,200hab) - tres longue traine"
plombier soyons,transactional,local-listing,commune-banlieue,plombier,aucun,38,low,/valence/soyons/plombier,a-creer,4,T3-longue-traine,non,Couverture geographique exhaustive
electricien malissard,transactional,local-listing,commune-banlieue,electricien,aucun,38,low,/valence/malissard/electricien,a-creer,4,T3-longue-traine,non,Couverture geographique exhaustive
electricien faubourg montmelian,transactional,local-listing,quartier-intramuros,electricien,aucun,37,low,/chambery/faubourg-montmelian/electricien,a-creer,4,T3-longue-traine,non,"Quartier Chambéry (3,000hab) - tres longue traine"
electricien merande,transactional,local-listing,quartier-intramuros,electricien,aucun,37,low,/chambery/merande/electricien,a-creer,4,T3-longue-traine,non,"Quartier Chambéry (3,000hab) - tres longue traine"
electricien bissy,transactional,local-listing,quartier-intramuros,electricien,aucun,37,low,/chambery/bissy/electricien,a-creer,4,T3-longue-traine,non,"Quartier Chambéry (3,000hab) - tres longue traine"
plombier laurier,transactional,local-listing,quartier-intramuros,plombier,aucun,37,low,/chambery/laurier/plombier,a-creer,4,T3-longue-traine,non,"Quartier Chambéry (1,800hab) - tres longue traine"
plombier apremont,transactional,local-listing,commune-bassin,plombier,aucun,37,low,/chambery/apremont/plombier,a-creer,4,T3-longue-traine,non,"Bassin petite (1,100hab) - longue traine, faible vol"
electricien bonlieu,transactional,local-listing,quartier-intramuros,electricien,aucun,37,low,/annecy/bonlieu/electricien,a-creer,4,T3-longue-traine,non,"Quartier Annecy (3,000hab) - tres longue traine"
electricien loverchy,transactional,local-listing,quartier-intramuros,electricien,aucun,37,low,/annecy/loverchy/electricien,a-creer,4,T3-longue-traine,non,"Quartier Annecy (3,000hab) - tres longue traine"
electricien argonay,transactional,local-listing,commune-banlieue,electricien,aucun,37,low,/annecy/argonay/electricien,a-creer,4,T3-longue-traine,non,Couverture geographique exhaustive
electricien presquile,transactional,local-listing,quartier-intramuros,electricien,aucun,37,low,/grenoble/presquile/electricien,a-creer,4,T3-longue-traine,non,"Quartier Grenoble (3,000hab) - tres longue traine"
electricien solaize,transactional,local-listing,commune-banlieue,electricien,aucun,37,low,/lyon/solaize/electricien,a-creer,4,T3-longue-traine,non,Couverture geographique exhaustive
electricien beauregard,transactional,local-listing,quartier-intramuros,electricien,aucun,37,low,/valence/beauregard/electricien,a-creer,4,T3-longue-traine,non,"Quartier Valence (3,000hab) - tres longue traine"
plombier voglans,transactional,local-listing,commune-banlieue,plombier,aucun,36,low,/chambery/voglans/plombier,a-creer,4,T3-longue-traine,non,Couverture geographique exhaustive
electricien le fontanil cornillon,transactional,local-listing,commune-banlieue,electricien,aucun,36,low,/grenoble/le-fontanil-cornillon/electricien,a-creer,4,T3-longue-traine,non,Couverture geographique exhaustive
electricien couzon au mont d or,transactional,local-listing,commune-banlieue,electricien,aucun,36,low,/lyon/couzon-au-mont-d-or/electricien,a-creer,4,T3-longue-traine,non,Couverture geographique exhaustive
electricien montanay,transactional,local-listing,commune-banlieue,electricien,aucun,36,low,/lyon/montanay/electricien,a-creer,4,T3-longue-traine,non,Couverture geographique exhaustive
electricien alixan,transactional,local-listing,commune-banlieue,electricien,aucun,36,low,/valence/alixan/electricien,a-creer,4,T3-longue-traine,non,Couverture geographique exhaustive
plombier les charmettes,transactional,local-listing,quartier-intramuros,plombier,aucun,35,low,/chambery/les-charmettes/plombier,a-creer,4,T3-longue-traine,non,"Quartier Chambéry (1,500hab) - tres longue traine"
plombier calamine,transactional,local-listing,quartier-intramuros,plombier,aucun,35,low,/chambery/calamine/plombier,a-creer,4,T3-longue-traine,non,"Quartier Chambéry (1,500hab) - tres longue traine"
plombier saint jean d arvey,transactional,local-listing,quartier-intramuros,plombier,aucun,35,low,/chambery/saint-jean-d-arvey/plombier,a-creer,4,T3-longue-traine,non,"Quartier Chambéry (1,500hab) - tres longue traine"
electricien chamoux sur gelon,transactional,local-listing,commune-bassin,electricien,aucun,35,low,/chambery/chamoux-sur-gelon/electricien,a-creer,4,T3-longue-traine,non,"Bassin petite (1,700hab) - longue traine, faible vol"
electricien faubourg reclus,transactional,local-listing,quartier-intramuros,electricien,aucun,34,low,/chambery/faubourg-reclus/electricien,a-creer,4,T3-longue-traine,non,"Quartier Chambéry (2,500hab) - tres longue traine"
electricien bellevue,transactional,local-listing,quartier-intramuros,electricien,aucun,34,low,/chambery/bellevue/electricien,a-creer,4,T3-longue-traine,non,"Quartier Chambéry (2,500hab) - tres longue traine"
electricien albertville 73200,transactional,local-listing,commune-bassin,electricien,aucun,34,low,/chambery/albertville/electricien,a-creer,4,T3-longue-traine,non,Variante avec code postal - signal local hyper-precis
electricien bord du lac,transactional,local-listing,quartier-intramuros,electricien,aucun,34,low,/annecy/bord-du-lac/electricien,a-creer,4,T3-longue-traine,non,"Quartier Annecy (2,500hab) - tres longue traine"
electricien tresum,transactional,local-listing,quartier-intramuros,electricien,aucun,34,low,/annecy/tresum/electricien,a-creer,4,T3-longue-traine,non,"Quartier Annecy (2,500hab) - tres longue traine"
electricien chavanod,transactional,local-listing,commune-banlieue,electricien,aucun,34,low,/annecy/chavanod/electricien,a-creer,4,T3-longue-traine,non,Couverture geographique exhaustive
peintre evian les bains,transactional,local-listing,commune-bassin,peintre,aucun,34,low,/annecy/evian-les-bains/peintre,a-creer,4,T3-longue-traine,non,"Bassin petite (8,900hab) - longue traine, faible vol"
menuisier evian les bains,transactional,local-listing,commune-bassin,menuisier,aucun,34,low,/annecy/evian-les-bains/menuisier,a-creer,4,T3-longue-traine,non,"Bassin petite (8,900hab) - longue traine, faible vol"
electricien caserne de bonne,transactional,local-listing,quartier-intramuros,electricien,aucun,34,low,/grenoble/caserne-de-bonne/electricien,a-creer,4,T3-longue-traine,non,"Quartier Grenoble (2,500hab) - tres longue traine"
peintre chaponost,transactional,local-listing,commune-bassin,peintre,aucun,34,low,/lyon/chaponost/peintre,a-creer,4,T3-longue-traine,non,"Bassin petite (9,100hab) - longue traine, faible vol"
menuisier chaponost,transactional,local-listing,commune-bassin,menuisier,aucun,34,low,/lyon/chaponost/menuisier,a-creer,4,T3-longue-traine,non,"Bassin petite (9,100hab) - longue traine, faible vol"
electricien marcs,transactional,local-listing,quartier-intramuros,electricien,aucun,34,low,/valence/marcs/electricien,a-creer,4,T3-longue-traine,non,"Quartier Valence (2,500hab) - tres longue traine"
electricien cornas,transactional,local-listing,commune-banlieue,electricien,aucun,34,low,/valence/cornas/electricien,a-creer,4,T3-longue-traine,non,Couverture geographique exhaustive
electricien sonnaz,transactional,local-listing,commune-banlieue,electricien,aucun,33,low,/chambery/sonnaz/electricien,a-creer,4,T3-longue-traine,non,Couverture geographique exhaustive
electricien sallanches 74700,transactional,local-listing,commune-bassin,electricien,aucun,33,low,/annecy/sallanches/electricien,a-creer,4,T3-longue-traine,non,Variante avec code postal - signal local hyper-precis
electricien cluses 74300,transactional,local-listing,commune-bassin,electricien,aucun,33,low,/annecy/cluses/electricien,a-creer,4,T3-longue-traine,non,Variante avec code postal - signal local hyper-precis
electricien mens,transactional,local-listing,commune-bassin,electricien,aucun,33,low,/grenoble/mens/electricien,a-creer,4,T3-longue-traine,non,"Bassin petite (1,500hab) - longue traine, faible vol"
plombier pont en royans,transactional,local-listing,commune-bassin,plombier,aucun,33,low,/grenoble/pont-en-royans/plombier,a-creer,4,T3-longue-traine,non,"Bassin petite (850hab) - longue traine, faible vol"
peintre anse,transactional,local-listing,commune-bassin,peintre,aucun,33,low,/lyon/anse/peintre,a-creer,4,T3-longue-traine,non,"Bassin petite (8,400hab) - longue traine, faible vol"
menuisier anse,transactional,local-listing,commune-bassin,menuisier,aucun,33,low,/lyon/anse/menuisier,a-creer,4,T3-longue-traine,non,"Bassin petite (8,400hab) - longue traine, faible vol"
electricien l isle d abeau 38080,transactional,local-listing,commune-bassin,electricien,aucun,33,low,/lyon/l-isle-d-abeau/electricien,a-creer,4,T3-longue-traine,non,Variante avec code postal - signal local hyper-precis
plombier pre de l ane,transactional,local-listing,quartier-intramuros,plombier,aucun,32,low,/chambery/pre-de-l-ane/plombier,a-creer,4,T3-longue-traine,non,"Quartier Chambéry (1,200hab) - tres longue traine"
electricien vimines,transactional,local-listing,commune-banlieue,electricien,aucun,32,low,/chambery/vimines/electricien,a-creer,4,T3-longue-traine,non,Couverture geographique exhaustive
peintre saint jean de maurienne,transactional,local-listing,commune-bassin,peintre,aucun,32,low,/chambery/saint-jean-de-maurienne/peintre,a-creer,4,T3-longue-traine,non,"Bassin petite (7,800hab) - longue traine, faible vol"
menuisier saint jean de maurienne,transactional,local-listing,commune-bassin,menuisier,aucun,32,low,/chambery/saint-jean-de-maurienne/menuisier,a-creer,4,T3-longue-traine,non,"Bassin petite (7,800hab) - longue traine, faible vol"
plombier la bridoire,transactional,local-listing,commune-bassin,plombier,aucun,32,low,/chambery/la-bridoire/plombier,a-creer,4,T3-longue-traine,non,"Bassin petite (800hab) - longue traine, faible vol"
electricien veyrier du lac,transactional,local-listing,commune-banlieue,electricien,aucun,32,low,/annecy/veyrier-du-lac/electricien,a-creer,4,T3-longue-traine,non,Couverture geographique exhaustive
plombier charvonnex,transactional,local-listing,commune-banlieue,plombier,aucun,32,low,/annecy/charvonnex/plombier,a-creer,4,T3-longue-traine,non,Couverture geographique exhaustive
electricien saint martin bellevue,transactional,local-listing,commune-banlieue,electricien,aucun,32,low,/annecy/saint-martin-bellevue/electricien,a-creer,4,T3-longue-traine,non,Couverture geographique exhaustive
electricien sathonay village,transactional,local-listing,commune-banlieue,electricien,aucun,32,low,/lyon/sathonay-village/electricien,a-creer,4,T3-longue-traine,non,Couverture geographique exhaustive
electricien annonay 07100,transactional,local-listing,commune-bassin,electricien,aucun,32,low,/valence/annonay/electricien,a-creer,4,T3-longue-traine,non,Variante avec code postal - signal local hyper-precis
electricien saillans,transactional,local-listing,commune-bassin,electricien,aucun,32,low,/valence/saillans/electricien,a-creer,4,T3-longue-traine,non,"Bassin petite (1,350hab) - longue traine, faible vol"
electricien joppet,transactional,local-listing,quartier-intramuros,electricien,aucun,31,low,/chambery/joppet/electricien,a-creer,4,T3-longue-traine,non,"Quartier Chambéry (2,000hab) - tres longue traine"
electricien sainte therese,transactional,local-listing,quartier-intramuros,electricien,aucun,31,low,/chambery/sainte-therese/electricien,a-creer,4,T3-longue-traine,non,"Quartier Chambéry (2,000hab) - tres longue traine"
plombier saint jeoire prieure,transactional,local-listing,commune-banlieue,plombier,aucun,31,low,/chambery/saint-jeoire-prieure/plombier,a-creer,4,T3-longue-traine,non,Couverture geographique exhaustive
plombier saint sulpice,transactional,local-listing,commune-banlieue,plombier,aucun,31,low,/chambery/saint-sulpice/plombier,a-creer,4,T3-longue-traine,non,Couverture geographique exhaustive
plombier montagnole,transactional,local-listing,commune-banlieue,plombier,aucun,31,low,/chambery/montagnole/plombier,a-creer,4,T3-longue-traine,non,Couverture geographique exhaustive
peintre pontcharra,transactional,local-listing,commune-bassin,peintre,aucun,31,low,/chambery/pontcharra/peintre,a-creer,4,T3-longue-traine,non,"Bassin petite (7,200hab) - longue traine, faible vol"
menuisier pontcharra,transactional,local-listing,commune-bassin,menuisier,aucun,31,low,/chambery/pontcharra/menuisier,a-creer,4,T3-longue-traine,non,"Bassin petite (7,200hab) - longue traine, faible vol"
electricien les echelles,transactional,local-listing,commune-bassin,electricien,aucun,31,low,/chambery/les-echelles/electricien,a-creer,4,T3-longue-traine,non,"Bassin petite (1,300hab) - longue traine, faible vol"
plombier le chatelard,transactional,local-listing,commune-bassin,plombier,aucun,31,low,/chambery/le-chatelard/plombier,a-creer,4,T3-longue-traine,non,"Bassin petite (750hab) - longue traine, faible vol"
plombier montagny les lanches,transactional,local-listing,commune-banlieue,plombier,aucun,31,low,/annecy/montagny-les-lanches/plombier,a-creer,4,T3-longue-traine,non,Couverture geographique exhaustive
plombier naves parmelan,transactional,local-listing,commune-banlieue,plombier,aucun,31,low,/annecy/naves-parmelan/plombier,a-creer,4,T3-longue-traine,non,Couverture geographique exhaustive
electricien monestier de clermont,transactional,local-listing,commune-bassin,electricien,aucun,31,low,/grenoble/monestier-de-clermont/electricien,a-creer,4,T3-longue-traine,non,"Bassin petite (1,300hab) - longue traine, faible vol"
faq artisan,informational,guide-howto,national,multi,aucun,30,low,/faq,existante,4,T5-defensif,non,FAQ - signal qualite contenu
electricien laurier,transactional,local-listing,quartier-intramuros,electricien,aucun,30,low,/chambery/laurier/electricien,a-creer,4,T3-longue-traine,non,"Quartier Chambéry (1,800hab) - tres longue traine"
peintre saint symphorien d ozon,transactional,local-listing,commune-bassin,peintre,aucun,30,low,/lyon/saint-symphorien-d-ozon/peintre,a-creer,4,T3-longue-traine,non,"Bassin petite (6,600hab) - longue traine, faible vol"
menuisier saint symphorien d ozon,transactional,local-listing,commune-bassin,menuisier,aucun,30,low,/lyon/saint-symphorien-d-ozon/menuisier,a-creer,4,T3-longue-traine,non,"Bassin petite (6,600hab) - longue traine, faible vol"
peintre jonage,transactional,local-listing,commune-bassin,peintre,aucun,30,low,/lyon/jonage/peintre,a-creer,4,T3-longue-traine,non,"Bassin petite (6,700hab) - longue traine, faible vol"
menuisier jonage,transactional,local-listing,commune-bassin,menuisier,aucun,30,low,/lyon/jonage/menuisier,a-creer,4,T3-longue-traine,non,"Bassin petite (6,700hab) - longue traine, faible vol"
electricien soyons,transactional,local-listing,commune-banlieue,electricien,aucun,30,low,/valence/soyons/electricien,a-creer,4,T3-longue-traine,non,Couverture geographique exhaustive
cout escalier sur mesure,informational,prix-tarif,national,menuisier,prix,30,medium,/prix/menuisier/escalier,a-creer,4,T3-longue-traine,oui,Synonyme cout - capture verbatim utilisateur
cout zinguerie chenaux gouttieres,informational,prix-tarif,national,couvreur,prix,30,medium,/prix/couvreur/zinguerie,a-creer,4,T3-longue-traine,oui,Synonyme cout - capture verbatim utilisateur
travaux.com alternative,commercial,comparatif,national,n/a,aucun,30,medium,/comparatif/travaux.com,a-creer,4,T5-defensif,oui,Capture intent migration concurrent
bilik alternative,commercial,comparatif,national,n/a,aucun,30,medium,/comparatif/bilik,a-creer,4,T5-defensif,oui,Capture intent migration concurrent
eldotravo alternative,commercial,comparatif,national,n/a,aucun,30,medium,/comparatif/eldotravo,a-creer,4,T5-defensif,oui,Capture intent migration concurrent
hemea alternative,commercial,comparatif,national,n/a,aucun,30,medium,/comparatif/hemea,a-creer,4,T5-defensif,oui,Capture intent migration concurrent
123devis alternative,commercial,comparatif,national,n/a,aucun,30,medium,/comparatif/123devis,a-creer,4,T5-defensif,oui,Capture intent migration concurrent
ootravaux alternative,commercial,comparatif,national,n/a,aucun,30,medium,/comparatif/ootravaux,a-creer,4,T5-defensif,oui,Capture intent migration concurrent
effy alternative,commercial,comparatif,national,n/a,aucun,30,medium,/comparatif/effy,a-creer,4,T5-defensif,oui,Capture intent migration concurrent
electricien voglans,transactional,local-listing,commune-banlieue,electricien,aucun,29,low,/chambery/voglans/electricien,a-creer,4,T3-longue-traine,non,Couverture geographique exhaustive
electricien apremont,transactional,local-listing,commune-bassin,electricien,aucun,29,low,/chambery/apremont/electricien,a-creer,4,T3-longue-traine,non,"Bassin petite (1,100hab) - longue traine, faible vol"
peintre mornant,transactional,local-listing,commune-bassin,peintre,aucun,29,low,/lyon/mornant/peintre,a-creer,4,T3-longue-traine,non,"Bassin petite (6,200hab) - longue traine, faible vol"
menuisier mornant,transactional,local-listing,commune-bassin,menuisier,aucun,29,low,/lyon/mornant/menuisier,a-creer,4,T3-longue-traine,non,"Bassin petite (6,200hab) - longue traine, faible vol"
peintre saint laurent de mure,transactional,local-listing,commune-bassin,peintre,aucun,29,low,/lyon/saint-laurent-de-mure/peintre,a-creer,4,T3-longue-traine,non,"Bassin petite (6,200hab) - longue traine, faible vol"
menuisier saint laurent de mure,transactional,local-listing,commune-bassin,menuisier,aucun,29,low,/lyon/saint-laurent-de-mure/menuisier,a-creer,4,T3-longue-traine,non,"Bassin petite (6,200hab) - longue traine, faible vol"
electricien les charmettes,transactional,local-listing,quartier-intramuros,electricien,aucun,28,low,/chambery/les-charmettes/electricien,a-creer,4,T3-longue-traine,non,"Quartier Chambéry (1,500hab) - tres longue traine"
electricien calamine,transactional,local-listing,quartier-intramuros,electricien,aucun,28,low,/chambery/calamine/electricien,a-creer,4,T3-longue-traine,non,"Quartier Chambéry (1,500hab) - tres longue traine"
electricien saint jean d arvey,transactional,local-listing,quartier-intramuros,electricien,aucun,28,low,/chambery/saint-jean-d-arvey/electricien,a-creer,4,T3-longue-traine,non,"Quartier Chambéry (1,500hab) - tres longue traine"
carreleur evian les bains,transactional,local-listing,commune-bassin,carreleur,aucun,28,low,/annecy/evian-les-bains/carreleur,a-creer,4,T3-longue-traine,non,"Bassin petite (8,900hab) - longue traine, faible vol"
chauffagiste evian les bains,transactional,local-listing,commune-bassin,chauffagiste,aucun,28,low,/annecy/evian-les-bains/chauffagiste,a-creer,4,T3-longue-traine,non,"Bassin petite (8,900hab) - longue traine, faible vol"
carreleur chaponost,transactional,local-listing,commune-bassin,carreleur,aucun,28,low,/lyon/chaponost/carreleur,a-creer,4,T3-longue-traine,non,"Bassin petite (9,100hab) - longue traine, faible vol"
chauffagiste chaponost,transactional,local-listing,commune-bassin,chauffagiste,aucun,28,low,/lyon/chaponost/chauffagiste,a-creer,4,T3-longue-traine,non,"Bassin petite (9,100hab) - longue traine, faible vol"
carreleur saint jean de maurienne,transactional,local-listing,commune-bassin,carreleur,aucun,27,low,/chambery/saint-jean-de-maurienne/carreleur,a-creer,4,T3-longue-traine,non,"Bassin petite (7,800hab) - longue traine, faible vol"
chauffagiste saint jean de maurienne,transactional,local-listing,commune-bassin,chauffagiste,aucun,27,low,/chambery/saint-jean-de-maurienne/chauffagiste,a-creer,4,T3-longue-traine,non,"Bassin petite (7,800hab) - longue traine, faible vol"
plombier quintal,transactional,local-listing,commune-banlieue,plombier,aucun,27,low,/annecy/quintal/plombier,a-creer,4,T3-longue-traine,non,Couverture geographique exhaustive
peintre la mure,transactional,local-listing,commune-bassin,peintre,aucun,27,low,/grenoble/la-mure/peintre,a-creer,4,T3-longue-traine,non,"Bassin petite (5,100hab) - longue traine, faible vol"
menuisier la mure,transactional,local-listing,commune-bassin,menuisier,aucun,27,low,/grenoble/la-mure/menuisier,a-creer,4,T3-longue-traine,non,"Bassin petite (5,100hab) - longue traine, faible vol"
peintre vieux lyon,transactional,local-listing,quartier-intramuros,peintre,aucun,27,low,/lyon/vieux-lyon/peintre,a-creer,4,T3-longue-traine,non,"Quartier Lyon (8,000hab) - tres longue traine"
menuisier vieux lyon,transactional,local-listing,quartier-intramuros,menuisier,aucun,27,low,/lyon/vieux-lyon/menuisier,a-creer,4,T3-longue-traine,non,"Quartier Lyon (8,000hab) - tres longue traine"
peintre confluence,transactional,local-listing,quartier-intramuros,peintre,aucun,27,low,/lyon/confluence/peintre,a-creer,4,T3-longue-traine,non,"Quartier Lyon (8,000hab) - tres longue traine"
menuisier confluence,transactional,local-listing,quartier-intramuros,menuisier,aucun,27,low,/lyon/confluence/menuisier,a-creer,4,T3-longue-traine,non,"Quartier Lyon (8,000hab) - tres longue traine"
peintre foch,transactional,local-listing,quartier-intramuros,peintre,aucun,27,low,/lyon/foch/peintre,a-creer,4,T3-longue-traine,non,"Quartier Lyon (8,000hab) - tres longue traine"
menuisier foch,transactional,local-listing,quartier-intramuros,menuisier,aucun,27,low,/lyon/foch/menuisier,a-creer,4,T3-longue-traine,non,"Quartier Lyon (8,000hab) - tres longue traine"
peintre saint rambert,transactional,local-listing,quartier-intramuros,peintre,aucun,27,low,/lyon/saint-rambert/peintre,a-creer,4,T3-longue-traine,non,"Quartier Lyon (8,000hab) - tres longue traine"
menuisier saint rambert,transactional,local-listing,quartier-intramuros,menuisier,aucun,27,low,/lyon/saint-rambert/menuisier,a-creer,4,T3-longue-traine,non,"Quartier Lyon (8,000hab) - tres longue traine"
peintre point du jour,transactional,local-listing,quartier-intramuros,peintre,aucun,27,low,/lyon/point-du-jour/peintre,a-creer,4,T3-longue-traine,non,"Quartier Lyon (8,000hab) - tres longue traine"
menuisier point du jour,transactional,local-listing,quartier-intramuros,menuisier,aucun,27,low,/lyon/point-du-jour/menuisier,a-creer,4,T3-longue-traine,non,"Quartier Lyon (8,000hab) - tres longue traine"
carreleur anse,transactional,local-listing,commune-bassin,carreleur,aucun,27,low,/lyon/anse/carreleur,a-creer,4,T3-longue-traine,non,"Bassin petite (8,400hab) - longue traine, faible vol"
chauffagiste anse,transactional,local-listing,commune-bassin,chauffagiste,aucun,27,low,/lyon/anse/chauffagiste,a-creer,4,T3-longue-traine,non,"Bassin petite (8,400hab) - longue traine, faible vol"
peintre heyrieux,transactional,local-listing,commune-bassin,peintre,aucun,27,low,/lyon/heyrieux/peintre,a-creer,4,T3-longue-traine,non,"Bassin petite (5,100hab) - longue traine, faible vol"
menuisier heyrieux,transactional,local-listing,commune-bassin,menuisier,aucun,27,low,/lyon/heyrieux/menuisier,a-creer,4,T3-longue-traine,non,"Bassin petite (5,100hab) - longue traine, faible vol"
plombier thoiry,transactional,local-listing,commune-banlieue,plombier,aucun,26,low,/chambery/thoiry/plombier,a-creer,4,T3-longue-traine,non,Couverture geographique exhaustive
carreleur pontcharra,transactional,local-listing,commune-bassin,carreleur,aucun,26,low,/chambery/pontcharra/carreleur,a-creer,4,T3-longue-traine,non,"Bassin petite (7,200hab) - longue traine, faible vol"
chauffagiste pontcharra,transactional,local-listing,commune-bassin,chauffagiste,aucun,26,low,/chambery/pontcharra/chauffagiste,a-creer,4,T3-longue-traine,non,"Bassin petite (7,200hab) - longue traine, faible vol"
electricien la bridoire,transactional,local-listing,commune-bassin,electricien,aucun,26,low,/chambery/la-bridoire/electricien,a-creer,4,T3-longue-traine,non,"Bassin petite (800hab) - longue traine, faible vol"
peintre ile verte,transactional,local-listing,quartier-intramuros,peintre,aucun,26,low,/grenoble/ile-verte/peintre,a-creer,4,T3-longue-traine,non,"Quartier Grenoble (7,000hab) - tres longue traine"
menuisier ile verte,transactional,local-listing,quartier-intramuros,menuisier,aucun,26,low,/grenoble/ile-verte/menuisier,a-creer,4,T3-longue-traine,non,"Quartier Grenoble (7,000hab) - tres longue traine"
electricien pont en royans,transactional,local-listing,commune-bassin,electricien,aucun,26,low,/grenoble/pont-en-royans/electricien,a-creer,4,T3-longue-traine,non,"Bassin petite (850hab) - longue traine, faible vol"
peintre pont de cheruy,transactional,local-listing,commune-bassin,peintre,aucun,26,low,/lyon/pont-de-cheruy/peintre,a-creer,4,T3-longue-traine,non,"Bassin petite (4,700hab) - longue traine, faible vol"
menuisier pont de cheruy,transactional,local-listing,commune-bassin,menuisier,aucun,26,low,/lyon/pont-de-cheruy/menuisier,a-creer,4,T3-longue-traine,non,"Bassin petite (4,700hab) - longue traine, faible vol"
peintre communay,transactional,local-listing,commune-bassin,peintre,aucun,26,low,/lyon/communay/peintre,a-creer,4,T3-longue-traine,non,"Bassin petite (4,600hab) - longue traine, faible vol"
menuisier communay,transactional,local-listing,commune-bassin,menuisier,aucun,26,low,/lyon/communay/menuisier,a-creer,4,T3-longue-traine,non,"Bassin petite (4,600hab) - longue traine, faible vol"
peintre pusignan,transactional,local-listing,commune-bassin,peintre,aucun,26,low,/lyon/pusignan/peintre,a-creer,4,T3-longue-traine,non,"Bassin petite (4,800hab) - longue traine, faible vol"
menuisier pusignan,transactional,local-listing,commune-bassin,menuisier,aucun,26,low,/lyon/pusignan/menuisier,a-creer,4,T3-longue-traine,non,"Bassin petite (4,800hab) - longue traine, faible vol"
peintre villette d anthon,transactional,local-listing,commune-bassin,peintre,aucun,26,low,/lyon/villette-d-anthon/peintre,a-creer,4,T3-longue-traine,non,"Bassin petite (4,700hab) - longue traine, faible vol"
menuisier villette d anthon,transactional,local-listing,commune-bassin,menuisier,aucun,26,low,/lyon/villette-d-anthon/menuisier,a-creer,4,T3-longue-traine,non,"Bassin petite (4,700hab) - longue traine, faible vol"
peintre centre ville,transactional,local-listing,quartier-intramuros,peintre,aucun,26,low,/valence/centre-ville/peintre,a-creer,4,T3-longue-traine,non,"Quartier Valence (7,000hab) - tres longue traine"
menuisier centre ville,transactional,local-listing,quartier-intramuros,menuisier,aucun,26,low,/valence/centre-ville/menuisier,a-creer,4,T3-longue-traine,non,"Quartier Valence (7,000hab) - tres longue traine"
peintre die,transactional,local-listing,commune-bassin,peintre,aucun,26,low,/valence/die/peintre,a-creer,4,T3-longue-traine,non,"Bassin petite (4,600hab) - longue traine, faible vol"
menuisier die,transactional,local-listing,commune-bassin,menuisier,aucun,26,low,/valence/die/menuisier,a-creer,4,T3-longue-traine,non,"Bassin petite (4,600hab) - longue traine, faible vol"
electricien pre de l ane,transactional,local-listing,quartier-intramuros,electricien,aucun,25,low,/chambery/pre-de-l-ane/electricien,a-creer,4,T3-longue-traine,non,"Quartier Chambéry (1,200hab) - tres longue traine"
plombier la thuile,transactional,local-listing,commune-banlieue,plombier,aucun,25,low,/chambery/la-thuile/plombier,a-creer,4,T3-longue-traine,non,Couverture geographique exhaustive
electricien le chatelard,transactional,local-listing,commune-bassin,electricien,aucun,25,low,/chambery/le-chatelard/electricien,a-creer,4,T3-longue-traine,non,"Bassin petite (750hab) - longue traine, faible vol"
electricien charvonnex,transactional,local-listing,commune-banlieue,electricien,aucun,25,low,/annecy/charvonnex/electricien,a-creer,4,T3-longue-traine,non,Couverture geographique exhaustive
peintre abbaye,transactional,local-listing,quartier-intramuros,peintre,aucun,25,low,/grenoble/abbaye/peintre,a-creer,4,T3-longue-traine,non,"Quartier Grenoble (6,500hab) - tres longue traine"
menuisier abbaye,transactional,local-listing,quartier-intramuros,menuisier,aucun,25,low,/grenoble/abbaye/menuisier,a-creer,4,T3-longue-traine,non,"Quartier Grenoble (6,500hab) - tres longue traine"
peintre allevard,transactional,local-listing,commune-bassin,peintre,aucun,25,low,/grenoble/allevard/peintre,a-creer,4,T3-longue-traine,non,"Bassin petite (4,200hab) - longue traine, faible vol"
menuisier allevard,transactional,local-listing,commune-bassin,menuisier,aucun,25,low,/grenoble/allevard/menuisier,a-creer,4,T3-longue-traine,non,"Bassin petite (4,200hab) - longue traine, faible vol"
peintre villard de lans,transactional,local-listing,commune-bassin,peintre,aucun,25,low,/grenoble/villard-de-lans/peintre,a-creer,4,T3-longue-traine,non,"Bassin petite (4,100hab) - longue traine, faible vol"
menuisier villard de lans,transactional,local-listing,commune-bassin,menuisier,aucun,25,low,/grenoble/villard-de-lans/menuisier,a-creer,4,T3-longue-traine,non,"Bassin petite (4,100hab) - longue traine, faible vol"
peintre vinay,transactional,local-listing,commune-bassin,peintre,aucun,25,low,/grenoble/vinay/peintre,a-creer,4,T3-longue-traine,non,"Bassin petite (4,100hab) - longue traine, faible vol"
menuisier vinay,transactional,local-listing,commune-bassin,menuisier,aucun,25,low,/grenoble/vinay/menuisier,a-creer,4,T3-longue-traine,non,"Bassin petite (4,100hab) - longue traine, faible vol"
peintre champvert,transactional,local-listing,quartier-intramuros,peintre,aucun,25,low,/lyon/champvert/peintre,a-creer,4,T3-longue-traine,non,"Quartier Lyon (6,500hab) - tres longue traine"
menuisier champvert,transactional,local-listing,quartier-intramuros,menuisier,aucun,25,low,/lyon/champvert/menuisier,a-creer,4,T3-longue-traine,non,"Quartier Lyon (6,500hab) - tres longue traine"
carreleur saint symphorien d ozon,transactional,local-listing,commune-bassin,carreleur,aucun,25,low,/lyon/saint-symphorien-d-ozon/carreleur,a-creer,4,T3-longue-traine,non,"Bassin petite (6,600hab) - longue traine, faible vol"
chauffagiste saint symphorien d ozon,transactional,local-listing,commune-bassin,chauffagiste,aucun,25,low,/lyon/saint-symphorien-d-ozon/chauffagiste,a-creer,4,T3-longue-traine,non,"Bassin petite (6,600hab) - longue traine, faible vol"
carreleur jonage,transactional,local-listing,commune-bassin,carreleur,aucun,25,low,/lyon/jonage/carreleur,a-creer,4,T3-longue-traine,non,"Bassin petite (6,700hab) - longue traine, faible vol"
chauffagiste jonage,transactional,local-listing,commune-bassin,chauffagiste,aucun,25,low,/lyon/jonage/chauffagiste,a-creer,4,T3-longue-traine,non,"Bassin petite (6,700hab) - longue traine, faible vol"
peintre polygone,transactional,local-listing,quartier-intramuros,peintre,aucun,25,low,/valence/polygone/peintre,a-creer,4,T3-longue-traine,non,"Quartier Valence (6,500hab) - tres longue traine"
menuisier polygone,transactional,local-listing,quartier-intramuros,menuisier,aucun,25,low,/valence/polygone/menuisier,a-creer,4,T3-longue-traine,non,"Quartier Valence (6,500hab) - tres longue traine"
peintre fontbarlettes,transactional,local-listing,quartier-intramuros,peintre,aucun,25,low,/valence/fontbarlettes/peintre,a-creer,4,T3-longue-traine,non,"Quartier Valence (6,800hab) - tres longue traine"
menuisier fontbarlettes,transactional,local-listing,quartier-intramuros,menuisier,aucun,25,low,/valence/fontbarlettes/menuisier,a-creer,4,T3-longue-traine,non,"Quartier Valence (6,800hab) - tres longue traine"
cout muret cloture,informational,prix-tarif,national,macon,prix,25,medium,/prix/macon/muret,a-creer,4,T3-longue-traine,oui,Synonyme cout - capture verbatim utilisateur
peintre centre ville,transactional,local-listing,quartier-intramuros,peintre,aucun,24,low,/chambery/centre-ville/peintre,a-creer,4,T3-longue-traine,non,"Quartier Chambéry (6,000hab) - tres longue traine"
menuisier centre ville,transactional,local-listing,quartier-intramuros,menuisier,aucun,24,low,/chambery/centre-ville/menuisier,a-creer,4,T3-longue-traine,non,"Quartier Chambéry (6,000hab) - tres longue traine"
electricien saint jeoire prieure,transactional,local-listing,commune-banlieue,electricien,aucun,24,low,/chambery/saint-jeoire-prieure/electricien,a-creer,4,T3-longue-traine,non,Couverture geographique exhaustive
electricien saint sulpice,transactional,local-listing,commune-banlieue,electricien,aucun,24,low,/chambery/saint-sulpice/electricien,a-creer,4,T3-longue-traine,non,Couverture geographique exhaustive
electricien montagnole,transactional,local-listing,commune-banlieue,electricien,aucun,24,low,/chambery/montagnole/electricien,a-creer,4,T3-longue-traine,non,Couverture geographique exhaustive
plombier curienne,transactional,local-listing,commune-banlieue,plombier,aucun,24,low,/chambery/curienne/plombier,a-creer,4,T3-longue-traine,non,Couverture geographique exhaustive
peintre montmelian,transactional,local-listing,commune-bassin,peintre,aucun,24,low,/chambery/montmelian/peintre,a-creer,4,T3-longue-traine,non,"Bassin petite (4,000hab) - longue traine, faible vol"
menuisier montmelian,transactional,local-listing,commune-bassin,menuisier,aucun,24,low,/chambery/montmelian/menuisier,a-creer,4,T3-longue-traine,non,"Bassin petite (4,000hab) - longue traine, faible vol"
peintre saint pierre d albigny,transactional,local-listing,commune-bassin,peintre,aucun,24,low,/chambery/saint-pierre-d-albigny/peintre,a-creer,4,T3-longue-traine,non,"Bassin petite (4,000hab) - longue traine, faible vol"
menuisier saint pierre d albigny,transactional,local-listing,commune-bassin,menuisier,aucun,24,low,/chambery/saint-pierre-d-albigny/menuisier,a-creer,4,T3-longue-traine,non,"Bassin petite (4,000hab) - longue traine, faible vol"
peintre novel,transactional,local-listing,quartier-intramuros,peintre,aucun,24,low,/annecy/novel/peintre,a-creer,4,T3-longue-traine,non,"Quartier Annecy (6,000hab) - tres longue traine"
menuisier novel,transactional,local-listing,quartier-intramuros,menuisier,aucun,24,low,/annecy/novel/menuisier,a-creer,4,T3-longue-traine,non,"Quartier Annecy (6,000hab) - tres longue traine"
electricien montagny les lanches,transactional,local-listing,commune-banlieue,electricien,aucun,24,low,/annecy/montagny-les-lanches/electricien,a-creer,4,T3-longue-traine,non,Couverture geographique exhaustive
electricien naves parmelan,transactional,local-listing,commune-banlieue,electricien,aucun,24,low,/annecy/naves-parmelan/electricien,a-creer,4,T3-longue-traine,non,Couverture geographique exhaustive
peintre notre dame,transactional,local-listing,quartier-intramuros,peintre,aucun,24,low,/grenoble/notre-dame/peintre,a-creer,4,T3-longue-traine,non,"Quartier Grenoble (6,000hab) - tres longue traine"
menuisier notre dame,transactional,local-listing,quartier-intramuros,menuisier,aucun,24,low,/grenoble/notre-dame/menuisier,a-creer,4,T3-longue-traine,non,"Quartier Grenoble (6,000hab) - tres longue traine"
peintre saint bruno,transactional,local-listing,quartier-intramuros,peintre,aucun,24,low,/grenoble/saint-bruno/peintre,a-creer,4,T3-longue-traine,non,"Quartier Grenoble (6,000hab) - tres longue traine"
menuisier saint bruno,transactional,local-listing,quartier-intramuros,menuisier,aucun,24,low,/grenoble/saint-bruno/menuisier,a-creer,4,T3-longue-traine,non,"Quartier Grenoble (6,000hab) - tres longue traine"
peintre capuche,transactional,local-listing,quartier-intramuros,peintre,aucun,24,low,/grenoble/capuche/peintre,a-creer,4,T3-longue-traine,non,"Quartier Grenoble (6,000hab) - tres longue traine"
menuisier capuche,transactional,local-listing,quartier-intramuros,menuisier,aucun,24,low,/grenoble/capuche/menuisier,a-creer,4,T3-longue-traine,non,"Quartier Grenoble (6,000hab) - tres longue traine"
peintre bajatiere,transactional,local-listing,quartier-intramuros,peintre,aucun,24,low,/grenoble/bajatiere/peintre,a-creer,4,T3-longue-traine,non,"Quartier Grenoble (6,000hab) - tres longue traine"
menuisier bajatiere,transactional,local-listing,quartier-intramuros,menuisier,aucun,24,low,/grenoble/bajatiere/menuisier,a-creer,4,T3-longue-traine,non,"Quartier Grenoble (6,000hab) - tres longue traine"
peintre teisseire,transactional,local-listing,quartier-intramuros,peintre,aucun,24,low,/grenoble/teisseire/peintre,a-creer,4,T3-longue-traine,non,"Quartier Grenoble (6,000hab) - tres longue traine"
menuisier teisseire,transactional,local-listing,quartier-intramuros,menuisier,aucun,24,low,/grenoble/teisseire/menuisier,a-creer,4,T3-longue-traine,non,"Quartier Grenoble (6,000hab) - tres longue traine"
peintre bellecour,transactional,local-listing,quartier-intramuros,peintre,aucun,24,low,/lyon/bellecour/peintre,a-creer,4,T3-longue-traine,non,"Quartier Lyon (6,000hab) - tres longue traine"
menuisier bellecour,transactional,local-listing,quartier-intramuros,menuisier,aucun,24,low,/lyon/bellecour/menuisier,a-creer,4,T3-longue-traine,non,"Quartier Lyon (6,000hab) - tres longue traine"
peintre saint just,transactional,local-listing,quartier-intramuros,peintre,aucun,24,low,/lyon/saint-just/peintre,a-creer,4,T3-longue-traine,non,"Quartier Lyon (6,000hab) - tres longue traine"
menuisier saint just,transactional,local-listing,quartier-intramuros,menuisier,aucun,24,low,/lyon/saint-just/menuisier,a-creer,4,T3-longue-traine,non,"Quartier Lyon (6,000hab) - tres longue traine"
carreleur mornant,transactional,local-listing,commune-bassin,carreleur,aucun,24,low,/lyon/mornant/carreleur,a-creer,4,T3-longue-traine,non,"Bassin petite (6,200hab) - longue traine, faible vol"
chauffagiste mornant,transactional,local-listing,commune-bassin,chauffagiste,aucun,24,low,/lyon/mornant/chauffagiste,a-creer,4,T3-longue-traine,non,"Bassin petite (6,200hab) - longue traine, faible vol"
carreleur saint laurent de mure,transactional,local-listing,commune-bassin,carreleur,aucun,24,low,/lyon/saint-laurent-de-mure/carreleur,a-creer,4,T3-longue-traine,non,"Bassin petite (6,200hab) - longue traine, faible vol"
chauffagiste saint laurent de mure,transactional,local-listing,commune-bassin,chauffagiste,aucun,24,low,/lyon/saint-laurent-de-mure/chauffagiste,a-creer,4,T3-longue-traine,non,"Bassin petite (6,200hab) - longue traine, faible vol"
peintre mistral,transactional,local-listing,quartier-intramuros,peintre,aucun,23,low,/grenoble/mistral/peintre,a-creer,4,T3-longue-traine,non,"Quartier Grenoble (5,500hab) - tres longue traine"
menuisier mistral,transactional,local-listing,quartier-intramuros,menuisier,aucun,23,low,/grenoble/mistral/menuisier,a-creer,4,T3-longue-traine,non,"Quartier Grenoble (5,500hab) - tres longue traine"
peintre vigny musset,transactional,local-listing,quartier-intramuros,peintre,aucun,23,low,/grenoble/vigny-musset/peintre,a-creer,4,T3-longue-traine,non,"Quartier Grenoble (5,500hab) - tres longue traine"
menuisier vigny musset,transactional,local-listing,quartier-intramuros,menuisier,aucun,23,low,/grenoble/vigny-musset/menuisier,a-creer,4,T3-longue-traine,non,"Quartier Grenoble (5,500hab) - tres longue traine"
peintre menival,transactional,local-listing,quartier-intramuros,peintre,aucun,23,low,/lyon/menival/peintre,a-creer,4,T3-longue-traine,non,"Quartier Lyon (5,500hab) - tres longue traine"
menuisier menival,transactional,local-listing,quartier-intramuros,menuisier,aucun,23,low,/lyon/menival/menuisier,a-creer,4,T3-longue-traine,non,"Quartier Lyon (5,500hab) - tres longue traine"
macon chaponost,transactional,local-listing,commune-bassin,macon,aucun,23,low,/lyon/chaponost/macon,a-creer,4,T3-longue-traine,non,"Bassin petite (9,100hab) - longue traine, faible vol"
couvreur chaponost,transactional,local-listing,commune-bassin,couvreur,aucun,23,low,/lyon/chaponost/couvreur,a-creer,4,T3-longue-traine,non,"Bassin petite (9,100hab) - longue traine, faible vol"
peintre mistral,transactional,local-listing,quartier-intramuros,peintre,aucun,23,low,/valence/mistral/peintre,a-creer,4,T3-longue-traine,non,"Quartier Valence (5,200hab) - tres longue traine"
menuisier mistral,transactional,local-listing,quartier-intramuros,menuisier,aucun,23,low,/valence/mistral/menuisier,a-creer,4,T3-longue-traine,non,"Quartier Valence (5,200hab) - tres longue traine"
peintre montelimar 26200,transactional,local-listing,commune-bassin,peintre,aucun,23,low,/valence/montelimar/peintre,a-creer,4,T3-longue-traine,non,Variante avec code postal - signal local hyper-precis
menuisier montelimar 26200,transactional,local-listing,commune-bassin,menuisier,aucun,23,low,/valence/montelimar/menuisier,a-creer,4,T3-longue-traine,non,Variante avec code postal - signal local hyper-precis
peintre le biollay,transactional,local-listing,quartier-intramuros,peintre,aucun,22,low,/chambery/le-biollay/peintre,a-creer,4,T3-longue-traine,non,"Quartier Chambéry (5,000hab) - tres longue traine"
menuisier le biollay,transactional,local-listing,quartier-intramuros,menuisier,aucun,22,low,/chambery/le-biollay/menuisier,a-creer,4,T3-longue-traine,non,"Quartier Chambéry (5,000hab) - tres longue traine"
peintre barberaz,transactional,local-listing,commune-banlieue,peintre,aucun,22,low,/chambery/barberaz/peintre,a-creer,4,T3-longue-traine,non,Couverture geographique exhaustive
menuisier barberaz,transactional,local-listing,commune-banlieue,menuisier,aucun,22,low,/chambery/barberaz/menuisier,a-creer,4,T3-longue-traine,non,Couverture geographique exhaustive
plombier puygros,transactional,local-listing,commune-banlieue,plombier,aucun,22,low,/chambery/puygros/plombier,a-creer,4,T3-longue-traine,non,Couverture geographique exhaustive
peintre le pont de beauvoisin,transactional,local-listing,commune-bassin,peintre,aucun,22,low,/chambery/le-pont-de-beauvoisin/peintre,a-creer,4,T3-longue-traine,non,"Bassin petite (3,200hab) - longue traine, faible vol"
menuisier le pont de beauvoisin,transactional,local-listing,commune-bassin,menuisier,aucun,22,low,/chambery/le-pont-de-beauvoisin/menuisier,a-creer,4,T3-longue-traine,non,"Bassin petite (3,200hab) - longue traine, faible vol"
peintre yenne,transactional,local-listing,commune-bassin,peintre,aucun,22,low,/chambery/yenne/peintre,a-creer,4,T3-longue-traine,non,"Bassin petite (3,000hab) - longue traine, faible vol"
menuisier yenne,transactional,local-listing,commune-bassin,menuisier,aucun,22,low,/chambery/yenne/menuisier,a-creer,4,T3-longue-traine,non,"Bassin petite (3,000hab) - longue traine, faible vol"
peintre les romains,transactional,local-listing,quartier-intramuros,peintre,aucun,22,low,/annecy/les-romains/peintre,a-creer,4,T3-longue-traine,non,"Quartier Annecy (5,000hab) - tres longue traine"
menuisier les romains,transactional,local-listing,quartier-intramuros,menuisier,aucun,22,low,/annecy/les-romains/menuisier,a-creer,4,T3-longue-traine,non,"Quartier Annecy (5,000hab) - tres longue traine"
peintre annemasse 74100,transactional,local-listing,commune-bassin,peintre,aucun,22,low,/annecy/annemasse/peintre,a-creer,4,T3-longue-traine,non,Variante avec code postal - signal local hyper-precis
menuisier annemasse 74100,transactional,local-listing,commune-bassin,menuisier,aucun,22,low,/annecy/annemasse/menuisier,a-creer,4,T3-longue-traine,non,Variante avec code postal - signal local hyper-precis
peintre thonon les bains 74200,transactional,local-listing,commune-bassin,peintre,aucun,22,low,/annecy/thonon-les-bains/peintre,a-creer,4,T3-longue-traine,non,Variante avec code postal - signal local hyper-precis
menuisier thonon les bains 74200,transactional,local-listing,commune-bassin,menuisier,aucun,22,low,/annecy/thonon-les-bains/menuisier,a-creer,4,T3-longue-traine,non,Variante avec code postal - signal local hyper-precis
macon evian les bains,transactional,local-listing,commune-bassin,macon,aucun,22,low,/annecy/evian-les-bains/macon,a-creer,4,T3-longue-traine,non,"Bassin petite (8,900hab) - longue traine, faible vol"
couvreur evian les bains,transactional,local-listing,commune-bassin,couvreur,aucun,22,low,/annecy/evian-les-bains/couvreur,a-creer,4,T3-longue-traine,non,"Bassin petite (8,900hab) - longue traine, faible vol"
peintre malherbe,transactional,local-listing,quartier-intramuros,peintre,aucun,22,low,/grenoble/malherbe/peintre,a-creer,4,T3-longue-traine,non,"Quartier Grenoble (5,000hab) - tres longue traine"
menuisier malherbe,transactional,local-listing,quartier-intramuros,menuisier,aucun,22,low,/grenoble/malherbe/menuisier,a-creer,4,T3-longue-traine,non,"Quartier Grenoble (5,000hab) - tres longue traine"
peintre autrans meaudre en vercors,transactional,local-listing,commune-bassin,peintre,aucun,22,low,/grenoble/autrans-meaudre-en-vercors/peintre,a-creer,4,T3-longue-traine,non,"Bassin petite (3,100hab) - longue traine, faible vol"
menuisier autrans meaudre en vercors,transactional,local-listing,commune-bassin,menuisier,aucun,22,low,/grenoble/autrans-meaudre-en-vercors/menuisier,a-creer,4,T3-longue-traine,non,"Bassin petite (3,100hab) - longue traine, faible vol"
carreleur la mure,transactional,local-listing,commune-bassin,carreleur,aucun,22,low,/grenoble/la-mure/carreleur,a-creer,4,T3-longue-traine,non,"Bassin petite (5,100hab) - longue traine, faible vol"
chauffagiste la mure,transactional,local-listing,commune-bassin,chauffagiste,aucun,22,low,/grenoble/la-mure/chauffagiste,a-creer,4,T3-longue-traine,non,"Bassin petite (5,100hab) - longue traine, faible vol"
peintre bourg d oisans,transactional,local-listing,commune-bassin,peintre,aucun,22,low,/grenoble/bourg-d-oisans/peintre,a-creer,4,T3-longue-traine,non,"Bassin petite (3,100hab) - longue traine, faible vol"
menuisier bourg d oisans,transactional,local-listing,commune-bassin,menuisier,aucun,22,low,/grenoble/bourg-d-oisans/menuisier,a-creer,4,T3-longue-traine,non,"Bassin petite (3,100hab) - longue traine, faible vol"
carreleur vieux lyon,transactional,local-listing,quartier-intramuros,carreleur,aucun,22,low,/lyon/vieux-lyon/carreleur,a-creer,4,T3-longue-traine,non,"Quartier Lyon (8,000hab) - tres longue traine"
chauffagiste vieux lyon,transactional,local-listing,quartier-intramuros,chauffagiste,aucun,22,low,/lyon/vieux-lyon/chauffagiste,a-creer,4,T3-longue-traine,non,"Quartier Lyon (8,000hab) - tres longue traine"
carreleur confluence,transactional,local-listing,quartier-intramuros,carreleur,aucun,22,low,/lyon/confluence/carreleur,a-creer,4,T3-longue-traine,non,"Quartier Lyon (8,000hab) - tres longue traine"
chauffagiste confluence,transactional,local-listing,quartier-intramuros,chauffagiste,aucun,22,low,/lyon/confluence/chauffagiste,a-creer,4,T3-longue-traine,non,"Quartier Lyon (8,000hab) - tres longue traine"
peintre perrache,transactional,local-listing,quartier-intramuros,peintre,aucun,22,low,/lyon/perrache/peintre,a-creer,4,T3-longue-traine,non,"Quartier Lyon (5,000hab) - tres longue traine"
menuisier perrache,transactional,local-listing,quartier-intramuros,menuisier,aucun,22,low,/lyon/perrache/menuisier,a-creer,4,T3-longue-traine,non,"Quartier Lyon (5,000hab) - tres longue traine"
carreleur foch,transactional,local-listing,quartier-intramuros,carreleur,aucun,22,low,/lyon/foch/carreleur,a-creer,4,T3-longue-traine,non,"Quartier Lyon (8,000hab) - tres longue traine"
chauffagiste foch,transactional,local-listing,quartier-intramuros,chauffagiste,aucun,22,low,/lyon/foch/chauffagiste,a-creer,4,T3-longue-traine,non,"Quartier Lyon (8,000hab) - tres longue traine"
carreleur saint rambert,transactional,local-listing,quartier-intramuros,carreleur,aucun,22,low,/lyon/saint-rambert/carreleur,a-creer,4,T3-longue-traine,non,"Quartier Lyon (8,000hab) - tres longue traine"
chauffagiste saint rambert,transactional,local-listing,quartier-intramuros,chauffagiste,aucun,22,low,/lyon/saint-rambert/chauffagiste,a-creer,4,T3-longue-traine,non,"Quartier Lyon (8,000hab) - tres longue traine"
peintre gorge de loup,transactional,local-listing,quartier-intramuros,peintre,aucun,22,low,/lyon/gorge-de-loup/peintre,a-creer,4,T3-longue-traine,non,"Quartier Lyon (5,000hab) - tres longue traine"
menuisier gorge de loup,transactional,local-listing,quartier-intramuros,menuisier,aucun,22,low,/lyon/gorge-de-loup/menuisier,a-creer,4,T3-longue-traine,non,"Quartier Lyon (5,000hab) - tres longue traine"
carreleur point du jour,transactional,local-listing,quartier-intramuros,carreleur,aucun,22,low,/lyon/point-du-jour/carreleur,a-creer,4,T3-longue-traine,non,"Quartier Lyon (8,000hab) - tres longue traine"
chauffagiste point du jour,transactional,local-listing,quartier-intramuros,chauffagiste,aucun,22,low,/lyon/point-du-jour/chauffagiste,a-creer,4,T3-longue-traine,non,"Quartier Lyon (8,000hab) - tres longue traine"
peintre charly,transactional,local-listing,commune-banlieue,peintre,aucun,22,low,/lyon/charly/peintre,a-creer,4,T3-longue-traine,non,Couverture geographique exhaustive
menuisier charly,transactional,local-listing,commune-banlieue,menuisier,aucun,22,low,/lyon/charly/menuisier,a-creer,4,T3-longue-traine,non,Couverture geographique exhaustive
peintre villefranche sur saone 69400,transactional,local-listing,commune-bassin,peintre,aucun,22,low,/lyon/villefranche-sur-saone/peintre,a-creer,4,T3-longue-traine,non,Variante avec code postal - signal local hyper-precis
menuisier villefranche sur saone 69400,transactional,local-listing,commune-bassin,menuisier,aucun,22,low,/lyon/villefranche-sur-saone/menuisier,a-creer,4,T3-longue-traine,non,Variante avec code postal - signal local hyper-precis
macon anse,transactional,local-listing,commune-bassin,macon,aucun,22,low,/lyon/anse/macon,a-creer,4,T3-longue-traine,non,"Bassin petite (8,400hab) - longue traine, faible vol"
couvreur anse,transactional,local-listing,commune-bassin,couvreur,aucun,22,low,/lyon/anse/couvreur,a-creer,4,T3-longue-traine,non,"Bassin petite (8,400hab) - longue traine, faible vol"
carreleur pont de cheruy,transactional,local-listing,commune-bassin,carreleur,aucun,22,low,/lyon/pont-de-cheruy/carreleur,a-creer,4,T3-longue-traine,non,"Bassin petite (4,700hab) - longue traine, faible vol"
chauffagiste pont de cheruy,transactional,local-listing,commune-bassin,chauffagiste,aucun,22,low,/lyon/pont-de-cheruy/chauffagiste,a-creer,4,T3-longue-traine,non,"Bassin petite (4,700hab) - longue traine, faible vol"
carreleur heyrieux,transactional,local-listing,commune-bassin,carreleur,aucun,22,low,/lyon/heyrieux/carreleur,a-creer,4,T3-longue-traine,non,"Bassin petite (5,100hab) - longue traine, faible vol"
chauffagiste heyrieux,transactional,local-listing,commune-bassin,chauffagiste,aucun,22,low,/lyon/heyrieux/chauffagiste,a-creer,4,T3-longue-traine,non,"Bassin petite (5,100hab) - longue traine, faible vol"
peintre serezin du rhone,transactional,local-listing,commune-bassin,peintre,aucun,22,low,/lyon/serezin-du-rhone/peintre,a-creer,4,T3-longue-traine,non,"Bassin petite (3,200hab) - longue traine, faible vol"
menuisier serezin du rhone,transactional,local-listing,commune-bassin,menuisier,aucun,22,low,/lyon/serezin-du-rhone/menuisier,a-creer,4,T3-longue-traine,non,"Bassin petite (3,200hab) - longue traine, faible vol"
carreleur pusignan,transactional,local-listing,commune-bassin,carreleur,aucun,22,low,/lyon/pusignan/carreleur,a-creer,4,T3-longue-traine,non,"Bassin petite (4,800hab) - longue traine, faible vol"
chauffagiste pusignan,transactional,local-listing,commune-bassin,chauffagiste,aucun,22,low,/lyon/pusignan/chauffagiste,a-creer,4,T3-longue-traine,non,"Bassin petite (4,800hab) - longue traine, faible vol"
carreleur villette d anthon,transactional,local-listing,commune-bassin,carreleur,aucun,22,low,/lyon/villette-d-anthon/carreleur,a-creer,4,T3-longue-traine,non,"Bassin petite (4,700hab) - longue traine, faible vol"
chauffagiste villette d anthon,transactional,local-listing,commune-bassin,chauffagiste,aucun,22,low,/lyon/villette-d-anthon/chauffagiste,a-creer,4,T3-longue-traine,non,"Bassin petite (4,700hab) - longue traine, faible vol"
peintre calvaire,transactional,local-listing,quartier-intramuros,peintre,aucun,22,low,/valence/calvaire/peintre,a-creer,4,T3-longue-traine,non,"Quartier Valence (5,000hab) - tres longue traine"
menuisier calvaire,transactional,local-listing,quartier-intramuros,menuisier,aucun,22,low,/valence/calvaire/menuisier,a-creer,4,T3-longue-traine,non,"Quartier Valence (5,000hab) - tres longue traine"
electricien thoiry,transactional,local-listing,commune-banlieue,electricien,aucun,21,low,/chambery/thoiry/electricien,a-creer,4,T3-longue-traine,non,Couverture geographique exhaustive
macon pontcharra,transactional,local-listing,commune-bassin,macon,aucun,21,low,/chambery/pontcharra/macon,a-creer,4,T3-longue-traine,non,"Bassin petite (7,200hab) - longue traine, faible vol"
couvreur pontcharra,transactional,local-listing,commune-bassin,couvreur,aucun,21,low,/chambery/pontcharra/couvreur,a-creer,4,T3-longue-traine,non,"Bassin petite (7,200hab) - longue traine, faible vol"
macon saint jean de maurienne,transactional,local-listing,commune-bassin,macon,aucun,21,low,/chambery/saint-jean-de-maurienne/macon,a-creer,4,T3-longue-traine,non,"Bassin petite (7,800hab) - longue traine, faible vol"
couvreur saint jean de maurienne,transactional,local-listing,commune-bassin,couvreur,aucun,21,low,/chambery/saint-jean-de-maurienne/couvreur,a-creer,4,T3-longue-traine,non,"Bassin petite (7,800hab) - longue traine, faible vol"
peintre teppes,transactional,local-listing,quartier-intramuros,peintre,aucun,21,low,/annecy/teppes/peintre,a-creer,4,T3-longue-traine,non,"Quartier Annecy (4,500hab) - tres longue traine"
menuisier teppes,transactional,local-listing,quartier-intramuros,menuisier,aucun,21,low,/annecy/teppes/menuisier,a-creer,4,T3-longue-traine,non,"Quartier Annecy (4,500hab) - tres longue traine"
peintre sevrier,transactional,local-listing,commune-banlieue,peintre,aucun,21,low,/annecy/sevrier/peintre,a-creer,4,T3-longue-traine,non,Couverture geographique exhaustive
menuisier sevrier,transactional,local-listing,commune-banlieue,menuisier,aucun,21,low,/annecy/sevrier/menuisier,a-creer,4,T3-longue-traine,non,Couverture geographique exhaustive
electricien quintal,transactional,local-listing,commune-banlieue,electricien,aucun,21,low,/annecy/quintal/electricien,a-creer,4,T3-longue-traine,non,Couverture geographique exhaustive
carreleur ile verte,transactional,local-listing,quartier-intramuros,carreleur,aucun,21,low,/grenoble/ile-verte/carreleur,a-creer,4,T3-longue-traine,non,"Quartier Grenoble (7,000hab) - tres longue traine"
chauffagiste ile verte,transactional,local-listing,quartier-intramuros,chauffagiste,aucun,21,low,/grenoble/ile-verte/chauffagiste,a-creer,4,T3-longue-traine,non,"Quartier Grenoble (7,000hab) - tres longue traine"
peintre allies alpins,transactional,local-listing,quartier-intramuros,peintre,aucun,21,low,/grenoble/allies-alpins/peintre,a-creer,4,T3-longue-traine,non,"Quartier Grenoble (4,500hab) - tres longue traine"
menuisier allies alpins,transactional,local-listing,quartier-intramuros,menuisier,aucun,21,low,/grenoble/allies-alpins/menuisier,a-creer,4,T3-longue-traine,non,"Quartier Grenoble (4,500hab) - tres longue traine"
carreleur abbaye,transactional,local-listing,quartier-intramuros,carreleur,aucun,21,low,/grenoble/abbaye/carreleur,a-creer,4,T3-longue-traine,non,"Quartier Grenoble (6,500hab) - tres longue traine"
chauffagiste abbaye,transactional,local-listing,quartier-intramuros,chauffagiste,aucun,21,low,/grenoble/abbaye/chauffagiste,a-creer,4,T3-longue-traine,non,"Quartier Grenoble (6,500hab) - tres longue traine"
peintre corenc,transactional,local-listing,commune-banlieue,peintre,aucun,21,low,/grenoble/corenc/peintre,a-creer,4,T3-longue-traine,non,Couverture geographique exhaustive
menuisier corenc,transactional,local-listing,commune-banlieue,menuisier,aucun,21,low,/grenoble/corenc/menuisier,a-creer,4,T3-longue-traine,non,Couverture geographique exhaustive
carreleur allevard,transactional,local-listing,commune-bassin,carreleur,aucun,21,low,/grenoble/allevard/carreleur,a-creer,4,T3-longue-traine,non,"Bassin petite (4,200hab) - longue traine, faible vol"
chauffagiste allevard,transactional,local-listing,commune-bassin,chauffagiste,aucun,21,low,/grenoble/allevard/chauffagiste,a-creer,4,T3-longue-traine,non,"Bassin petite (4,200hab) - longue traine, faible vol"
peintre lans en vercors,transactional,local-listing,commune-bassin,peintre,aucun,21,low,/grenoble/lans-en-vercors/peintre,a-creer,4,T3-longue-traine,non,"Bassin petite (2,700hab) - longue traine, faible vol"
menuisier lans en vercors,transactional,local-listing,commune-bassin,menuisier,aucun,21,low,/grenoble/lans-en-vercors/menuisier,a-creer,4,T3-longue-traine,non,"Bassin petite (2,700hab) - longue traine, faible vol"
carreleur villard de lans,transactional,local-listing,commune-bassin,carreleur,aucun,21,low,/grenoble/villard-de-lans/carreleur,a-creer,4,T3-longue-traine,non,"Bassin petite (4,100hab) - longue traine, faible vol"
chauffagiste villard de lans,transactional,local-listing,commune-bassin,chauffagiste,aucun,21,low,/grenoble/villard-de-lans/chauffagiste,a-creer,4,T3-longue-traine,non,"Bassin petite (4,100hab) - longue traine, faible vol"
carreleur vinay,transactional,local-listing,commune-bassin,carreleur,aucun,21,low,/grenoble/vinay/carreleur,a-creer,4,T3-longue-traine,non,"Bassin petite (4,100hab) - longue traine, faible vol"
chauffagiste vinay,transactional,local-listing,commune-bassin,chauffagiste,aucun,21,low,/grenoble/vinay/chauffagiste,a-creer,4,T3-longue-traine,non,"Bassin petite (4,100hab) - longue traine, faible vol"
carreleur champvert,transactional,local-listing,quartier-intramuros,carreleur,aucun,21,low,/lyon/champvert/carreleur,a-creer,4,T3-longue-traine,non,"Quartier Lyon (6,500hab) - tres longue traine"
chauffagiste champvert,transactional,local-listing,quartier-intramuros,chauffagiste,aucun,21,low,/lyon/champvert/chauffagiste,a-creer,4,T3-longue-traine,non,"Quartier Lyon (6,500hab) - tres longue traine"
peintre collonges au mont d or,transactional,local-listing,commune-banlieue,peintre,aucun,21,low,/lyon/collonges-au-mont-d-or/peintre,a-creer,4,T3-longue-traine,non,Couverture geographique exhaustive
menuisier collonges au mont d or,transactional,local-listing,commune-banlieue,menuisier,aucun,21,low,/lyon/collonges-au-mont-d-or/menuisier,a-creer,4,T3-longue-traine,non,Couverture geographique exhaustive
peintre la tour de salvagny,transactional,local-listing,commune-banlieue,peintre,aucun,21,low,/lyon/la-tour-de-salvagny/peintre,a-creer,4,T3-longue-traine,non,Couverture geographique exhaustive
menuisier la tour de salvagny,transactional,local-listing,commune-banlieue,menuisier,aucun,21,low,/lyon/la-tour-de-salvagny/menuisier,a-creer,4,T3-longue-traine,non,Couverture geographique exhaustive
carreleur communay,transactional,local-listing,commune-bassin,carreleur,aucun,21,low,/lyon/communay/carreleur,a-creer,4,T3-longue-traine,non,"Bassin petite (4,600hab) - longue traine, faible vol"
chauffagiste communay,transactional,local-listing,commune-bassin,chauffagiste,aucun,21,low,/lyon/communay/chauffagiste,a-creer,4,T3-longue-traine,non,"Bassin petite (4,600hab) - longue traine, faible vol"
carreleur centre ville,transactional,local-listing,quartier-intramuros,carreleur,aucun,21,low,/valence/centre-ville/carreleur,a-creer,4,T3-longue-traine,non,"Quartier Valence (7,000hab) - tres longue traine"
chauffagiste centre ville,transactional,local-listing,quartier-intramuros,chauffagiste,aucun,21,low,/valence/centre-ville/chauffagiste,a-creer,4,T3-longue-traine,non,"Quartier Valence (7,000hab) - tres longue traine"
carreleur polygone,transactional,local-listing,quartier-intramuros,carreleur,aucun,21,low,/valence/polygone/carreleur,a-creer,4,T3-longue-traine,non,"Quartier Valence (6,500hab) - tres longue traine"
chauffagiste polygone,transactional,local-listing,quartier-intramuros,chauffagiste,aucun,21,low,/valence/polygone/chauffagiste,a-creer,4,T3-longue-traine,non,"Quartier Valence (6,500hab) - tres longue traine"
carreleur fontbarlettes,transactional,local-listing,quartier-intramuros,carreleur,aucun,21,low,/valence/fontbarlettes/carreleur,a-creer,4,T3-longue-traine,non,"Quartier Valence (6,800hab) - tres longue traine"
chauffagiste fontbarlettes,transactional,local-listing,quartier-intramuros,chauffagiste,aucun,21,low,/valence/fontbarlettes/chauffagiste,a-creer,4,T3-longue-traine,non,"Quartier Valence (6,800hab) - tres longue traine"
peintre chamberliere,transactional,local-listing,quartier-intramuros,peintre,aucun,21,low,/valence/chamberliere/peintre,a-creer,4,T3-longue-traine,non,"Quartier Valence (4,500hab) - tres longue traine"
menuisier chamberliere,transactional,local-listing,quartier-intramuros,menuisier,aucun,21,low,/valence/chamberliere/menuisier,a-creer,4,T3-longue-traine,non,"Quartier Valence (4,500hab) - tres longue traine"
peintre hugo,transactional,local-listing,quartier-intramuros,peintre,aucun,21,low,/valence/hugo/peintre,a-creer,4,T3-longue-traine,non,"Quartier Valence (4,200hab) - tres longue traine"
menuisier hugo,transactional,local-listing,quartier-intramuros,menuisier,aucun,21,low,/valence/hugo/menuisier,a-creer,4,T3-longue-traine,non,"Quartier Valence (4,200hab) - tres longue traine"
peintre beaumont les valence,transactional,local-listing,commune-banlieue,peintre,aucun,21,low,/valence/beaumont-les-valence/peintre,a-creer,4,T3-longue-traine,non,Couverture geographique exhaustive
menuisier beaumont les valence,transactional,local-listing,commune-banlieue,menuisier,aucun,21,low,/valence/beaumont-les-valence/menuisier,a-creer,4,T3-longue-traine,non,Couverture geographique exhaustive
carreleur die,transactional,local-listing,commune-bassin,carreleur,aucun,21,low,/valence/die/carreleur,a-creer,4,T3-longue-traine,non,"Bassin petite (4,600hab) - longue traine, faible vol"
chauffagiste die,transactional,local-listing,commune-bassin,chauffagiste,aucun,21,low,/valence/die/chauffagiste,a-creer,4,T3-longue-traine,non,"Bassin petite (4,600hab) - longue traine, faible vol"
carreleur centre ville,transactional,local-listing,quartier-intramuros,carreleur,aucun,20,low,/chambery/centre-ville/carreleur,a-creer,4,T3-longue-traine,non,"Quartier Chambéry (6,000hab) - tres longue traine"
chauffagiste centre ville,transactional,local-listing,quartier-intramuros,chauffagiste,aucun,20,low,/chambery/centre-ville/chauffagiste,a-creer,4,T3-longue-traine,non,"Quartier Chambéry (6,000hab) - tres longue traine"
peintre vieille ville,transactional,local-listing,quartier-intramuros,peintre,aucun,20,low,/chambery/vieille-ville/peintre,a-creer,4,T3-longue-traine,non,"Quartier Chambéry (4,000hab) - tres longue traine"
menuisier vieille ville,transactional,local-listing,quartier-intramuros,menuisier,aucun,20,low,/chambery/vieille-ville/menuisier,a-creer,4,T3-longue-traine,non,"Quartier Chambéry (4,000hab) - tres longue traine"
peintre bassens,transactional,local-listing,commune-banlieue,peintre,aucun,20,low,/chambery/bassens/peintre,a-creer,4,T3-longue-traine,non,Couverture geographique exhaustive
menuisier bassens,transactional,local-listing,commune-banlieue,menuisier,aucun,20,low,/chambery/bassens/menuisier,a-creer,4,T3-longue-traine,non,Couverture geographique exhaustive
peintre jacob bellecombette,transactional,local-listing,commune-banlieue,peintre,aucun,20,low,/chambery/jacob-bellecombette/peintre,a-creer,4,T3-longue-traine,non,Couverture geographique exhaustive
menuisier jacob bellecombette,transactional,local-listing,commune-banlieue,menuisier,aucun,20,low,/chambery/jacob-bellecombette/menuisier,a-creer,4,T3-longue-traine,non,Couverture geographique exhaustive
electricien la thuile,transactional,local-listing,commune-banlieue,electricien,aucun,20,low,/chambery/la-thuile/electricien,a-creer,4,T3-longue-traine,non,Couverture geographique exhaustive
carreleur montmelian,transactional,local-listing,commune-bassin,carreleur,aucun,20,low,/chambery/montmelian/carreleur,a-creer,4,T3-longue-traine,non,"Bassin petite (4,000hab) - longue traine, faible vol"
chauffagiste montmelian,transactional,local-listing,commune-bassin,chauffagiste,aucun,20,low,/chambery/montmelian/chauffagiste,a-creer,4,T3-longue-traine,non,"Bassin petite (4,000hab) - longue traine, faible vol"
carreleur saint pierre d albigny,transactional,local-listing,commune-bassin,carreleur,aucun,20,low,/chambery/saint-pierre-d-albigny/carreleur,a-creer,4,T3-longue-traine,non,"Bassin petite (4,000hab) - longue traine, faible vol"
chauffagiste saint pierre d albigny,transactional,local-listing,commune-bassin,chauffagiste,aucun,20,low,/chambery/saint-pierre-d-albigny/chauffagiste,a-creer,4,T3-longue-traine,non,"Bassin petite (4,000hab) - longue traine, faible vol"
carreleur novel,transactional,local-listing,quartier-intramuros,carreleur,aucun,20,low,/annecy/novel/carreleur,a-creer,4,T3-longue-traine,non,"Quartier Annecy (6,000hab) - tres longue traine"
chauffagiste novel,transactional,local-listing,quartier-intramuros,chauffagiste,aucun,20,low,/annecy/novel/chauffagiste,a-creer,4,T3-longue-traine,non,"Quartier Annecy (6,000hab) - tres longue traine"
peintre pringy,transactional,local-listing,commune-banlieue,peintre,aucun,20,low,/annecy/pringy/peintre,a-creer,4,T3-longue-traine,non,Couverture geographique exhaustive
menuisier pringy,transactional,local-listing,commune-banlieue,menuisier,aucun,20,low,/annecy/pringy/menuisier,a-creer,4,T3-longue-traine,non,Couverture geographique exhaustive
peintre villaz,transactional,local-listing,commune-banlieue,peintre,aucun,20,low,/annecy/villaz/peintre,a-creer,4,T3-longue-traine,non,Couverture geographique exhaustive
menuisier villaz,transactional,local-listing,commune-banlieue,menuisier,aucun,20,low,/annecy/villaz/menuisier,a-creer,4,T3-longue-traine,non,Couverture geographique exhaustive
carreleur notre dame,transactional,local-listing,quartier-intramuros,carreleur,aucun,20,low,/grenoble/notre-dame/carreleur,a-creer,4,T3-longue-traine,non,"Quartier Grenoble (6,000hab) - tres longue traine"
chauffagiste notre dame,transactional,local-listing,quartier-intramuros,chauffagiste,aucun,20,low,/grenoble/notre-dame/chauffagiste,a-creer,4,T3-longue-traine,non,"Quartier Grenoble (6,000hab) - tres longue traine"
peintre saint laurent,transactional,local-listing,quartier-intramuros,peintre,aucun,20,low,/grenoble/saint-laurent/peintre,a-creer,4,T3-longue-traine,non,"Quartier Grenoble (4,000hab) - tres longue traine"
menuisier saint laurent,transactional,local-listing,quartier-intramuros,menuisier,aucun,20,low,/grenoble/saint-laurent/menuisier,a-creer,4,T3-longue-traine,non,"Quartier Grenoble (4,000hab) - tres longue traine"
peintre europole,transactional,local-listing,quartier-intramuros,peintre,aucun,20,low,/grenoble/europole/peintre,a-creer,4,T3-longue-traine,non,"Quartier Grenoble (4,000hab) - tres longue traine"
menuisier europole,transactional,local-listing,quartier-intramuros,menuisier,aucun,20,low,/grenoble/europole/menuisier,a-creer,4,T3-longue-traine,non,"Quartier Grenoble (4,000hab) - tres longue traine"
carreleur saint bruno,transactional,local-listing,quartier-intramuros,carreleur,aucun,20,low,/grenoble/saint-bruno/carreleur,a-creer,4,T3-longue-traine,non,"Quartier Grenoble (6,000hab) - tres longue traine"
chauffagiste saint bruno,transactional,local-listing,quartier-intramuros,chauffagiste,aucun,20,low,/grenoble/saint-bruno/chauffagiste,a-creer,4,T3-longue-traine,non,"Quartier Grenoble (6,000hab) - tres longue traine"
carreleur capuche,transactional,local-listing,quartier-intramuros,carreleur,aucun,20,low,/grenoble/capuche/carreleur,a-creer,4,T3-longue-traine,non,"Quartier Grenoble (6,000hab) - tres longue traine"
chauffagiste capuche,transactional,local-listing,quartier-intramuros,chauffagiste,aucun,20,low,/grenoble/capuche/chauffagiste,a-creer,4,T3-longue-traine,non,"Quartier Grenoble (6,000hab) - tres longue traine"
carreleur bajatiere,transactional,local-listing,quartier-intramuros,carreleur,aucun,20,low,/grenoble/bajatiere/carreleur,a-creer,4,T3-longue-traine,non,"Quartier Grenoble (6,000hab) - tres longue traine"
chauffagiste bajatiere,transactional,local-listing,quartier-intramuros,chauffagiste,aucun,20,low,/grenoble/bajatiere/chauffagiste,a-creer,4,T3-longue-traine,non,"Quartier Grenoble (6,000hab) - tres longue traine"
carreleur teisseire,transactional,local-listing,quartier-intramuros,carreleur,aucun,20,low,/grenoble/teisseire/carreleur,a-creer,4,T3-longue-traine,non,"Quartier Grenoble (6,000hab) - tres longue traine"
chauffagiste teisseire,transactional,local-listing,quartier-intramuros,chauffagiste,aucun,20,low,/grenoble/teisseire/chauffagiste,a-creer,4,T3-longue-traine,non,"Quartier Grenoble (6,000hab) - tres longue traine"
peintre saint martin,transactional,local-listing,quartier-intramuros,peintre,aucun,20,low,/grenoble/saint-martin/peintre,a-creer,4,T3-longue-traine,non,"Quartier Grenoble (4,000hab) - tres longue traine"
menuisier saint martin,transactional,local-listing,quartier-intramuros,menuisier,aucun,20,low,/grenoble/saint-martin/menuisier,a-creer,4,T3-longue-traine,non,"Quartier Grenoble (4,000hab) - tres longue traine"
peintre beauvert,transactional,local-listing,quartier-intramuros,peintre,aucun,20,low,/grenoble/beauvert/peintre,a-creer,4,T3-longue-traine,non,"Quartier Grenoble (4,000hab) - tres longue traine"
menuisier beauvert,transactional,local-listing,quartier-intramuros,menuisier,aucun,20,low,/grenoble/beauvert/menuisier,a-creer,4,T3-longue-traine,non,"Quartier Grenoble (4,000hab) - tres longue traine"
carreleur bellecour,transactional,local-listing,quartier-intramuros,carreleur,aucun,20,low,/lyon/bellecour/carreleur,a-creer,4,T3-longue-traine,non,"Quartier Lyon (6,000hab) - tres longue traine"
chauffagiste bellecour,transactional,local-listing,quartier-intramuros,chauffagiste,aucun,20,low,/lyon/bellecour/chauffagiste,a-creer,4,T3-longue-traine,non,"Quartier Lyon (6,000hab) - tres longue traine"
carreleur saint just,transactional,local-listing,quartier-intramuros,carreleur,aucun,20,low,/lyon/saint-just/carreleur,a-creer,4,T3-longue-traine,non,"Quartier Lyon (6,000hab) - tres longue traine"
chauffagiste saint just,transactional,local-listing,quartier-intramuros,chauffagiste,aucun,20,low,/lyon/saint-just/chauffagiste,a-creer,4,T3-longue-traine,non,"Quartier Lyon (6,000hab) - tres longue traine"
peintre fourviere,transactional,local-listing,quartier-intramuros,peintre,aucun,20,low,/lyon/fourviere/peintre,a-creer,4,T3-longue-traine,non,"Quartier Lyon (4,000hab) - tres longue traine"
menuisier fourviere,transactional,local-listing,quartier-intramuros,menuisier,aucun,20,low,/lyon/fourviere/menuisier,a-creer,4,T3-longue-traine,non,"Quartier Lyon (4,000hab) - tres longue traine"
peintre limonest,transactional,local-listing,commune-banlieue,peintre,aucun,20,low,/lyon/limonest/peintre,a-creer,4,T3-longue-traine,non,Couverture geographique exhaustive
menuisier limonest,transactional,local-listing,commune-banlieue,menuisier,aucun,20,low,/lyon/limonest/menuisier,a-creer,4,T3-longue-traine,non,Couverture geographique exhaustive
peintre marcy l etoile,transactional,local-listing,commune-banlieue,peintre,aucun,20,low,/lyon/marcy-l-etoile/peintre,a-creer,4,T3-longue-traine,non,Couverture geographique exhaustive
menuisier marcy l etoile,transactional,local-listing,commune-banlieue,menuisier,aucun,20,low,/lyon/marcy-l-etoile/menuisier,a-creer,4,T3-longue-traine,non,Couverture geographique exhaustive
peintre bourgoin jallieu 38300,transactional,local-listing,commune-bassin,peintre,aucun,20,low,/lyon/bourgoin-jallieu/peintre,a-creer,4,T3-longue-traine,non,Variante avec code postal - signal local hyper-precis
menuisier bourgoin jallieu 38300,transactional,local-listing,commune-bassin,menuisier,aucun,20,low,/lyon/bourgoin-jallieu/menuisier,a-creer,4,T3-longue-traine,non,Variante avec code postal - signal local hyper-precis
macon saint symphorien d ozon,transactional,local-listing,commune-bassin,macon,aucun,20,low,/lyon/saint-symphorien-d-ozon/macon,a-creer,4,T3-longue-traine,non,"Bassin petite (6,600hab) - longue traine, faible vol"
couvreur saint symphorien d ozon,transactional,local-listing,commune-bassin,couvreur,aucun,20,low,/lyon/saint-symphorien-d-ozon/couvreur,a-creer,4,T3-longue-traine,non,"Bassin petite (6,600hab) - longue traine, faible vol"
macon jonage,transactional,local-listing,commune-bassin,macon,aucun,20,low,/lyon/jonage/macon,a-creer,4,T3-longue-traine,non,"Bassin petite (6,700hab) - longue traine, faible vol"
couvreur jonage,transactional,local-listing,commune-bassin,couvreur,aucun,20,low,/lyon/jonage/couvreur,a-creer,4,T3-longue-traine,non,"Bassin petite (6,700hab) - longue traine, faible vol"
peintre le plan,transactional,local-listing,quartier-intramuros,peintre,aucun,20,low,/valence/le-plan/peintre,a-creer,4,T3-longue-traine,non,"Quartier Valence (3,800hab) - tres longue traine"
menuisier le plan,transactional,local-listing,quartier-intramuros,menuisier,aucun,20,low,/valence/le-plan/menuisier,a-creer,4,T3-longue-traine,non,"Quartier Valence (3,800hab) - tres longue traine"
peintre latour maubourg,transactional,local-listing,quartier-intramuros,peintre,aucun,20,low,/valence/latour-maubourg/peintre,a-creer,4,T3-longue-traine,non,"Quartier Valence (4,000hab) - tres longue traine"
menuisier latour maubourg,transactional,local-listing,quartier-intramuros,menuisier,aucun,20,low,/valence/latour-maubourg/menuisier,a-creer,4,T3-longue-traine,non,"Quartier Valence (4,000hab) - tres longue traine"
peintre montelier,transactional,local-listing,commune-banlieue,peintre,aucun,20,low,/valence/montelier/peintre,a-creer,4,T3-longue-traine,non,Couverture geographique exhaustive
menuisier montelier,transactional,local-listing,commune-banlieue,menuisier,aucun,20,low,/valence/montelier/menuisier,a-creer,4,T3-longue-traine,non,Couverture geographique exhaustive
peintre curial,transactional,local-listing,quartier-intramuros,peintre,aucun,19,low,/chambery/curial/peintre,a-creer,4,T3-longue-traine,non,"Quartier Chambéry (3,500hab) - tres longue traine"
menuisier curial,transactional,local-listing,quartier-intramuros,menuisier,aucun,19,low,/chambery/curial/menuisier,a-creer,4,T3-longue-traine,non,"Quartier Chambéry (3,500hab) - tres longue traine"
peintre faubourg mache,transactional,local-listing,quartier-intramuros,peintre,aucun,19,low,/chambery/faubourg-mache/peintre,a-creer,4,T3-longue-traine,non,"Quartier Chambéry (3,500hab) - tres longue traine"
menuisier faubourg mache,transactional,local-listing,quartier-intramuros,menuisier,aucun,19,low,/chambery/faubourg-mache/menuisier,a-creer,4,T3-longue-traine,non,"Quartier Chambéry (3,500hab) - tres longue traine"
peintre chambery le vieux,transactional,local-listing,quartier-intramuros,peintre,aucun,19,low,/chambery/chambery-le-vieux/peintre,a-creer,4,T3-longue-traine,non,"Quartier Chambéry (3,500hab) - tres longue traine"
menuisier chambery le vieux,transactional,local-listing,quartier-intramuros,menuisier,aucun,19,low,/chambery/chambery-le-vieux/menuisier,a-creer,4,T3-longue-traine,non,"Quartier Chambéry (3,500hab) - tres longue traine"
electricien curienne,transactional,local-listing,commune-banlieue,electricien,aucun,19,low,/chambery/curienne/electricien,a-creer,4,T3-longue-traine,non,Couverture geographique exhaustive
plombier verel pragondran,transactional,local-listing,commune-banlieue,plombier,aucun,19,low,/chambery/verel-pragondran/plombier,a-creer,4,T3-longue-traine,non,Couverture geographique exhaustive
carreleur le pont de beauvoisin,transactional,local-listing,commune-bassin,carreleur,aucun,19,low,/chambery/le-pont-de-beauvoisin/carreleur,a-creer,4,T3-longue-traine,non,"Bassin petite (3,200hab) - longue traine, faible vol"
chauffagiste le pont de beauvoisin,transactional,local-listing,commune-bassin,chauffagiste,aucun,19,low,/chambery/le-pont-de-beauvoisin/chauffagiste,a-creer,4,T3-longue-traine,non,"Bassin petite (3,200hab) - longue traine, faible vol"
peintre carnot,transactional,local-listing,quartier-intramuros,peintre,aucun,19,low,/annecy/carnot/peintre,a-creer,4,T3-longue-traine,non,"Quartier Annecy (3,500hab) - tres longue traine"
menuisier carnot,transactional,local-listing,quartier-intramuros,menuisier,aucun,19,low,/annecy/carnot/menuisier,a-creer,4,T3-longue-traine,non,"Quartier Annecy (3,500hab) - tres longue traine"
peintre vovray,transactional,local-listing,quartier-intramuros,peintre,aucun,19,low,/annecy/vovray/peintre,a-creer,4,T3-longue-traine,non,"Quartier Annecy (3,500hab) - tres longue traine"
menuisier vovray,transactional,local-listing,quartier-intramuros,menuisier,aucun,19,low,/annecy/vovray/menuisier,a-creer,4,T3-longue-traine,non,"Quartier Annecy (3,500hab) - tres longue traine"
plombier bluffy,transactional,local-listing,commune-banlieue,plombier,aucun,19,low,/annecy/bluffy/plombier,a-creer,4,T3-longue-traine,non,Couverture geographique exhaustive
peintre groisy,transactional,local-listing,commune-banlieue,peintre,aucun,19,low,/annecy/groisy/peintre,a-creer,4,T3-longue-traine,non,Couverture geographique exhaustive
menuisier groisy,transactional,local-listing,commune-banlieue,menuisier,aucun,19,low,/annecy/groisy/menuisier,a-creer,4,T3-longue-traine,non,Couverture geographique exhaustive
carreleur annemasse 74100,transactional,local-listing,commune-bassin,carreleur,aucun,19,low,/annecy/annemasse/carreleur,a-creer,4,T3-longue-traine,non,Variante avec code postal - signal local hyper-precis
chauffagiste annemasse 74100,transactional,local-listing,commune-bassin,chauffagiste,aucun,19,low,/annecy/annemasse/chauffagiste,a-creer,4,T3-longue-traine,non,Variante avec code postal - signal local hyper-precis
carreleur mistral,transactional,local-listing,quartier-intramuros,carreleur,aucun,19,low,/grenoble/mistral/carreleur,a-creer,4,T3-longue-traine,non,"Quartier Grenoble (5,500hab) - tres longue traine"
chauffagiste mistral,transactional,local-listing,quartier-intramuros,chauffagiste,aucun,19,low,/grenoble/mistral/chauffagiste,a-creer,4,T3-longue-traine,non,"Quartier Grenoble (5,500hab) - tres longue traine"
carreleur vigny musset,transactional,local-listing,quartier-intramuros,carreleur,aucun,19,low,/grenoble/vigny-musset/carreleur,a-creer,4,T3-longue-traine,non,"Quartier Grenoble (5,500hab) - tres longue traine"
chauffagiste vigny musset,transactional,local-listing,quartier-intramuros,chauffagiste,aucun,19,low,/grenoble/vigny-musset/chauffagiste,a-creer,4,T3-longue-traine,non,"Quartier Grenoble (5,500hab) - tres longue traine"
peintre bouchayer viallet,transactional,local-listing,quartier-intramuros,peintre,aucun,19,low,/grenoble/bouchayer-viallet/peintre,a-creer,4,T3-longue-traine,non,"Quartier Grenoble (3,500hab) - tres longue traine"
menuisier bouchayer viallet,transactional,local-listing,quartier-intramuros,menuisier,aucun,19,low,/grenoble/bouchayer-viallet/menuisier,a-creer,4,T3-longue-traine,non,"Quartier Grenoble (3,500hab) - tres longue traine"
carreleur menival,transactional,local-listing,quartier-intramuros,carreleur,aucun,19,low,/lyon/menival/carreleur,a-creer,4,T3-longue-traine,non,"Quartier Lyon (5,500hab) - tres longue traine"
chauffagiste menival,transactional,local-listing,quartier-intramuros,chauffagiste,aucun,19,low,/lyon/menival/chauffagiste,a-creer,4,T3-longue-traine,non,"Quartier Lyon (5,500hab) - tres longue traine"
carreleur serezin du rhone,transactional,local-listing,commune-bassin,carreleur,aucun,19,low,/lyon/serezin-du-rhone/carreleur,a-creer,4,T3-longue-traine,non,"Bassin petite (3,200hab) - longue traine, faible vol"
chauffagiste serezin du rhone,transactional,local-listing,commune-bassin,chauffagiste,aucun,19,low,/lyon/serezin-du-rhone/chauffagiste,a-creer,4,T3-longue-traine,non,"Bassin petite (3,200hab) - longue traine, faible vol"
macon mornant,transactional,local-listing,commune-bassin,macon,aucun,19,low,/lyon/mornant/macon,a-creer,4,T3-longue-traine,non,"Bassin petite (6,200hab) - longue traine, faible vol"
couvreur mornant,transactional,local-listing,commune-bassin,couvreur,aucun,19,low,/lyon/mornant/couvreur,a-creer,4,T3-longue-traine,non,"Bassin petite (6,200hab) - longue traine, faible vol"
macon saint laurent de mure,transactional,local-listing,commune-bassin,macon,aucun,19,low,/lyon/saint-laurent-de-mure/macon,a-creer,4,T3-longue-traine,non,"Bassin petite (6,200hab) - longue traine, faible vol"
couvreur saint laurent de mure,transactional,local-listing,commune-bassin,couvreur,aucun,19,low,/lyon/saint-laurent-de-mure/couvreur,a-creer,4,T3-longue-traine,non,"Bassin petite (6,200hab) - longue traine, faible vol"
peintre vieux valence,transactional,local-listing,quartier-intramuros,peintre,aucun,19,low,/valence/vieux-valence/peintre,a-creer,4,T3-longue-traine,non,"Quartier Valence (3,500hab) - tres longue traine"
menuisier vieux valence,transactional,local-listing,quartier-intramuros,menuisier,aucun,19,low,/valence/vieux-valence/menuisier,a-creer,4,T3-longue-traine,non,"Quartier Valence (3,500hab) - tres longue traine"
carreleur mistral,transactional,local-listing,quartier-intramuros,carreleur,aucun,19,low,/valence/mistral/carreleur,a-creer,4,T3-longue-traine,non,"Quartier Valence (5,200hab) - tres longue traine"
chauffagiste mistral,transactional,local-listing,quartier-intramuros,chauffagiste,aucun,19,low,/valence/mistral/chauffagiste,a-creer,4,T3-longue-traine,non,"Quartier Valence (5,200hab) - tres longue traine"
peintre saint nicolas,transactional,local-listing,quartier-intramuros,peintre,aucun,19,low,/valence/saint-nicolas/peintre,a-creer,4,T3-longue-traine,non,"Quartier Valence (3,500hab) - tres longue traine"
menuisier saint nicolas,transactional,local-listing,quartier-intramuros,menuisier,aucun,19,low,/valence/saint-nicolas/menuisier,a-creer,4,T3-longue-traine,non,"Quartier Valence (3,500hab) - tres longue traine"
peintre briffaut,transactional,local-listing,quartier-intramuros,peintre,aucun,19,low,/valence/briffaut/peintre,a-creer,4,T3-longue-traine,non,"Quartier Valence (3,200hab) - tres longue traine"
menuisier briffaut,transactional,local-listing,quartier-intramuros,menuisier,aucun,19,low,/valence/briffaut/menuisier,a-creer,4,T3-longue-traine,non,"Quartier Valence (3,200hab) - tres longue traine"
peintre chateauvert,transactional,local-listing,quartier-intramuros,peintre,aucun,19,low,/valence/chateauvert/peintre,a-creer,4,T3-longue-traine,non,"Quartier Valence (3,500hab) - tres longue traine"
menuisier chateauvert,transactional,local-listing,quartier-intramuros,menuisier,aucun,19,low,/valence/chateauvert/menuisier,a-creer,4,T3-longue-traine,non,"Quartier Valence (3,500hab) - tres longue traine"
peintre chateauneuf sur isere,transactional,local-listing,commune-banlieue,peintre,aucun,19,low,/valence/chateauneuf-sur-isere/peintre,a-creer,4,T3-longue-traine,non,Couverture geographique exhaustive
menuisier chateauneuf sur isere,transactional,local-listing,commune-banlieue,menuisier,aucun,19,low,/valence/chateauneuf-sur-isere/menuisier,a-creer,4,T3-longue-traine,non,Couverture geographique exhaustive
peintre malissard,transactional,local-listing,commune-banlieue,peintre,aucun,19,low,/valence/malissard/peintre,a-creer,4,T3-longue-traine,non,Couverture geographique exhaustive
menuisier malissard,transactional,local-listing,commune-banlieue,menuisier,aucun,19,low,/valence/malissard/menuisier,a-creer,4,T3-longue-traine,non,Couverture geographique exhaustive
carreleur montelimar 26200,transactional,local-listing,commune-bassin,carreleur,aucun,19,low,/valence/montelimar/carreleur,a-creer,4,T3-longue-traine,non,Variante avec code postal - signal local hyper-precis
chauffagiste montelimar 26200,transactional,local-listing,commune-bassin,chauffagiste,aucun,19,low,/valence/montelimar/chauffagiste,a-creer,4,T3-longue-traine,non,Variante avec code postal - signal local hyper-precis
peintre faubourg montmelian,transactional,local-listing,quartier-intramuros,peintre,aucun,18,low,/chambery/faubourg-montmelian/peintre,a-creer,4,T3-longue-traine,non,"Quartier Chambéry (3,000hab) - tres longue traine"
menuisier faubourg montmelian,transactional,local-listing,quartier-intramuros,menuisier,aucun,18,low,/chambery/faubourg-montmelian/menuisier,a-creer,4,T3-longue-traine,non,"Quartier Chambéry (3,000hab) - tres longue traine"
carreleur le biollay,transactional,local-listing,quartier-intramuros,carreleur,aucun,18,low,/chambery/le-biollay/carreleur,a-creer,4,T3-longue-traine,non,"Quartier Chambéry (5,000hab) - tres longue traine"
chauffagiste le biollay,transactional,local-listing,quartier-intramuros,chauffagiste,aucun,18,low,/chambery/le-biollay/chauffagiste,a-creer,4,T3-longue-traine,non,"Quartier Chambéry (5,000hab) - tres longue traine"
peintre merande,transactional,local-listing,quartier-intramuros,peintre,aucun,18,low,/chambery/merande/peintre,a-creer,4,T3-longue-traine,non,"Quartier Chambéry (3,000hab) - tres longue traine"
menuisier merande,transactional,local-listing,quartier-intramuros,menuisier,aucun,18,low,/chambery/merande/menuisier,a-creer,4,T3-longue-traine,non,"Quartier Chambéry (3,000hab) - tres longue traine"
peintre bissy,transactional,local-listing,quartier-intramuros,peintre,aucun,18,low,/chambery/bissy/peintre,a-creer,4,T3-longue-traine,non,"Quartier Chambéry (3,000hab) - tres longue traine"
menuisier bissy,transactional,local-listing,quartier-intramuros,menuisier,aucun,18,low,/chambery/bissy/menuisier,a-creer,4,T3-longue-traine,non,"Quartier Chambéry (3,000hab) - tres longue traine"
carreleur barberaz,transactional,local-listing,commune-banlieue,carreleur,aucun,18,low,/chambery/barberaz/carreleur,a-creer,4,T3-longue-traine,non,Couverture geographique exhaustive
chauffagiste barberaz,transactional,local-listing,commune-banlieue,chauffagiste,aucun,18,low,/chambery/barberaz/chauffagiste,a-creer,4,T3-longue-traine,non,Couverture geographique exhaustive
plombier les deserts,transactional,local-listing,commune-banlieue,plombier,aucun,18,low,/chambery/les-deserts/plombier,a-creer,4,T3-longue-traine,non,Couverture geographique exhaustive
electricien puygros,transactional,local-listing,commune-banlieue,electricien,aucun,18,low,/chambery/puygros/electricien,a-creer,4,T3-longue-traine,non,Couverture geographique exhaustive
carreleur yenne,transactional,local-listing,commune-bassin,carreleur,aucun,18,low,/chambery/yenne/carreleur,a-creer,4,T3-longue-traine,non,"Bassin petite (3,000hab) - longue traine, faible vol"
chauffagiste yenne,transactional,local-listing,commune-bassin,chauffagiste,aucun,18,low,/chambery/yenne/chauffagiste,a-creer,4,T3-longue-traine,non,"Bassin petite (3,000hab) - longue traine, faible vol"
peintre bonlieu,transactional,local-listing,quartier-intramuros,peintre,aucun,18,low,/annecy/bonlieu/peintre,a-creer,4,T3-longue-traine,non,"Quartier Annecy (3,000hab) - tres longue traine"
menuisier bonlieu,transactional,local-listing,quartier-intramuros,menuisier,aucun,18,low,/annecy/bonlieu/menuisier,a-creer,4,T3-longue-traine,non,"Quartier Annecy (3,000hab) - tres longue traine"
carreleur les romains,transactional,local-listing,quartier-intramuros,carreleur,aucun,18,low,/annecy/les-romains/carreleur,a-creer,4,T3-longue-traine,non,"Quartier Annecy (5,000hab) - tres longue traine"
chauffagiste les romains,transactional,local-listing,quartier-intramuros,chauffagiste,aucun,18,low,/annecy/les-romains/chauffagiste,a-creer,4,T3-longue-traine,non,"Quartier Annecy (5,000hab) - tres longue traine"
carreleur teppes,transactional,local-listing,quartier-intramuros,carreleur,aucun,18,low,/annecy/teppes/carreleur,a-creer,4,T3-longue-traine,non,"Quartier Annecy (4,500hab) - tres longue traine"
chauffagiste teppes,transactional,local-listing,quartier-intramuros,chauffagiste,aucun,18,low,/annecy/teppes/chauffagiste,a-creer,4,T3-longue-traine,non,"Quartier Annecy (4,500hab) - tres longue traine"
peintre loverchy,transactional,local-listing,quartier-intramuros,peintre,aucun,18,low,/annecy/loverchy/peintre,a-creer,4,T3-longue-traine,non,"Quartier Annecy (3,000hab) - tres longue traine"
menuisier loverchy,transactional,local-listing,quartier-intramuros,menuisier,aucun,18,low,/annecy/loverchy/menuisier,a-creer,4,T3-longue-traine,non,"Quartier Annecy (3,000hab) - tres longue traine"
peintre argonay,transactional,local-listing,commune-banlieue,peintre,aucun,18,low,/annecy/argonay/peintre,a-creer,4,T3-longue-traine,non,Couverture geographique exhaustive
menuisier argonay,transactional,local-listing,commune-banlieue,menuisier,aucun,18,low,/annecy/argonay/menuisier,a-creer,4,T3-longue-traine,non,Couverture geographique exhaustive
carreleur thonon les bains 74200,transactional,local-listing,commune-bassin,carreleur,aucun,18,low,/annecy/thonon-les-bains/carreleur,a-creer,4,T3-longue-traine,non,Variante avec code postal - signal local hyper-precis
chauffagiste thonon les bains 74200,transactional,local-listing,commune-bassin,chauffagiste,aucun,18,low,/annecy/thonon-les-bains/chauffagiste,a-creer,4,T3-longue-traine,non,Variante avec code postal - signal local hyper-precis
carreleur allies alpins,transactional,local-listing,quartier-intramuros,carreleur,aucun,18,low,/grenoble/allies-alpins/carreleur,a-creer,4,T3-longue-traine,non,"Quartier Grenoble (4,500hab) - tres longue traine"
chauffagiste allies alpins,transactional,local-listing,quartier-intramuros,chauffagiste,aucun,18,low,/grenoble/allies-alpins/chauffagiste,a-creer,4,T3-longue-traine,non,"Quartier Grenoble (4,500hab) - tres longue traine"
carreleur malherbe,transactional,local-listing,quartier-intramuros,carreleur,aucun,18,low,/grenoble/malherbe/carreleur,a-creer,4,T3-longue-traine,non,"Quartier Grenoble (5,000hab) - tres longue traine"
chauffagiste malherbe,transactional,local-listing,quartier-intramuros,chauffagiste,aucun,18,low,/grenoble/malherbe/chauffagiste,a-creer,4,T3-longue-traine,non,"Quartier Grenoble (5,000hab) - tres longue traine"
peintre presquile,transactional,local-listing,quartier-intramuros,peintre,aucun,18,low,/grenoble/presquile/peintre,a-creer,4,T3-longue-traine,non,"Quartier Grenoble (3,000hab) - tres longue traine"
menuisier presquile,transactional,local-listing,quartier-intramuros,menuisier,aucun,18,low,/grenoble/presquile/menuisier,a-creer,4,T3-longue-traine,non,"Quartier Grenoble (3,000hab) - tres longue traine"
peintre le fontanil cornillon,transactional,local-listing,commune-banlieue,peintre,aucun,18,low,/grenoble/le-fontanil-cornillon/peintre,a-creer,4,T3-longue-traine,non,Couverture geographique exhaustive
menuisier le fontanil cornillon,transactional,local-listing,commune-banlieue,menuisier,aucun,18,low,/grenoble/le-fontanil-cornillon/menuisier,a-creer,4,T3-longue-traine,non,Couverture geographique exhaustive
carreleur autrans meaudre en vercors,transactional,local-listing,commune-bassin,carreleur,aucun,18,low,/grenoble/autrans-meaudre-en-vercors/carreleur,a-creer,4,T3-longue-traine,non,"Bassin petite (3,100hab) - longue traine, faible vol"
chauffagiste autrans meaudre en vercors,transactional,local-listing,commune-bassin,chauffagiste,aucun,18,low,/grenoble/autrans-meaudre-en-vercors/chauffagiste,a-creer,4,T3-longue-traine,non,"Bassin petite (3,100hab) - longue traine, faible vol"
macon la mure,transactional,local-listing,commune-bassin,macon,aucun,18,low,/grenoble/la-mure/macon,a-creer,4,T3-longue-traine,non,"Bassin petite (5,100hab) - longue traine, faible vol"
couvreur la mure,transactional,local-listing,commune-bassin,couvreur,aucun,18,low,/grenoble/la-mure/couvreur,a-creer,4,T3-longue-traine,non,"Bassin petite (5,100hab) - longue traine, faible vol"
carreleur bourg d oisans,transactional,local-listing,commune-bassin,carreleur,aucun,18,low,/grenoble/bourg-d-oisans/carreleur,a-creer,4,T3-longue-traine,non,"Bassin petite (3,100hab) - longue traine, faible vol"
chauffagiste bourg d oisans,transactional,local-listing,commune-bassin,chauffagiste,aucun,18,low,/grenoble/bourg-d-oisans/chauffagiste,a-creer,4,T3-longue-traine,non,"Bassin petite (3,100hab) - longue traine, faible vol"
macon vieux lyon,transactional,local-listing,quartier-intramuros,macon,aucun,18,low,/lyon/vieux-lyon/macon,a-creer,4,T3-longue-traine,non,"Quartier Lyon (8,000hab) - tres longue traine"
couvreur vieux lyon,transactional,local-listing,quartier-intramuros,couvreur,aucun,18,low,/lyon/vieux-lyon/couvreur,a-creer,4,T3-longue-traine,non,"Quartier Lyon (8,000hab) - tres longue traine"
macon confluence,transactional,local-listing,quartier-intramuros,macon,aucun,18,low,/lyon/confluence/macon,a-creer,4,T3-longue-traine,non,"Quartier Lyon (8,000hab) - tres longue traine"
couvreur confluence,transactional,local-listing,quartier-intramuros,couvreur,aucun,18,low,/lyon/confluence/couvreur,a-creer,4,T3-longue-traine,non,"Quartier Lyon (8,000hab) - tres longue traine"
carreleur perrache,transactional,local-listing,quartier-intramuros,carreleur,aucun,18,low,/lyon/perrache/carreleur,a-creer,4,T3-longue-traine,non,"Quartier Lyon (5,000hab) - tres longue traine"
chauffagiste perrache,transactional,local-listing,quartier-intramuros,chauffagiste,aucun,18,low,/lyon/perrache/chauffagiste,a-creer,4,T3-longue-traine,non,"Quartier Lyon (5,000hab) - tres longue traine"
macon foch,transactional,local-listing,quartier-intramuros,macon,aucun,18,low,/lyon/foch/macon,a-creer,4,T3-longue-traine,non,"Quartier Lyon (8,000hab) - tres longue traine"
couvreur foch,transactional,local-listing,quartier-intramuros,couvreur,aucun,18,low,/lyon/foch/couvreur,a-creer,4,T3-longue-traine,non,"Quartier Lyon (8,000hab) - tres longue traine"
macon saint rambert,transactional,local-listing,quartier-intramuros,macon,aucun,18,low,/lyon/saint-rambert/macon,a-creer,4,T3-longue-traine,non,"Quartier Lyon (8,000hab) - tres longue traine"
couvreur saint rambert,transactional,local-listing,quartier-intramuros,couvreur,aucun,18,low,/lyon/saint-rambert/couvreur,a-creer,4,T3-longue-traine,non,"Quartier Lyon (8,000hab) - tres longue traine"
carreleur gorge de loup,transactional,local-listing,quartier-intramuros,carreleur,aucun,18,low,/lyon/gorge-de-loup/carreleur,a-creer,4,T3-longue-traine,non,"Quartier Lyon (5,000hab) - tres longue traine"
chauffagiste gorge de loup,transactional,local-listing,quartier-intramuros,chauffagiste,aucun,18,low,/lyon/gorge-de-loup/chauffagiste,a-creer,4,T3-longue-traine,non,"Quartier Lyon (5,000hab) - tres longue traine"
macon point du jour,transactional,local-listing,quartier-intramuros,macon,aucun,18,low,/lyon/point-du-jour/macon,a-creer,4,T3-longue-traine,non,"Quartier Lyon (8,000hab) - tres longue traine"
couvreur point du jour,transactional,local-listing,quartier-intramuros,couvreur,aucun,18,low,/lyon/point-du-jour/couvreur,a-creer,4,T3-longue-traine,non,"Quartier Lyon (8,000hab) - tres longue traine"
peintre couzon au mont d or,transactional,local-listing,commune-banlieue,peintre,aucun,18,low,/lyon/couzon-au-mont-d-or/peintre,a-creer,4,T3-longue-traine,non,Couverture geographique exhaustive
menuisier couzon au mont d or,transactional,local-listing,commune-banlieue,menuisier,aucun,18,low,/lyon/couzon-au-mont-d-or/menuisier,a-creer,4,T3-longue-traine,non,Couverture geographique exhaustive
peintre montanay,transactional,local-listing,commune-banlieue,peintre,aucun,18,low,/lyon/montanay/peintre,a-creer,4,T3-longue-traine,non,Couverture geographique exhaustive
menuisier montanay,transactional,local-listing,commune-banlieue,menuisier,aucun,18,low,/lyon/montanay/menuisier,a-creer,4,T3-longue-traine,non,Couverture geographique exhaustive
peintre solaize,transactional,local-listing,commune-banlieue,peintre,aucun,18,low,/lyon/solaize/peintre,a-creer,4,T3-longue-traine,non,Couverture geographique exhaustive
menuisier solaize,transactional,local-listing,commune-banlieue,menuisier,aucun,18,low,/lyon/solaize/menuisier,a-creer,4,T3-longue-traine,non,Couverture geographique exhaustive
carreleur charly,transactional,local-listing,commune-banlieue,carreleur,aucun,18,low,/lyon/charly/carreleur,a-creer,4,T3-longue-traine,non,Couverture geographique exhaustive
chauffagiste charly,transactional,local-listing,commune-banlieue,chauffagiste,aucun,18,low,/lyon/charly/chauffagiste,a-creer,4,T3-longue-traine,non,Couverture geographique exhaustive
carreleur villefranche sur saone 69400,transactional,local-listing,commune-bassin,carreleur,aucun,18,low,/lyon/villefranche-sur-saone/carreleur,a-creer,4,T3-longue-traine,non,Variante avec code postal - signal local hyper-precis
chauffagiste villefranche sur saone 69400,transactional,local-listing,commune-bassin,chauffagiste,aucun,18,low,/lyon/villefranche-sur-saone/chauffagiste,a-creer,4,T3-longue-traine,non,Variante avec code postal - signal local hyper-precis
macon heyrieux,transactional,local-listing,commune-bassin,macon,aucun,18,low,/lyon/heyrieux/macon,a-creer,4,T3-longue-traine,non,"Bassin petite (5,100hab) - longue traine, faible vol"
couvreur heyrieux,transactional,local-listing,commune-bassin,couvreur,aucun,18,low,/lyon/heyrieux/couvreur,a-creer,4,T3-longue-traine,non,"Bassin petite (5,100hab) - longue traine, faible vol"
carreleur calvaire,transactional,local-listing,quartier-intramuros,carreleur,aucun,18,low,/valence/calvaire/carreleur,a-creer,4,T3-longue-traine,non,"Quartier Valence (5,000hab) - tres longue traine"
chauffagiste calvaire,transactional,local-listing,quartier-intramuros,chauffagiste,aucun,18,low,/valence/calvaire/chauffagiste,a-creer,4,T3-longue-traine,non,"Quartier Valence (5,000hab) - tres longue traine"
carreleur chamberliere,transactional,local-listing,quartier-intramuros,carreleur,aucun,18,low,/valence/chamberliere/carreleur,a-creer,4,T3-longue-traine,non,"Quartier Valence (4,500hab) - tres longue traine"
chauffagiste chamberliere,transactional,local-listing,quartier-intramuros,chauffagiste,aucun,18,low,/valence/chamberliere/chauffagiste,a-creer,4,T3-longue-traine,non,"Quartier Valence (4,500hab) - tres longue traine"
peintre beauregard,transactional,local-listing,quartier-intramuros,peintre,aucun,18,low,/valence/beauregard/peintre,a-creer,4,T3-longue-traine,non,"Quartier Valence (3,000hab) - tres longue traine"
menuisier beauregard,transactional,local-listing,quartier-intramuros,menuisier,aucun,18,low,/valence/beauregard/menuisier,a-creer,4,T3-longue-traine,non,"Quartier Valence (3,000hab) - tres longue traine"
peintre alixan,transactional,local-listing,commune-banlieue,peintre,aucun,18,low,/valence/alixan/peintre,a-creer,4,T3-longue-traine,non,Couverture geographique exhaustive
menuisier alixan,transactional,local-listing,commune-banlieue,menuisier,aucun,18,low,/valence/alixan/menuisier,a-creer,4,T3-longue-traine,non,Couverture geographique exhaustive
carreleur vieille ville,transactional,local-listing,quartier-intramuros,carreleur,aucun,17,low,/chambery/vieille-ville/carreleur,a-creer,4,T3-longue-traine,non,"Quartier Chambéry (4,000hab) - tres longue traine"
chauffagiste vieille ville,transactional,local-listing,quartier-intramuros,chauffagiste,aucun,17,low,/chambery/vieille-ville/chauffagiste,a-creer,4,T3-longue-traine,non,"Quartier Chambéry (4,000hab) - tres longue traine"
peintre faubourg reclus,transactional,local-listing,quartier-intramuros,peintre,aucun,17,low,/chambery/faubourg-reclus/peintre,a-creer,4,T3-longue-traine,non,"Quartier Chambéry (2,500hab) - tres longue traine"
menuisier faubourg reclus,transactional,local-listing,quartier-intramuros,menuisier,aucun,17,low,/chambery/faubourg-reclus/menuisier,a-creer,4,T3-longue-traine,non,"Quartier Chambéry (2,500hab) - tres longue traine"
peintre bellevue,transactional,local-listing,quartier-intramuros,peintre,aucun,17,low,/chambery/bellevue/peintre,a-creer,4,T3-longue-traine,non,"Quartier Chambéry (2,500hab) - tres longue traine"
menuisier bellevue,transactional,local-listing,quartier-intramuros,menuisier,aucun,17,low,/chambery/bellevue/menuisier,a-creer,4,T3-longue-traine,non,"Quartier Chambéry (2,500hab) - tres longue traine"
peintre albertville 73200,transactional,local-listing,commune-bassin,peintre,aucun,17,low,/chambery/albertville/peintre,a-creer,4,T3-longue-traine,non,Variante avec code postal - signal local hyper-precis
menuisier albertville 73200,transactional,local-listing,commune-bassin,menuisier,aucun,17,low,/chambery/albertville/menuisier,a-creer,4,T3-longue-traine,non,Variante avec code postal - signal local hyper-precis
peintre bord du lac,transactional,local-listing,quartier-intramuros,peintre,aucun,17,low,/annecy/bord-du-lac/peintre,a-creer,4,T3-longue-traine,non,"Quartier Annecy (2,500hab) - tres longue traine"
menuisier bord du lac,transactional,local-listing,quartier-intramuros,menuisier,aucun,17,low,/annecy/bord-du-lac/menuisier,a-creer,4,T3-longue-traine,non,"Quartier Annecy (2,500hab) - tres longue traine"
peintre tresum,transactional,local-listing,quartier-intramuros,peintre,aucun,17,low,/annecy/tresum/peintre,a-creer,4,T3-longue-traine,non,"Quartier Annecy (2,500hab) - tres longue traine"
menuisier tresum,transactional,local-listing,quartier-intramuros,menuisier,aucun,17,low,/annecy/tresum/menuisier,a-creer,4,T3-longue-traine,non,"Quartier Annecy (2,500hab) - tres longue traine"
carreleur sevrier,transactional,local-listing,commune-banlieue,carreleur,aucun,17,low,/annecy/sevrier/carreleur,a-creer,4,T3-longue-traine,non,Couverture geographique exhaustive
chauffagiste sevrier,transactional,local-listing,commune-banlieue,chauffagiste,aucun,17,low,/annecy/sevrier/chauffagiste,a-creer,4,T3-longue-traine,non,Couverture geographique exhaustive
peintre chavanod,transactional,local-listing,commune-banlieue,peintre,aucun,17,low,/annecy/chavanod/peintre,a-creer,4,T3-longue-traine,non,Couverture geographique exhaustive
menuisier chavanod,transactional,local-listing,commune-banlieue,menuisier,aucun,17,low,/annecy/chavanod/menuisier,a-creer,4,T3-longue-traine,non,Couverture geographique exhaustive
carreleur villaz,transactional,local-listing,commune-banlieue,carreleur,aucun,17,low,/annecy/villaz/carreleur,a-creer,4,T3-longue-traine,non,Couverture geographique exhaustive
chauffagiste villaz,transactional,local-listing,commune-banlieue,chauffagiste,aucun,17,low,/annecy/villaz/chauffagiste,a-creer,4,T3-longue-traine,non,Couverture geographique exhaustive
carreleur saint laurent,transactional,local-listing,quartier-intramuros,carreleur,aucun,17,low,/grenoble/saint-laurent/carreleur,a-creer,4,T3-longue-traine,non,"Quartier Grenoble (4,000hab) - tres longue traine"
chauffagiste saint laurent,transactional,local-listing,quartier-intramuros,chauffagiste,aucun,17,low,/grenoble/saint-laurent/chauffagiste,a-creer,4,T3-longue-traine,non,"Quartier Grenoble (4,000hab) - tres longue traine"
macon ile verte,transactional,local-listing,quartier-intramuros,macon,aucun,17,low,/grenoble/ile-verte/macon,a-creer,4,T3-longue-traine,non,"Quartier Grenoble (7,000hab) - tres longue traine"
couvreur ile verte,transactional,local-listing,quartier-intramuros,couvreur,aucun,17,low,/grenoble/ile-verte/couvreur,a-creer,4,T3-longue-traine,non,"Quartier Grenoble (7,000hab) - tres longue traine"
carreleur europole,transactional,local-listing,quartier-intramuros,carreleur,aucun,17,low,/grenoble/europole/carreleur,a-creer,4,T3-longue-traine,non,"Quartier Grenoble (4,000hab) - tres longue traine"
chauffagiste europole,transactional,local-listing,quartier-intramuros,chauffagiste,aucun,17,low,/grenoble/europole/chauffagiste,a-creer,4,T3-longue-traine,non,"Quartier Grenoble (4,000hab) - tres longue traine"
carreleur saint martin,transactional,local-listing,quartier-intramuros,carreleur,aucun,17,low,/grenoble/saint-martin/carreleur,a-creer,4,T3-longue-traine,non,"Quartier Grenoble (4,000hab) - tres longue traine"
chauffagiste saint martin,transactional,local-listing,quartier-intramuros,chauffagiste,aucun,17,low,/grenoble/saint-martin/chauffagiste,a-creer,4,T3-longue-traine,non,"Quartier Grenoble (4,000hab) - tres longue traine"
carreleur beauvert,transactional,local-listing,quartier-intramuros,carreleur,aucun,17,low,/grenoble/beauvert/carreleur,a-creer,4,T3-longue-traine,non,"Quartier Grenoble (4,000hab) - tres longue traine"
chauffagiste beauvert,transactional,local-listing,quartier-intramuros,chauffagiste,aucun,17,low,/grenoble/beauvert/chauffagiste,a-creer,4,T3-longue-traine,non,"Quartier Grenoble (4,000hab) - tres longue traine"
peintre caserne de bonne,transactional,local-listing,quartier-intramuros,peintre,aucun,17,low,/grenoble/caserne-de-bonne/peintre,a-creer,4,T3-longue-traine,non,"Quartier Grenoble (2,500hab) - tres longue traine"
menuisier caserne de bonne,transactional,local-listing,quartier-intramuros,menuisier,aucun,17,low,/grenoble/caserne-de-bonne/menuisier,a-creer,4,T3-longue-traine,non,"Quartier Grenoble (2,500hab) - tres longue traine"
carreleur corenc,transactional,local-listing,commune-banlieue,carreleur,aucun,17,low,/grenoble/corenc/carreleur,a-creer,4,T3-longue-traine,non,Couverture geographique exhaustive
chauffagiste corenc,transactional,local-listing,commune-banlieue,chauffagiste,aucun,17,low,/grenoble/corenc/chauffagiste,a-creer,4,T3-longue-traine,non,Couverture geographique exhaustive
carreleur lans en vercors,transactional,local-listing,commune-bassin,carreleur,aucun,17,low,/grenoble/lans-en-vercors/carreleur,a-creer,4,T3-longue-traine,non,"Bassin petite (2,700hab) - longue traine, faible vol"
chauffagiste lans en vercors,transactional,local-listing,commune-bassin,chauffagiste,aucun,17,low,/grenoble/lans-en-vercors/chauffagiste,a-creer,4,T3-longue-traine,non,"Bassin petite (2,700hab) - longue traine, faible vol"
carreleur fourviere,transactional,local-listing,quartier-intramuros,carreleur,aucun,17,low,/lyon/fourviere/carreleur,a-creer,4,T3-longue-traine,non,"Quartier Lyon (4,000hab) - tres longue traine"
chauffagiste fourviere,transactional,local-listing,quartier-intramuros,chauffagiste,aucun,17,low,/lyon/fourviere/chauffagiste,a-creer,4,T3-longue-traine,non,"Quartier Lyon (4,000hab) - tres longue traine"
carreleur collonges au mont d or,transactional,local-listing,commune-banlieue,carreleur,aucun,17,low,/lyon/collonges-au-mont-d-or/carreleur,a-creer,4,T3-longue-traine,non,Couverture geographique exhaustive
chauffagiste collonges au mont d or,transactional,local-listing,commune-banlieue,chauffagiste,aucun,17,low,/lyon/collonges-au-mont-d-or/chauffagiste,a-creer,4,T3-longue-traine,non,Couverture geographique exhaustive
carreleur la tour de salvagny,transactional,local-listing,commune-banlieue,carreleur,aucun,17,low,/lyon/la-tour-de-salvagny/carreleur,a-creer,4,T3-longue-traine,non,Couverture geographique exhaustive
chauffagiste la tour de salvagny,transactional,local-listing,commune-banlieue,chauffagiste,aucun,17,low,/lyon/la-tour-de-salvagny/chauffagiste,a-creer,4,T3-longue-traine,non,Couverture geographique exhaustive
carreleur bourgoin jallieu 38300,transactional,local-listing,commune-bassin,carreleur,aucun,17,low,/lyon/bourgoin-jallieu/carreleur,a-creer,4,T3-longue-traine,non,Variante avec code postal - signal local hyper-precis
chauffagiste bourgoin jallieu 38300,transactional,local-listing,commune-bassin,chauffagiste,aucun,17,low,/lyon/bourgoin-jallieu/chauffagiste,a-creer,4,T3-longue-traine,non,Variante avec code postal - signal local hyper-precis
macon pont de cheruy,transactional,local-listing,commune-bassin,macon,aucun,17,low,/lyon/pont-de-cheruy/macon,a-creer,4,T3-longue-traine,non,"Bassin petite (4,700hab) - longue traine, faible vol"
couvreur pont de cheruy,transactional,local-listing,commune-bassin,couvreur,aucun,17,low,/lyon/pont-de-cheruy/couvreur,a-creer,4,T3-longue-traine,non,"Bassin petite (4,700hab) - longue traine, faible vol"
macon communay,transactional,local-listing,commune-bassin,macon,aucun,17,low,/lyon/communay/macon,a-creer,4,T3-longue-traine,non,"Bassin petite (4,600hab) - longue traine, faible vol"
couvreur communay,transactional,local-listing,commune-bassin,couvreur,aucun,17,low,/lyon/communay/couvreur,a-creer,4,T3-longue-traine,non,"Bassin petite (4,600hab) - longue traine, faible vol"
macon pusignan,transactional,local-listing,commune-bassin,macon,aucun,17,low,/lyon/pusignan/macon,a-creer,4,T3-longue-traine,non,"Bassin petite (4,800hab) - longue traine, faible vol"
couvreur pusignan,transactional,local-listing,commune-bassin,couvreur,aucun,17,low,/lyon/pusignan/couvreur,a-creer,4,T3-longue-traine,non,"Bassin petite (4,800hab) - longue traine, faible vol"
macon villette d anthon,transactional,local-listing,commune-bassin,macon,aucun,17,low,/lyon/villette-d-anthon/macon,a-creer,4,T3-longue-traine,non,"Bassin petite (4,700hab) - longue traine, faible vol"
couvreur villette d anthon,transactional,local-listing,commune-bassin,couvreur,aucun,17,low,/lyon/villette-d-anthon/couvreur,a-creer,4,T3-longue-traine,non,"Bassin petite (4,700hab) - longue traine, faible vol"
macon centre ville,transactional,local-listing,quartier-intramuros,macon,aucun,17,low,/valence/centre-ville/macon,a-creer,4,T3-longue-traine,non,"Quartier Valence (7,000hab) - tres longue traine"
couvreur centre ville,transactional,local-listing,quartier-intramuros,couvreur,aucun,17,low,/valence/centre-ville/couvreur,a-creer,4,T3-longue-traine,non,"Quartier Valence (7,000hab) - tres longue traine"
macon fontbarlettes,transactional,local-listing,quartier-intramuros,macon,aucun,17,low,/valence/fontbarlettes/macon,a-creer,4,T3-longue-traine,non,"Quartier Valence (6,800hab) - tres longue traine"
couvreur fontbarlettes,transactional,local-listing,quartier-intramuros,couvreur,aucun,17,low,/valence/fontbarlettes/couvreur,a-creer,4,T3-longue-traine,non,"Quartier Valence (6,800hab) - tres longue traine"
carreleur latour maubourg,transactional,local-listing,quartier-intramuros,carreleur,aucun,17,low,/valence/latour-maubourg/carreleur,a-creer,4,T3-longue-traine,non,"Quartier Valence (4,000hab) - tres longue traine"
chauffagiste latour maubourg,transactional,local-listing,quartier-intramuros,chauffagiste,aucun,17,low,/valence/latour-maubourg/chauffagiste,a-creer,4,T3-longue-traine,non,"Quartier Valence (4,000hab) - tres longue traine"
carreleur hugo,transactional,local-listing,quartier-intramuros,carreleur,aucun,17,low,/valence/hugo/carreleur,a-creer,4,T3-longue-traine,non,"Quartier Valence (4,200hab) - tres longue traine"
chauffagiste hugo,transactional,local-listing,quartier-intramuros,chauffagiste,aucun,17,low,/valence/hugo/chauffagiste,a-creer,4,T3-longue-traine,non,"Quartier Valence (4,200hab) - tres longue traine"
peintre marcs,transactional,local-listing,quartier-intramuros,peintre,aucun,17,low,/valence/marcs/peintre,a-creer,4,T3-longue-traine,non,"Quartier Valence (2,500hab) - tres longue traine"
menuisier marcs,transactional,local-listing,quartier-intramuros,menuisier,aucun,17,low,/valence/marcs/menuisier,a-creer,4,T3-longue-traine,non,"Quartier Valence (2,500hab) - tres longue traine"
peintre cornas,transactional,local-listing,commune-banlieue,peintre,aucun,17,low,/valence/cornas/peintre,a-creer,4,T3-longue-traine,non,Couverture geographique exhaustive
menuisier cornas,transactional,local-listing,commune-banlieue,menuisier,aucun,17,low,/valence/cornas/menuisier,a-creer,4,T3-longue-traine,non,Couverture geographique exhaustive
carreleur beaumont les valence,transactional,local-listing,commune-banlieue,carreleur,aucun,17,low,/valence/beaumont-les-valence/carreleur,a-creer,4,T3-longue-traine,non,Couverture geographique exhaustive
chauffagiste beaumont les valence,transactional,local-listing,commune-banlieue,chauffagiste,aucun,17,low,/valence/beaumont-les-valence/chauffagiste,a-creer,4,T3-longue-traine,non,Couverture geographique exhaustive
macon die,transactional,local-listing,commune-bassin,macon,aucun,17,low,/valence/die/macon,a-creer,4,T3-longue-traine,non,"Bassin petite (4,600hab) - longue traine, faible vol"
couvreur die,transactional,local-listing,commune-bassin,couvreur,aucun,17,low,/valence/die/couvreur,a-creer,4,T3-longue-traine,non,"Bassin petite (4,600hab) - longue traine, faible vol"
macon centre ville,transactional,local-listing,quartier-intramuros,macon,aucun,16,low,/chambery/centre-ville/macon,a-creer,4,T3-longue-traine,non,"Quartier Chambéry (6,000hab) - tres longue traine"
couvreur centre ville,transactional,local-listing,quartier-intramuros,couvreur,aucun,16,low,/chambery/centre-ville/couvreur,a-creer,4,T3-longue-traine,non,"Quartier Chambéry (6,000hab) - tres longue traine"
carreleur curial,transactional,local-listing,quartier-intramuros,carreleur,aucun,16,low,/chambery/curial/carreleur,a-creer,4,T3-longue-traine,non,"Quartier Chambéry (3,500hab) - tres longue traine"
carreleur faubourg mache,transactional,local-listing,quartier-intramuros,carreleur,aucun,16,low,/chambery/faubourg-mache/carreleur,a-creer,4,T3-longue-traine,non,"Quartier Chambéry (3,500hab) - tres longue traine"
carreleur chambery le vieux,transactional,local-listing,quartier-intramuros,carreleur,aucun,16,low,/chambery/chambery-le-vieux/carreleur,a-creer,4,T3-longue-traine,non,"Quartier Chambéry (3,500hab) - tres longue traine"
carreleur bassens,transactional,local-listing,commune-banlieue,carreleur,aucun,16,low,/chambery/bassens/carreleur,a-creer,4,T3-longue-traine,non,Couverture geographique exhaustive
chauffagiste bassens,transactional,local-listing,commune-banlieue,chauffagiste,aucun,16,low,/chambery/bassens/chauffagiste,a-creer,4,T3-longue-traine,non,Couverture geographique exhaustive
peintre sonnaz,transactional,local-listing,commune-banlieue,peintre,aucun,16,low,/chambery/sonnaz/peintre,a-creer,4,T3-longue-traine,non,Couverture geographique exhaustive
menuisier sonnaz,transactional,local-listing,commune-banlieue,menuisier,aucun,16,low,/chambery/sonnaz/menuisier,a-creer,4,T3-longue-traine,non,Couverture geographique exhaustive
carreleur jacob bellecombette,transactional,local-listing,commune-banlieue,carreleur,aucun,16,low,/chambery/jacob-bellecombette/carreleur,a-creer,4,T3-longue-traine,non,Couverture geographique exhaustive
chauffagiste jacob bellecombette,transactional,local-listing,commune-banlieue,chauffagiste,aucun,16,low,/chambery/jacob-bellecombette/chauffagiste,a-creer,4,T3-longue-traine,non,Couverture geographique exhaustive
peintre vimines,transactional,local-listing,commune-banlieue,peintre,aucun,16,low,/chambery/vimines/peintre,a-creer,4,T3-longue-traine,non,Couverture geographique exhaustive
menuisier vimines,transactional,local-listing,commune-banlieue,menuisier,aucun,16,low,/chambery/vimines/menuisier,a-creer,4,T3-longue-traine,non,Couverture geographique exhaustive
macon montmelian,transactional,local-listing,commune-bassin,macon,aucun,16,low,/chambery/montmelian/macon,a-creer,4,T3-longue-traine,non,"Bassin petite (4,000hab) - longue traine, faible vol"
couvreur montmelian,transactional,local-listing,commune-bassin,couvreur,aucun,16,low,/chambery/montmelian/couvreur,a-creer,4,T3-longue-traine,non,"Bassin petite (4,000hab) - longue traine, faible vol"
macon saint pierre d albigny,transactional,local-listing,commune-bassin,macon,aucun,16,low,/chambery/saint-pierre-d-albigny/macon,a-creer,4,T3-longue-traine,non,"Bassin petite (4,000hab) - longue traine, faible vol"
couvreur saint pierre d albigny,transactional,local-listing,commune-bassin,couvreur,aucun,16,low,/chambery/saint-pierre-d-albigny/couvreur,a-creer,4,T3-longue-traine,non,"Bassin petite (4,000hab) - longue traine, faible vol"
carreleur carnot,transactional,local-listing,quartier-intramuros,carreleur,aucun,16,low,/annecy/carnot/carreleur,a-creer,4,T3-longue-traine,non,"Quartier Annecy (3,500hab) - tres longue traine"
macon novel,transactional,local-listing,quartier-intramuros,macon,aucun,16,low,/annecy/novel/macon,a-creer,4,T3-longue-traine,non,"Quartier Annecy (6,000hab) - tres longue traine"
couvreur novel,transactional,local-listing,quartier-intramuros,couvreur,aucun,16,low,/annecy/novel/couvreur,a-creer,4,T3-longue-traine,non,"Quartier Annecy (6,000hab) - tres longue traine"
carreleur vovray,transactional,local-listing,quartier-intramuros,carreleur,aucun,16,low,/annecy/vovray/carreleur,a-creer,4,T3-longue-traine,non,"Quartier Annecy (3,500hab) - tres longue traine"
carreleur pringy,transactional,local-listing,commune-banlieue,carreleur,aucun,16,low,/annecy/pringy/carreleur,a-creer,4,T3-longue-traine,non,Couverture geographique exhaustive
chauffagiste pringy,transactional,local-listing,commune-banlieue,chauffagiste,aucun,16,low,/annecy/pringy/chauffagiste,a-creer,4,T3-longue-traine,non,Couverture geographique exhaustive
peintre veyrier du lac,transactional,local-listing,commune-banlieue,peintre,aucun,16,low,/annecy/veyrier-du-lac/peintre,a-creer,4,T3-longue-traine,non,Couverture geographique exhaustive
menuisier veyrier du lac,transactional,local-listing,commune-banlieue,menuisier,aucun,16,low,/annecy/veyrier-du-lac/menuisier,a-creer,4,T3-longue-traine,non,Couverture geographique exhaustive
peintre saint martin bellevue,transactional,local-listing,commune-banlieue,peintre,aucun,16,low,/annecy/saint-martin-bellevue/peintre,a-creer,4,T3-longue-traine,non,Couverture geographique exhaustive
menuisier saint martin bellevue,transactional,local-listing,commune-banlieue,menuisier,aucun,16,low,/annecy/saint-martin-bellevue/menuisier,a-creer,4,T3-longue-traine,non,Couverture geographique exhaustive
peintre sallanches 74700,transactional,local-listing,commune-bassin,peintre,aucun,16,low,/annecy/sallanches/peintre,a-creer,4,T3-longue-traine,non,Variante avec code postal - signal local hyper-precis
menuisier sallanches 74700,transactional,local-listing,commune-bassin,menuisier,aucun,16,low,/annecy/sallanches/menuisier,a-creer,4,T3-longue-traine,non,Variante avec code postal - signal local hyper-precis
peintre cluses 74300,transactional,local-listing,commune-bassin,peintre,aucun,16,low,/annecy/cluses/peintre,a-creer,4,T3-longue-traine,non,Variante avec code postal - signal local hyper-precis
menuisier cluses 74300,transactional,local-listing,commune-bassin,menuisier,aucun,16,low,/annecy/cluses/menuisier,a-creer,4,T3-longue-traine,non,Variante avec code postal - signal local hyper-precis
macon notre dame,transactional,local-listing,quartier-intramuros,macon,aucun,16,low,/grenoble/notre-dame/macon,a-creer,4,T3-longue-traine,non,"Quartier Grenoble (6,000hab) - tres longue traine"
couvreur notre dame,transactional,local-listing,quartier-intramuros,couvreur,aucun,16,low,/grenoble/notre-dame/couvreur,a-creer,4,T3-longue-traine,non,"Quartier Grenoble (6,000hab) - tres longue traine"
macon saint bruno,transactional,local-listing,quartier-intramuros,macon,aucun,16,low,/grenoble/saint-bruno/macon,a-creer,4,T3-longue-traine,non,"Quartier Grenoble (6,000hab) - tres longue traine"
couvreur saint bruno,transactional,local-listing,quartier-intramuros,couvreur,aucun,16,low,/grenoble/saint-bruno/couvreur,a-creer,4,T3-longue-traine,non,"Quartier Grenoble (6,000hab) - tres longue traine"
macon capuche,transactional,local-listing,quartier-intramuros,macon,aucun,16,low,/grenoble/capuche/macon,a-creer,4,T3-longue-traine,non,"Quartier Grenoble (6,000hab) - tres longue traine"
couvreur capuche,transactional,local-listing,quartier-intramuros,couvreur,aucun,16,low,/grenoble/capuche/couvreur,a-creer,4,T3-longue-traine,non,"Quartier Grenoble (6,000hab) - tres longue traine"
macon bajatiere,transactional,local-listing,quartier-intramuros,macon,aucun,16,low,/grenoble/bajatiere/macon,a-creer,4,T3-longue-traine,non,"Quartier Grenoble (6,000hab) - tres longue traine"
couvreur bajatiere,transactional,local-listing,quartier-intramuros,couvreur,aucun,16,low,/grenoble/bajatiere/couvreur,a-creer,4,T3-longue-traine,non,"Quartier Grenoble (6,000hab) - tres longue traine"
macon teisseire,transactional,local-listing,quartier-intramuros,macon,aucun,16,low,/grenoble/teisseire/macon,a-creer,4,T3-longue-traine,non,"Quartier Grenoble (6,000hab) - tres longue traine"
couvreur teisseire,transactional,local-listing,quartier-intramuros,couvreur,aucun,16,low,/grenoble/teisseire/couvreur,a-creer,4,T3-longue-traine,non,"Quartier Grenoble (6,000hab) - tres longue traine"
macon abbaye,transactional,local-listing,quartier-intramuros,macon,aucun,16,low,/grenoble/abbaye/macon,a-creer,4,T3-longue-traine,non,"Quartier Grenoble (6,500hab) - tres longue traine"
couvreur abbaye,transactional,local-listing,quartier-intramuros,couvreur,aucun,16,low,/grenoble/abbaye/couvreur,a-creer,4,T3-longue-traine,non,"Quartier Grenoble (6,500hab) - tres longue traine"
carreleur bouchayer viallet,transactional,local-listing,quartier-intramuros,carreleur,aucun,16,low,/grenoble/bouchayer-viallet/carreleur,a-creer,4,T3-longue-traine,non,"Quartier Grenoble (3,500hab) - tres longue traine"
macon allevard,transactional,local-listing,commune-bassin,macon,aucun,16,low,/grenoble/allevard/macon,a-creer,4,T3-longue-traine,non,"Bassin petite (4,200hab) - longue traine, faible vol"
couvreur allevard,transactional,local-listing,commune-bassin,couvreur,aucun,16,low,/grenoble/allevard/couvreur,a-creer,4,T3-longue-traine,non,"Bassin petite (4,200hab) - longue traine, faible vol"
macon villard de lans,transactional,local-listing,commune-bassin,macon,aucun,16,low,/grenoble/villard-de-lans/macon,a-creer,4,T3-longue-traine,non,"Bassin petite (4,100hab) - longue traine, faible vol"
couvreur villard de lans,transactional,local-listing,commune-bassin,couvreur,aucun,16,low,/grenoble/villard-de-lans/couvreur,a-creer,4,T3-longue-traine,non,"Bassin petite (4,100hab) - longue traine, faible vol"
macon vinay,transactional,local-listing,commune-bassin,macon,aucun,16,low,/grenoble/vinay/macon,a-creer,4,T3-longue-traine,non,"Bassin petite (4,100hab) - longue traine, faible vol"
couvreur vinay,transactional,local-listing,commune-bassin,couvreur,aucun,16,low,/grenoble/vinay/couvreur,a-creer,4,T3-longue-traine,non,"Bassin petite (4,100hab) - longue traine, faible vol"
macon bellecour,transactional,local-listing,quartier-intramuros,macon,aucun,16,low,/lyon/bellecour/macon,a-creer,4,T3-longue-traine,non,"Quartier Lyon (6,000hab) - tres longue traine"
couvreur bellecour,transactional,local-listing,quartier-intramuros,couvreur,aucun,16,low,/lyon/bellecour/couvreur,a-creer,4,T3-longue-traine,non,"Quartier Lyon (6,000hab) - tres longue traine"
macon champvert,transactional,local-listing,quartier-intramuros,macon,aucun,16,low,/lyon/champvert/macon,a-creer,4,T3-longue-traine,non,"Quartier Lyon (6,500hab) - tres longue traine"
couvreur champvert,transactional,local-listing,quartier-intramuros,couvreur,aucun,16,low,/lyon/champvert/couvreur,a-creer,4,T3-longue-traine,non,"Quartier Lyon (6,500hab) - tres longue traine"
macon saint just,transactional,local-listing,quartier-intramuros,macon,aucun,16,low,/lyon/saint-just/macon,a-creer,4,T3-longue-traine,non,"Quartier Lyon (6,000hab) - tres longue traine"
couvreur saint just,transactional,local-listing,quartier-intramuros,couvreur,aucun,16,low,/lyon/saint-just/couvreur,a-creer,4,T3-longue-traine,non,"Quartier Lyon (6,000hab) - tres longue traine"
carreleur limonest,transactional,local-listing,commune-banlieue,carreleur,aucun,16,low,/lyon/limonest/carreleur,a-creer,4,T3-longue-traine,non,Couverture geographique exhaustive
chauffagiste limonest,transactional,local-listing,commune-banlieue,chauffagiste,aucun,16,low,/lyon/limonest/chauffagiste,a-creer,4,T3-longue-traine,non,Couverture geographique exhaustive
carreleur marcy l etoile,transactional,local-listing,commune-banlieue,carreleur,aucun,16,low,/lyon/marcy-l-etoile/carreleur,a-creer,4,T3-longue-traine,non,Couverture geographique exhaustive
chauffagiste marcy l etoile,transactional,local-listing,commune-banlieue,chauffagiste,aucun,16,low,/lyon/marcy-l-etoile/chauffagiste,a-creer,4,T3-longue-traine,non,Couverture geographique exhaustive
peintre sathonay village,transactional,local-listing,commune-banlieue,peintre,aucun,16,low,/lyon/sathonay-village/peintre,a-creer,4,T3-longue-traine,non,Couverture geographique exhaustive
menuisier sathonay village,transactional,local-listing,commune-banlieue,menuisier,aucun,16,low,/lyon/sathonay-village/menuisier,a-creer,4,T3-longue-traine,non,Couverture geographique exhaustive
peintre l isle d abeau 38080,transactional,local-listing,commune-bassin,peintre,aucun,16,low,/lyon/l-isle-d-abeau/peintre,a-creer,4,T3-longue-traine,non,Variante avec code postal - signal local hyper-precis
menuisier l isle d abeau 38080,transactional,local-listing,commune-bassin,menuisier,aucun,16,low,/lyon/l-isle-d-abeau/menuisier,a-creer,4,T3-longue-traine,non,Variante avec code postal - signal local hyper-precis
carreleur vieux valence,transactional,local-listing,quartier-intramuros,carreleur,aucun,16,low,/valence/vieux-valence/carreleur,a-creer,4,T3-longue-traine,non,"Quartier Valence (3,500hab) - tres longue traine"
macon polygone,transactional,local-listing,quartier-intramuros,macon,aucun,16,low,/valence/polygone/macon,a-creer,4,T3-longue-traine,non,"Quartier Valence (6,500hab) - tres longue traine"
couvreur polygone,transactional,local-listing,quartier-intramuros,couvreur,aucun,16,low,/valence/polygone/couvreur,a-creer,4,T3-longue-traine,non,"Quartier Valence (6,500hab) - tres longue traine"
carreleur le plan,transactional,local-listing,quartier-intramuros,carreleur,aucun,16,low,/valence/le-plan/carreleur,a-creer,4,T3-longue-traine,non,"Quartier Valence (3,800hab) - tres longue traine"
carreleur saint nicolas,transactional,local-listing,quartier-intramuros,carreleur,aucun,16,low,/valence/saint-nicolas/carreleur,a-creer,4,T3-longue-traine,non,"Quartier Valence (3,500hab) - tres longue traine"
carreleur chateauvert,transactional,local-listing,quartier-intramuros,carreleur,aucun,16,low,/valence/chateauvert/carreleur,a-creer,4,T3-longue-traine,non,"Quartier Valence (3,500hab) - tres longue traine"
carreleur chateauneuf sur isere,transactional,local-listing,commune-banlieue,carreleur,aucun,16,low,/valence/chateauneuf-sur-isere/carreleur,a-creer,4,T3-longue-traine,non,Couverture geographique exhaustive
chauffagiste chateauneuf sur isere,transactional,local-listing,commune-banlieue,chauffagiste,aucun,16,low,/valence/chateauneuf-sur-isere/chauffagiste,a-creer,4,T3-longue-traine,non,Couverture geographique exhaustive
carreleur montelier,transactional,local-listing,commune-banlieue,carreleur,aucun,16,low,/valence/montelier/carreleur,a-creer,4,T3-longue-traine,non,Couverture geographique exhaustive
chauffagiste montelier,transactional,local-listing,commune-banlieue,chauffagiste,aucun,16,low,/valence/montelier/chauffagiste,a-creer,4,T3-longue-traine,non,Couverture geographique exhaustive
peintre annonay 07100,transactional,local-listing,commune-bassin,peintre,aucun,16,low,/valence/annonay/peintre,a-creer,4,T3-longue-traine,non,Variante avec code postal - signal local hyper-precis
menuisier annonay 07100,transactional,local-listing,commune-bassin,menuisier,aucun,16,low,/valence/annonay/menuisier,a-creer,4,T3-longue-traine,non,Variante avec code postal - signal local hyper-precis
carreleur faubourg montmelian,transactional,local-listing,quartier-intramuros,carreleur,aucun,15,low,/chambery/faubourg-montmelian/carreleur,a-creer,4,T3-longue-traine,non,"Quartier Chambéry (3,000hab) - tres longue traine"
macon le biollay,transactional,local-listing,quartier-intramuros,macon,aucun,15,low,/chambery/le-biollay/macon,a-creer,4,T3-longue-traine,non,"Quartier Chambéry (5,000hab) - tres longue traine"
couvreur le biollay,transactional,local-listing,quartier-intramuros,couvreur,aucun,15,low,/chambery/le-biollay/couvreur,a-creer,4,T3-longue-traine,non,"Quartier Chambéry (5,000hab) - tres longue traine"
carreleur merande,transactional,local-listing,quartier-intramuros,carreleur,aucun,15,low,/chambery/merande/carreleur,a-creer,4,T3-longue-traine,non,"Quartier Chambéry (3,000hab) - tres longue traine"
carreleur bissy,transactional,local-listing,quartier-intramuros,carreleur,aucun,15,low,/chambery/bissy/carreleur,a-creer,4,T3-longue-traine,non,"Quartier Chambéry (3,000hab) - tres longue traine"
peintre joppet,transactional,local-listing,quartier-intramuros,peintre,aucun,15,low,/chambery/joppet/peintre,a-creer,4,T3-longue-traine,non,"Quartier Chambéry (2,000hab) - tres longue traine"
menuisier joppet,transactional,local-listing,quartier-intramuros,menuisier,aucun,15,low,/chambery/joppet/menuisier,a-creer,4,T3-longue-traine,non,"Quartier Chambéry (2,000hab) - tres longue traine"
peintre laurier,transactional,local-listing,quartier-intramuros,peintre,aucun,15,low,/chambery/laurier/peintre,a-creer,4,T3-longue-traine,non,"Quartier Chambéry (1,800hab) - tres longue traine"
menuisier laurier,transactional,local-listing,quartier-intramuros,menuisier,aucun,15,low,/chambery/laurier/menuisier,a-creer,4,T3-longue-traine,non,"Quartier Chambéry (1,800hab) - tres longue traine"
peintre sainte therese,transactional,local-listing,quartier-intramuros,peintre,aucun,15,low,/chambery/sainte-therese/peintre,a-creer,4,T3-longue-traine,non,"Quartier Chambéry (2,000hab) - tres longue traine"
menuisier sainte therese,transactional,local-listing,quartier-intramuros,menuisier,aucun,15,low,/chambery/sainte-therese/menuisier,a-creer,4,T3-longue-traine,non,"Quartier Chambéry (2,000hab) - tres longue traine"
electricien verel pragondran,transactional,local-listing,commune-banlieue,electricien,aucun,15,low,/chambery/verel-pragondran/electricien,a-creer,4,T3-longue-traine,non,Couverture geographique exhaustive
electricien les deserts,transactional,local-listing,commune-banlieue,electricien,aucun,15,low,/chambery/les-deserts/electricien,a-creer,4,T3-longue-traine,non,Couverture geographique exhaustive
macon le pont de beauvoisin,transactional,local-listing,commune-bassin,macon,aucun,15,low,/chambery/le-pont-de-beauvoisin/macon,a-creer,4,T3-longue-traine,non,"Bassin petite (3,200hab) - longue traine, faible vol"
couvreur le pont de beauvoisin,transactional,local-listing,commune-bassin,couvreur,aucun,15,low,/chambery/le-pont-de-beauvoisin/couvreur,a-creer,4,T3-longue-traine,non,"Bassin petite (3,200hab) - longue traine, faible vol"
carreleur bonlieu,transactional,local-listing,quartier-intramuros,carreleur,aucun,15,low,/annecy/bonlieu/carreleur,a-creer,4,T3-longue-traine,non,"Quartier Annecy (3,000hab) - tres longue traine"
macon les romains,transactional,local-listing,quartier-intramuros,macon,aucun,15,low,/annecy/les-romains/macon,a-creer,4,T3-longue-traine,non,"Quartier Annecy (5,000hab) - tres longue traine"
couvreur les romains,transactional,local-listing,quartier-intramuros,couvreur,aucun,15,low,/annecy/les-romains/couvreur,a-creer,4,T3-longue-traine,non,"Quartier Annecy (5,000hab) - tres longue traine"
carreleur loverchy,transactional,local-listing,quartier-intramuros,carreleur,aucun,15,low,/annecy/loverchy/carreleur,a-creer,4,T3-longue-traine,non,"Quartier Annecy (3,000hab) - tres longue traine"
carreleur argonay,transactional,local-listing,commune-banlieue,carreleur,aucun,15,low,/annecy/argonay/carreleur,a-creer,4,T3-longue-traine,non,Couverture geographique exhaustive
chauffagiste argonay,transactional,local-listing,commune-banlieue,chauffagiste,aucun,15,low,/annecy/argonay/chauffagiste,a-creer,4,T3-longue-traine,non,Couverture geographique exhaustive
electricien bluffy,transactional,local-listing,commune-banlieue,electricien,aucun,15,low,/annecy/bluffy/electricien,a-creer,4,T3-longue-traine,non,Couverture geographique exhaustive
carreleur groisy,transactional,local-listing,commune-banlieue,carreleur,aucun,15,low,/annecy/groisy/carreleur,a-creer,4,T3-longue-traine,non,Couverture geographique exhaustive
chauffagiste groisy,transactional,local-listing,commune-banlieue,chauffagiste,aucun,15,low,/annecy/groisy/chauffagiste,a-creer,4,T3-longue-traine,non,Couverture geographique exhaustive
macon annemasse 74100,transactional,local-listing,commune-bassin,macon,aucun,15,low,/annecy/annemasse/macon,a-creer,4,T3-longue-traine,non,Variante avec code postal - signal local hyper-precis
couvreur annemasse 74100,transactional,local-listing,commune-bassin,couvreur,aucun,15,low,/annecy/annemasse/couvreur,a-creer,4,T3-longue-traine,non,Variante avec code postal - signal local hyper-precis
macon thonon les bains 74200,transactional,local-listing,commune-bassin,macon,aucun,15,low,/annecy/thonon-les-bains/macon,a-creer,4,T3-longue-traine,non,Variante avec code postal - signal local hyper-precis
couvreur thonon les bains 74200,transactional,local-listing,commune-bassin,couvreur,aucun,15,low,/annecy/thonon-les-bains/couvreur,a-creer,4,T3-longue-traine,non,Variante avec code postal - signal local hyper-precis
macon mistral,transactional,local-listing,quartier-intramuros,macon,aucun,15,low,/grenoble/mistral/macon,a-creer,4,T3-longue-traine,non,"Quartier Grenoble (5,500hab) - tres longue traine"
couvreur mistral,transactional,local-listing,quartier-intramuros,couvreur,aucun,15,low,/grenoble/mistral/couvreur,a-creer,4,T3-longue-traine,non,"Quartier Grenoble (5,500hab) - tres longue traine"
macon malherbe,transactional,local-listing,quartier-intramuros,macon,aucun,15,low,/grenoble/malherbe/macon,a-creer,4,T3-longue-traine,non,"Quartier Grenoble (5,000hab) - tres longue traine"
couvreur malherbe,transactional,local-listing,quartier-intramuros,couvreur,aucun,15,low,/grenoble/malherbe/couvreur,a-creer,4,T3-longue-traine,non,"Quartier Grenoble (5,000hab) - tres longue traine"
macon vigny musset,transactional,local-listing,quartier-intramuros,macon,aucun,15,low,/grenoble/vigny-musset/macon,a-creer,4,T3-longue-traine,non,"Quartier Grenoble (5,500hab) - tres longue traine"
couvreur vigny musset,transactional,local-listing,quartier-intramuros,couvreur,aucun,15,low,/grenoble/vigny-musset/couvreur,a-creer,4,T3-longue-traine,non,"Quartier Grenoble (5,500hab) - tres longue traine"
carreleur presquile,transactional,local-listing,quartier-intramuros,carreleur,aucun,15,low,/grenoble/presquile/carreleur,a-creer,4,T3-longue-traine,non,"Quartier Grenoble (3,000hab) - tres longue traine"
carreleur le fontanil cornillon,transactional,local-listing,commune-banlieue,carreleur,aucun,15,low,/grenoble/le-fontanil-cornillon/carreleur,a-creer,4,T3-longue-traine,non,Couverture geographique exhaustive
chauffagiste le fontanil cornillon,transactional,local-listing,commune-banlieue,chauffagiste,aucun,15,low,/grenoble/le-fontanil-cornillon/chauffagiste,a-creer,4,T3-longue-traine,non,Couverture geographique exhaustive
macon autrans meaudre en vercors,transactional,local-listing,commune-bassin,macon,aucun,15,low,/grenoble/autrans-meaudre-en-vercors/macon,a-creer,4,T3-longue-traine,non,"Bassin petite (3,100hab) - longue traine, faible vol"
couvreur autrans meaudre en vercors,transactional,local-listing,commune-bassin,couvreur,aucun,15,low,/grenoble/autrans-meaudre-en-vercors/couvreur,a-creer,4,T3-longue-traine,non,"Bassin petite (3,100hab) - longue traine, faible vol"
macon bourg d oisans,transactional,local-listing,commune-bassin,macon,aucun,15,low,/grenoble/bourg-d-oisans/macon,a-creer,4,T3-longue-traine,non,"Bassin petite (3,100hab) - longue traine, faible vol"
couvreur bourg d oisans,transactional,local-listing,commune-bassin,couvreur,aucun,15,low,/grenoble/bourg-d-oisans/couvreur,a-creer,4,T3-longue-traine,non,"Bassin petite (3,100hab) - longue traine, faible vol"
macon perrache,transactional,local-listing,quartier-intramuros,macon,aucun,15,low,/lyon/perrache/macon,a-creer,4,T3-longue-traine,non,"Quartier Lyon (5,000hab) - tres longue traine"
couvreur perrache,transactional,local-listing,quartier-intramuros,couvreur,aucun,15,low,/lyon/perrache/couvreur,a-creer,4,T3-longue-traine,non,"Quartier Lyon (5,000hab) - tres longue traine"
macon gorge de loup,transactional,local-listing,quartier-intramuros,macon,aucun,15,low,/lyon/gorge-de-loup/macon,a-creer,4,T3-longue-traine,non,"Quartier Lyon (5,000hab) - tres longue traine"
couvreur gorge de loup,transactional,local-listing,quartier-intramuros,couvreur,aucun,15,low,/lyon/gorge-de-loup/couvreur,a-creer,4,T3-longue-traine,non,"Quartier Lyon (5,000hab) - tres longue traine"
macon menival,transactional,local-listing,quartier-intramuros,macon,aucun,15,low,/lyon/menival/macon,a-creer,4,T3-longue-traine,non,"Quartier Lyon (5,500hab) - tres longue traine"
couvreur menival,transactional,local-listing,quartier-intramuros,couvreur,aucun,15,low,/lyon/menival/couvreur,a-creer,4,T3-longue-traine,non,"Quartier Lyon (5,500hab) - tres longue traine"
carreleur couzon au mont d or,transactional,local-listing,commune-banlieue,carreleur,aucun,15,low,/lyon/couzon-au-mont-d-or/carreleur,a-creer,4,T3-longue-traine,non,Couverture geographique exhaustive
chauffagiste couzon au mont d or,transactional,local-listing,commune-banlieue,chauffagiste,aucun,15,low,/lyon/couzon-au-mont-d-or/chauffagiste,a-creer,4,T3-longue-traine,non,Couverture geographique exhaustive
carreleur montanay,transactional,local-listing,commune-banlieue,carreleur,aucun,15,low,/lyon/montanay/carreleur,a-creer,4,T3-longue-traine,non,Couverture geographique exhaustive
chauffagiste montanay,transactional,local-listing,commune-banlieue,chauffagiste,aucun,15,low,/lyon/montanay/chauffagiste,a-creer,4,T3-longue-traine,non,Couverture geographique exhaustive
carreleur solaize,transactional,local-listing,commune-banlieue,carreleur,aucun,15,low,/lyon/solaize/carreleur,a-creer,4,T3-longue-traine,non,Couverture geographique exhaustive
chauffagiste solaize,transactional,local-listing,commune-banlieue,chauffagiste,aucun,15,low,/lyon/solaize/chauffagiste,a-creer,4,T3-longue-traine,non,Couverture geographique exhaustive
macon villefranche sur saone 69400,transactional,local-listing,commune-bassin,macon,aucun,15,low,/lyon/villefranche-sur-saone/macon,a-creer,4,T3-longue-traine,non,Variante avec code postal - signal local hyper-precis
couvreur villefranche sur saone 69400,transactional,local-listing,commune-bassin,couvreur,aucun,15,low,/lyon/villefranche-sur-saone/couvreur,a-creer,4,T3-longue-traine,non,Variante avec code postal - signal local hyper-precis
macon serezin du rhone,transactional,local-listing,commune-bassin,macon,aucun,15,low,/lyon/serezin-du-rhone/macon,a-creer,4,T3-longue-traine,non,"Bassin petite (3,200hab) - longue traine, faible vol"
couvreur serezin du rhone,transactional,local-listing,commune-bassin,couvreur,aucun,15,low,/lyon/serezin-du-rhone/couvreur,a-creer,4,T3-longue-traine,non,"Bassin petite (3,200hab) - longue traine, faible vol"
macon calvaire,transactional,local-listing,quartier-intramuros,macon,aucun,15,low,/valence/calvaire/macon,a-creer,4,T3-longue-traine,non,"Quartier Valence (5,000hab) - tres longue traine"
couvreur calvaire,transactional,local-listing,quartier-intramuros,couvreur,aucun,15,low,/valence/calvaire/couvreur,a-creer,4,T3-longue-traine,non,"Quartier Valence (5,000hab) - tres longue traine"
macon mistral,transactional,local-listing,quartier-intramuros,macon,aucun,15,low,/valence/mistral/macon,a-creer,4,T3-longue-traine,non,"Quartier Valence (5,200hab) - tres longue traine"
couvreur mistral,transactional,local-listing,quartier-intramuros,couvreur,aucun,15,low,/valence/mistral/couvreur,a-creer,4,T3-longue-traine,non,"Quartier Valence (5,200hab) - tres longue traine"
carreleur briffaut,transactional,local-listing,quartier-intramuros,carreleur,aucun,15,low,/valence/briffaut/carreleur,a-creer,4,T3-longue-traine,non,"Quartier Valence (3,200hab) - tres longue traine"
carreleur beauregard,transactional,local-listing,quartier-intramuros,carreleur,aucun,15,low,/valence/beauregard/carreleur,a-creer,4,T3-longue-traine,non,"Quartier Valence (3,000hab) - tres longue traine"
peintre soyons,transactional,local-listing,commune-banlieue,peintre,aucun,15,low,/valence/soyons/peintre,a-creer,4,T3-longue-traine,non,Couverture geographique exhaustive
menuisier soyons,transactional,local-listing,commune-banlieue,menuisier,aucun,15,low,/valence/soyons/menuisier,a-creer,4,T3-longue-traine,non,Couverture geographique exhaustive
carreleur malissard,transactional,local-listing,commune-banlieue,carreleur,aucun,15,low,/valence/malissard/carreleur,a-creer,4,T3-longue-traine,non,Couverture geographique exhaustive
chauffagiste malissard,transactional,local-listing,commune-banlieue,chauffagiste,aucun,15,low,/valence/malissard/chauffagiste,a-creer,4,T3-longue-traine,non,Couverture geographique exhaustive
carreleur alixan,transactional,local-listing,commune-banlieue,carreleur,aucun,15,low,/valence/alixan/carreleur,a-creer,4,T3-longue-traine,non,Couverture geographique exhaustive
chauffagiste alixan,transactional,local-listing,commune-banlieue,chauffagiste,aucun,15,low,/valence/alixan/chauffagiste,a-creer,4,T3-longue-traine,non,Couverture geographique exhaustive
macon montelimar 26200,transactional,local-listing,commune-bassin,macon,aucun,15,low,/valence/montelimar/macon,a-creer,4,T3-longue-traine,non,Variante avec code postal - signal local hyper-precis
couvreur montelimar 26200,transactional,local-listing,commune-bassin,couvreur,aucun,15,low,/valence/montelimar/couvreur,a-creer,4,T3-longue-traine,non,Variante avec code postal - signal local hyper-precis
carreleur faubourg reclus,transactional,local-listing,quartier-intramuros,carreleur,aucun,14,low,/chambery/faubourg-reclus/carreleur,a-creer,4,T3-longue-traine,non,"Quartier Chambéry (2,500hab) - tres longue traine"
carreleur bellevue,transactional,local-listing,quartier-intramuros,carreleur,aucun,14,low,/chambery/bellevue/carreleur,a-creer,4,T3-longue-traine,non,"Quartier Chambéry (2,500hab) - tres longue traine"
peintre les charmettes,transactional,local-listing,quartier-intramuros,peintre,aucun,14,low,/chambery/les-charmettes/peintre,a-creer,4,T3-longue-traine,non,"Quartier Chambéry (1,500hab) - tres longue traine"
menuisier les charmettes,transactional,local-listing,quartier-intramuros,menuisier,aucun,14,low,/chambery/les-charmettes/menuisier,a-creer,4,T3-longue-traine,non,"Quartier Chambéry (1,500hab) - tres longue traine"
peintre calamine,transactional,local-listing,quartier-intramuros,peintre,aucun,14,low,/chambery/calamine/peintre,a-creer,4,T3-longue-traine,non,"Quartier Chambéry (1,500hab) - tres longue traine"
menuisier calamine,transactional,local-listing,quartier-intramuros,menuisier,aucun,14,low,/chambery/calamine/menuisier,a-creer,4,T3-longue-traine,non,"Quartier Chambéry (1,500hab) - tres longue traine"
peintre saint jean d arvey,transactional,local-listing,quartier-intramuros,peintre,aucun,14,low,/chambery/saint-jean-d-arvey/peintre,a-creer,4,T3-longue-traine,non,"Quartier Chambéry (1,500hab) - tres longue traine"
menuisier saint jean d arvey,transactional,local-listing,quartier-intramuros,menuisier,aucun,14,low,/chambery/saint-jean-d-arvey/menuisier,a-creer,4,T3-longue-traine,non,"Quartier Chambéry (1,500hab) - tres longue traine"
carreleur sonnaz,transactional,local-listing,commune-banlieue,carreleur,aucun,14,low,/chambery/sonnaz/carreleur,a-creer,4,T3-longue-traine,non,Couverture geographique exhaustive
chauffagiste sonnaz,transactional,local-listing,commune-banlieue,chauffagiste,aucun,14,low,/chambery/sonnaz/chauffagiste,a-creer,4,T3-longue-traine,non,Couverture geographique exhaustive
peintre voglans,transactional,local-listing,commune-banlieue,peintre,aucun,14,low,/chambery/voglans/peintre,a-creer,4,T3-longue-traine,non,Couverture geographique exhaustive
menuisier voglans,transactional,local-listing,commune-banlieue,menuisier,aucun,14,low,/chambery/voglans/menuisier,a-creer,4,T3-longue-traine,non,Couverture geographique exhaustive
macon barberaz,transactional,local-listing,commune-banlieue,macon,aucun,14,low,/chambery/barberaz/macon,a-creer,4,T3-longue-traine,non,Couverture geographique exhaustive
couvreur barberaz,transactional,local-listing,commune-banlieue,couvreur,aucun,14,low,/chambery/barberaz/couvreur,a-creer,4,T3-longue-traine,non,Couverture geographique exhaustive
carreleur albertville 73200,transactional,local-listing,commune-bassin,carreleur,aucun,14,low,/chambery/albertville/carreleur,a-creer,4,T3-longue-traine,non,Variante avec code postal - signal local hyper-precis
chauffagiste albertville 73200,transactional,local-listing,commune-bassin,chauffagiste,aucun,14,low,/chambery/albertville/chauffagiste,a-creer,4,T3-longue-traine,non,Variante avec code postal - signal local hyper-precis
macon yenne,transactional,local-listing,commune-bassin,macon,aucun,14,low,/chambery/yenne/macon,a-creer,4,T3-longue-traine,non,"Bassin petite (3,000hab) - longue traine, faible vol"
couvreur yenne,transactional,local-listing,commune-bassin,couvreur,aucun,14,low,/chambery/yenne/couvreur,a-creer,4,T3-longue-traine,non,"Bassin petite (3,000hab) - longue traine, faible vol"
carreleur bord du lac,transactional,local-listing,quartier-intramuros,carreleur,aucun,14,low,/annecy/bord-du-lac/carreleur,a-creer,4,T3-longue-traine,non,"Quartier Annecy (2,500hab) - tres longue traine"
macon teppes,transactional,local-listing,quartier-intramuros,macon,aucun,14,low,/annecy/teppes/macon,a-creer,4,T3-longue-traine,non,"Quartier Annecy (4,500hab) - tres longue traine"
couvreur teppes,transactional,local-listing,quartier-intramuros,couvreur,aucun,14,low,/annecy/teppes/couvreur,a-creer,4,T3-longue-traine,non,"Quartier Annecy (4,500hab) - tres longue traine"
carreleur tresum,transactional,local-listing,quartier-intramuros,carreleur,aucun,14,low,/annecy/tresum/carreleur,a-creer,4,T3-longue-traine,non,"Quartier Annecy (2,500hab) - tres longue traine"
macon sevrier,transactional,local-listing,commune-banlieue,macon,aucun,14,low,/annecy/sevrier/macon,a-creer,4,T3-longue-traine,non,Couverture geographique exhaustive
couvreur sevrier,transactional,local-listing,commune-banlieue,couvreur,aucun,14,low,/annecy/sevrier/couvreur,a-creer,4,T3-longue-traine,non,Couverture geographique exhaustive
carreleur chavanod,transactional,local-listing,commune-banlieue,carreleur,aucun,14,low,/annecy/chavanod/carreleur,a-creer,4,T3-longue-traine,non,Couverture geographique exhaustive
chauffagiste chavanod,transactional,local-listing,commune-banlieue,chauffagiste,aucun,14,low,/annecy/chavanod/chauffagiste,a-creer,4,T3-longue-traine,non,Couverture geographique exhaustive
carreleur cluses 74300,transactional,local-listing,commune-bassin,carreleur,aucun,14,low,/annecy/cluses/carreleur,a-creer,4,T3-longue-traine,non,Variante avec code postal - signal local hyper-precis
chauffagiste cluses 74300,transactional,local-listing,commune-bassin,chauffagiste,aucun,14,low,/annecy/cluses/chauffagiste,a-creer,4,T3-longue-traine,non,Variante avec code postal - signal local hyper-precis
macon allies alpins,transactional,local-listing,quartier-intramuros,macon,aucun,14,low,/grenoble/allies-alpins/macon,a-creer,4,T3-longue-traine,non,"Quartier Grenoble (4,500hab) - tres longue traine"
couvreur allies alpins,transactional,local-listing,quartier-intramuros,couvreur,aucun,14,low,/grenoble/allies-alpins/couvreur,a-creer,4,T3-longue-traine,non,"Quartier Grenoble (4,500hab) - tres longue traine"
carreleur caserne de bonne,transactional,local-listing,quartier-intramuros,carreleur,aucun,14,low,/grenoble/caserne-de-bonne/carreleur,a-creer,4,T3-longue-traine,non,"Quartier Grenoble (2,500hab) - tres longue traine"
macon corenc,transactional,local-listing,commune-banlieue,macon,aucun,14,low,/grenoble/corenc/macon,a-creer,4,T3-longue-traine,non,Couverture geographique exhaustive
couvreur corenc,transactional,local-listing,commune-banlieue,couvreur,aucun,14,low,/grenoble/corenc/couvreur,a-creer,4,T3-longue-traine,non,Couverture geographique exhaustive
macon lans en vercors,transactional,local-listing,commune-bassin,macon,aucun,14,low,/grenoble/lans-en-vercors/macon,a-creer,4,T3-longue-traine,non,"Bassin petite (2,700hab) - longue traine, faible vol"
couvreur lans en vercors,transactional,local-listing,commune-bassin,couvreur,aucun,14,low,/grenoble/lans-en-vercors/couvreur,a-creer,4,T3-longue-traine,non,"Bassin petite (2,700hab) - longue traine, faible vol"
macon collonges au mont d or,transactional,local-listing,commune-banlieue,macon,aucun,14,low,/lyon/collonges-au-mont-d-or/macon,a-creer,4,T3-longue-traine,non,Couverture geographique exhaustive
couvreur collonges au mont d or,transactional,local-listing,commune-banlieue,couvreur,aucun,14,low,/lyon/collonges-au-mont-d-or/couvreur,a-creer,4,T3-longue-traine,non,Couverture geographique exhaustive
macon la tour de salvagny,transactional,local-listing,commune-banlieue,macon,aucun,14,low,/lyon/la-tour-de-salvagny/macon,a-creer,4,T3-longue-traine,non,Couverture geographique exhaustive
couvreur la tour de salvagny,transactional,local-listing,commune-banlieue,couvreur,aucun,14,low,/lyon/la-tour-de-salvagny/couvreur,a-creer,4,T3-longue-traine,non,Couverture geographique exhaustive
macon charly,transactional,local-listing,commune-banlieue,macon,aucun,14,low,/lyon/charly/macon,a-creer,4,T3-longue-traine,non,Couverture geographique exhaustive
couvreur charly,transactional,local-listing,commune-banlieue,couvreur,aucun,14,low,/lyon/charly/couvreur,a-creer,4,T3-longue-traine,non,Couverture geographique exhaustive
macon chamberliere,transactional,local-listing,quartier-intramuros,macon,aucun,14,low,/valence/chamberliere/macon,a-creer,4,T3-longue-traine,non,"Quartier Valence (4,500hab) - tres longue traine"
couvreur chamberliere,transactional,local-listing,quartier-intramuros,couvreur,aucun,14,low,/valence/chamberliere/couvreur,a-creer,4,T3-longue-traine,non,"Quartier Valence (4,500hab) - tres longue traine"
macon hugo,transactional,local-listing,quartier-intramuros,macon,aucun,14,low,/valence/hugo/macon,a-creer,4,T3-longue-traine,non,"Quartier Valence (4,200hab) - tres longue traine"
couvreur hugo,transactional,local-listing,quartier-intramuros,couvreur,aucun,14,low,/valence/hugo/couvreur,a-creer,4,T3-longue-traine,non,"Quartier Valence (4,200hab) - tres longue traine"
carreleur marcs,transactional,local-listing,quartier-intramuros,carreleur,aucun,14,low,/valence/marcs/carreleur,a-creer,4,T3-longue-traine,non,"Quartier Valence (2,500hab) - tres longue traine"
carreleur cornas,transactional,local-listing,commune-banlieue,carreleur,aucun,14,low,/valence/cornas/carreleur,a-creer,4,T3-longue-traine,non,Couverture geographique exhaustive
chauffagiste cornas,transactional,local-listing,commune-banlieue,chauffagiste,aucun,14,low,/valence/cornas/chauffagiste,a-creer,4,T3-longue-traine,non,Couverture geographique exhaustive
macon beaumont les valence,transactional,local-listing,commune-banlieue,macon,aucun,14,low,/valence/beaumont-les-valence/macon,a-creer,4,T3-longue-traine,non,Couverture geographique exhaustive
couvreur beaumont les valence,transactional,local-listing,commune-banlieue,couvreur,aucun,14,low,/valence/beaumont-les-valence/couvreur,a-creer,4,T3-longue-traine,non,Couverture geographique exhaustive
macon vieille ville,transactional,local-listing,quartier-intramuros,macon,aucun,13,low,/chambery/vieille-ville/macon,a-creer,4,T3-longue-traine,non,"Quartier Chambéry (4,000hab) - tres longue traine"
couvreur vieille ville,transactional,local-listing,quartier-intramuros,couvreur,aucun,13,low,/chambery/vieille-ville/couvreur,a-creer,4,T3-longue-traine,non,"Quartier Chambéry (4,000hab) - tres longue traine"
carreleur joppet,transactional,local-listing,quartier-intramuros,carreleur,aucun,13,low,/chambery/joppet/carreleur,a-creer,4,T3-longue-traine,non,"Quartier Chambéry (2,000hab) - tres longue traine"
carreleur sainte therese,transactional,local-listing,quartier-intramuros,carreleur,aucun,13,low,/chambery/sainte-therese/carreleur,a-creer,4,T3-longue-traine,non,"Quartier Chambéry (2,000hab) - tres longue traine"
macon bassens,transactional,local-listing,commune-banlieue,macon,aucun,13,low,/chambery/bassens/macon,a-creer,4,T3-longue-traine,non,Couverture geographique exhaustive
couvreur bassens,transactional,local-listing,commune-banlieue,couvreur,aucun,13,low,/chambery/bassens/couvreur,a-creer,4,T3-longue-traine,non,Couverture geographique exhaustive
macon jacob bellecombette,transactional,local-listing,commune-banlieue,macon,aucun,13,low,/chambery/jacob-bellecombette/macon,a-creer,4,T3-longue-traine,non,Couverture geographique exhaustive
couvreur jacob bellecombette,transactional,local-listing,commune-banlieue,couvreur,aucun,13,low,/chambery/jacob-bellecombette/couvreur,a-creer,4,T3-longue-traine,non,Couverture geographique exhaustive
carreleur vimines,transactional,local-listing,commune-banlieue,carreleur,aucun,13,low,/chambery/vimines/carreleur,a-creer,4,T3-longue-traine,non,Couverture geographique exhaustive
chauffagiste vimines,transactional,local-listing,commune-banlieue,chauffagiste,aucun,13,low,/chambery/vimines/chauffagiste,a-creer,4,T3-longue-traine,non,Couverture geographique exhaustive
macon pringy,transactional,local-listing,commune-banlieue,macon,aucun,13,low,/annecy/pringy/macon,a-creer,4,T3-longue-traine,non,Couverture geographique exhaustive
couvreur pringy,transactional,local-listing,commune-banlieue,couvreur,aucun,13,low,/annecy/pringy/couvreur,a-creer,4,T3-longue-traine,non,Couverture geographique exhaustive
carreleur veyrier du lac,transactional,local-listing,commune-banlieue,carreleur,aucun,13,low,/annecy/veyrier-du-lac/carreleur,a-creer,4,T3-longue-traine,non,Couverture geographique exhaustive
chauffagiste veyrier du lac,transactional,local-listing,commune-banlieue,chauffagiste,aucun,13,low,/annecy/veyrier-du-lac/chauffagiste,a-creer,4,T3-longue-traine,non,Couverture geographique exhaustive
carreleur saint martin bellevue,transactional,local-listing,commune-banlieue,carreleur,aucun,13,low,/annecy/saint-martin-bellevue/carreleur,a-creer,4,T3-longue-traine,non,Couverture geographique exhaustive
chauffagiste saint martin bellevue,transactional,local-listing,commune-banlieue,chauffagiste,aucun,13,low,/annecy/saint-martin-bellevue/chauffagiste,a-creer,4,T3-longue-traine,non,Couverture geographique exhaustive
macon villaz,transactional,local-listing,commune-banlieue,macon,aucun,13,low,/annecy/villaz/macon,a-creer,4,T3-longue-traine,non,Couverture geographique exhaustive
couvreur villaz,transactional,local-listing,commune-banlieue,couvreur,aucun,13,low,/annecy/villaz/couvreur,a-creer,4,T3-longue-traine,non,Couverture geographique exhaustive
carreleur sallanches 74700,transactional,local-listing,commune-bassin,carreleur,aucun,13,low,/annecy/sallanches/carreleur,a-creer,4,T3-longue-traine,non,Variante avec code postal - signal local hyper-precis
chauffagiste sallanches 74700,transactional,local-listing,commune-bassin,chauffagiste,aucun,13,low,/annecy/sallanches/chauffagiste,a-creer,4,T3-longue-traine,non,Variante avec code postal - signal local hyper-precis
macon saint laurent,transactional,local-listing,quartier-intramuros,macon,aucun,13,low,/grenoble/saint-laurent/macon,a-creer,4,T3-longue-traine,non,"Quartier Grenoble (4,000hab) - tres longue traine"
couvreur saint laurent,transactional,local-listing,quartier-intramuros,couvreur,aucun,13,low,/grenoble/saint-laurent/couvreur,a-creer,4,T3-longue-traine,non,"Quartier Grenoble (4,000hab) - tres longue traine"
macon europole,transactional,local-listing,quartier-intramuros,macon,aucun,13,low,/grenoble/europole/macon,a-creer,4,T3-longue-traine,non,"Quartier Grenoble (4,000hab) - tres longue traine"
couvreur europole,transactional,local-listing,quartier-intramuros,couvreur,aucun,13,low,/grenoble/europole/couvreur,a-creer,4,T3-longue-traine,non,"Quartier Grenoble (4,000hab) - tres longue traine"
macon saint martin,transactional,local-listing,quartier-intramuros,macon,aucun,13,low,/grenoble/saint-martin/macon,a-creer,4,T3-longue-traine,non,"Quartier Grenoble (4,000hab) - tres longue traine"
couvreur saint martin,transactional,local-listing,quartier-intramuros,couvreur,aucun,13,low,/grenoble/saint-martin/couvreur,a-creer,4,T3-longue-traine,non,"Quartier Grenoble (4,000hab) - tres longue traine"
macon beauvert,transactional,local-listing,quartier-intramuros,macon,aucun,13,low,/grenoble/beauvert/macon,a-creer,4,T3-longue-traine,non,"Quartier Grenoble (4,000hab) - tres longue traine"
couvreur beauvert,transactional,local-listing,quartier-intramuros,couvreur,aucun,13,low,/grenoble/beauvert/couvreur,a-creer,4,T3-longue-traine,non,"Quartier Grenoble (4,000hab) - tres longue traine"
macon fourviere,transactional,local-listing,quartier-intramuros,macon,aucun,13,low,/lyon/fourviere/macon,a-creer,4,T3-longue-traine,non,"Quartier Lyon (4,000hab) - tres longue traine"
couvreur fourviere,transactional,local-listing,quartier-intramuros,couvreur,aucun,13,low,/lyon/fourviere/couvreur,a-creer,4,T3-longue-traine,non,"Quartier Lyon (4,000hab) - tres longue traine"
macon limonest,transactional,local-listing,commune-banlieue,macon,aucun,13,low,/lyon/limonest/macon,a-creer,4,T3-longue-traine,non,Couverture geographique exhaustive
couvreur limonest,transactional,local-listing,commune-banlieue,couvreur,aucun,13,low,/lyon/limonest/couvreur,a-creer,4,T3-longue-traine,non,Couverture geographique exhaustive
macon marcy l etoile,transactional,local-listing,commune-banlieue,macon,aucun,13,low,/lyon/marcy-l-etoile/macon,a-creer,4,T3-longue-traine,non,Couverture geographique exhaustive
couvreur marcy l etoile,transactional,local-listing,commune-banlieue,couvreur,aucun,13,low,/lyon/marcy-l-etoile/couvreur,a-creer,4,T3-longue-traine,non,Couverture geographique exhaustive
carreleur sathonay village,transactional,local-listing,commune-banlieue,carreleur,aucun,13,low,/lyon/sathonay-village/carreleur,a-creer,4,T3-longue-traine,non,Couverture geographique exhaustive
chauffagiste sathonay village,transactional,local-listing,commune-banlieue,chauffagiste,aucun,13,low,/lyon/sathonay-village/chauffagiste,a-creer,4,T3-longue-traine,non,Couverture geographique exhaustive
carreleur l isle d abeau 38080,transactional,local-listing,commune-bassin,carreleur,aucun,13,low,/lyon/l-isle-d-abeau/carreleur,a-creer,4,T3-longue-traine,non,Variante avec code postal - signal local hyper-precis
chauffagiste l isle d abeau 38080,transactional,local-listing,commune-bassin,chauffagiste,aucun,13,low,/lyon/l-isle-d-abeau/chauffagiste,a-creer,4,T3-longue-traine,non,Variante avec code postal - signal local hyper-precis
macon bourgoin jallieu 38300,transactional,local-listing,commune-bassin,macon,aucun,13,low,/lyon/bourgoin-jallieu/macon,a-creer,4,T3-longue-traine,non,Variante avec code postal - signal local hyper-precis
couvreur bourgoin jallieu 38300,transactional,local-listing,commune-bassin,couvreur,aucun,13,low,/lyon/bourgoin-jallieu/couvreur,a-creer,4,T3-longue-traine,non,Variante avec code postal - signal local hyper-precis
macon latour maubourg,transactional,local-listing,quartier-intramuros,macon,aucun,13,low,/valence/latour-maubourg/macon,a-creer,4,T3-longue-traine,non,"Quartier Valence (4,000hab) - tres longue traine"
couvreur latour maubourg,transactional,local-listing,quartier-intramuros,couvreur,aucun,13,low,/valence/latour-maubourg/couvreur,a-creer,4,T3-longue-traine,non,"Quartier Valence (4,000hab) - tres longue traine"
macon chateauneuf sur isere,transactional,local-listing,commune-banlieue,macon,aucun,13,low,/valence/chateauneuf-sur-isere/macon,a-creer,4,T3-longue-traine,non,Couverture geographique exhaustive
couvreur chateauneuf sur isere,transactional,local-listing,commune-banlieue,couvreur,aucun,13,low,/valence/chateauneuf-sur-isere/couvreur,a-creer,4,T3-longue-traine,non,Couverture geographique exhaustive
macon montelier,transactional,local-listing,commune-banlieue,macon,aucun,13,low,/valence/montelier/macon,a-creer,4,T3-longue-traine,non,Couverture geographique exhaustive
couvreur montelier,transactional,local-listing,commune-banlieue,couvreur,aucun,13,low,/valence/montelier/couvreur,a-creer,4,T3-longue-traine,non,Couverture geographique exhaustive
carreleur annonay 07100,transactional,local-listing,commune-bassin,carreleur,aucun,13,low,/valence/annonay/carreleur,a-creer,4,T3-longue-traine,non,Variante avec code postal - signal local hyper-precis
chauffagiste annonay 07100,transactional,local-listing,commune-bassin,chauffagiste,aucun,13,low,/valence/annonay/chauffagiste,a-creer,4,T3-longue-traine,non,Variante avec code postal - signal local hyper-precis
carreleur laurier,transactional,local-listing,quartier-intramuros,carreleur,aucun,12,low,/chambery/laurier/carreleur,a-creer,4,T3-longue-traine,non,"Quartier Chambéry (1,800hab) - tres longue traine"
peintre pre de l ane,transactional,local-listing,quartier-intramuros,peintre,aucun,12,low,/chambery/pre-de-l-ane/peintre,a-creer,4,T3-longue-traine,non,"Quartier Chambéry (1,200hab) - tres longue traine"
menuisier pre de l ane,transactional,local-listing,quartier-intramuros,menuisier,aucun,12,low,/chambery/pre-de-l-ane/menuisier,a-creer,4,T3-longue-traine,non,"Quartier Chambéry (1,200hab) - tres longue traine"
carreleur voglans,transactional,local-listing,commune-banlieue,carreleur,aucun,12,low,/chambery/voglans/carreleur,a-creer,4,T3-longue-traine,non,Couverture geographique exhaustive
chauffagiste voglans,transactional,local-listing,commune-banlieue,chauffagiste,aucun,12,low,/chambery/voglans/chauffagiste,a-creer,4,T3-longue-traine,non,Couverture geographique exhaustive
peintre saint jeoire prieure,transactional,local-listing,commune-banlieue,peintre,aucun,12,low,/chambery/saint-jeoire-prieure/peintre,a-creer,4,T3-longue-traine,non,Couverture geographique exhaustive
menuisier saint jeoire prieure,transactional,local-listing,commune-banlieue,menuisier,aucun,12,low,/chambery/saint-jeoire-prieure/menuisier,a-creer,4,T3-longue-traine,non,Couverture geographique exhaustive
peintre saint sulpice,transactional,local-listing,commune-banlieue,peintre,aucun,12,low,/chambery/saint-sulpice/peintre,a-creer,4,T3-longue-traine,non,Couverture geographique exhaustive
menuisier saint sulpice,transactional,local-listing,commune-banlieue,menuisier,aucun,12,low,/chambery/saint-sulpice/menuisier,a-creer,4,T3-longue-traine,non,Couverture geographique exhaustive
peintre montagnole,transactional,local-listing,commune-banlieue,peintre,aucun,12,low,/chambery/montagnole/peintre,a-creer,4,T3-longue-traine,non,Couverture geographique exhaustive
menuisier montagnole,transactional,local-listing,commune-banlieue,menuisier,aucun,12,low,/chambery/montagnole/menuisier,a-creer,4,T3-longue-traine,non,Couverture geographique exhaustive
macon argonay,transactional,local-listing,commune-banlieue,macon,aucun,12,low,/annecy/argonay/macon,a-creer,4,T3-longue-traine,non,Couverture geographique exhaustive
couvreur argonay,transactional,local-listing,commune-banlieue,couvreur,aucun,12,low,/annecy/argonay/couvreur,a-creer,4,T3-longue-traine,non,Couverture geographique exhaustive
peintre montagny les lanches,transactional,local-listing,commune-banlieue,peintre,aucun,12,low,/annecy/montagny-les-lanches/peintre,a-creer,4,T3-longue-traine,non,Couverture geographique exhaustive
menuisier montagny les lanches,transactional,local-listing,commune-banlieue,menuisier,aucun,12,low,/annecy/montagny-les-lanches/menuisier,a-creer,4,T3-longue-traine,non,Couverture geographique exhaustive
peintre naves parmelan,transactional,local-listing,commune-banlieue,peintre,aucun,12,low,/annecy/naves-parmelan/peintre,a-creer,4,T3-longue-traine,non,Couverture geographique exhaustive
menuisier naves parmelan,transactional,local-listing,commune-banlieue,menuisier,aucun,12,low,/annecy/naves-parmelan/menuisier,a-creer,4,T3-longue-traine,non,Couverture geographique exhaustive
peintre charvonnex,transactional,local-listing,commune-banlieue,peintre,aucun,12,low,/annecy/charvonnex/peintre,a-creer,4,T3-longue-traine,non,Couverture geographique exhaustive
menuisier charvonnex,transactional,local-listing,commune-banlieue,menuisier,aucun,12,low,/annecy/charvonnex/menuisier,a-creer,4,T3-longue-traine,non,Couverture geographique exhaustive
macon groisy,transactional,local-listing,commune-banlieue,macon,aucun,12,low,/annecy/groisy/macon,a-creer,4,T3-longue-traine,non,Couverture geographique exhaustive
couvreur groisy,transactional,local-listing,commune-banlieue,couvreur,aucun,12,low,/annecy/groisy/couvreur,a-creer,4,T3-longue-traine,non,Couverture geographique exhaustive
macon le fontanil cornillon,transactional,local-listing,commune-banlieue,macon,aucun,12,low,/grenoble/le-fontanil-cornillon/macon,a-creer,4,T3-longue-traine,non,Couverture geographique exhaustive
couvreur le fontanil cornillon,transactional,local-listing,commune-banlieue,couvreur,aucun,12,low,/grenoble/le-fontanil-cornillon/couvreur,a-creer,4,T3-longue-traine,non,Couverture geographique exhaustive
macon couzon au mont d or,transactional,local-listing,commune-banlieue,macon,aucun,12,low,/lyon/couzon-au-mont-d-or/macon,a-creer,4,T3-longue-traine,non,Couverture geographique exhaustive
couvreur couzon au mont d or,transactional,local-listing,commune-banlieue,couvreur,aucun,12,low,/lyon/couzon-au-mont-d-or/couvreur,a-creer,4,T3-longue-traine,non,Couverture geographique exhaustive
macon montanay,transactional,local-listing,commune-banlieue,macon,aucun,12,low,/lyon/montanay/macon,a-creer,4,T3-longue-traine,non,Couverture geographique exhaustive
couvreur montanay,transactional,local-listing,commune-banlieue,couvreur,aucun,12,low,/lyon/montanay/couvreur,a-creer,4,T3-longue-traine,non,Couverture geographique exhaustive
macon solaize,transactional,local-listing,commune-banlieue,macon,aucun,12,low,/lyon/solaize/macon,a-creer,4,T3-longue-traine,non,Couverture geographique exhaustive
couvreur solaize,transactional,local-listing,commune-banlieue,couvreur,aucun,12,low,/lyon/solaize/couvreur,a-creer,4,T3-longue-traine,non,Couverture geographique exhaustive
carreleur soyons,transactional,local-listing,commune-banlieue,carreleur,aucun,12,low,/valence/soyons/carreleur,a-creer,4,T3-longue-traine,non,Couverture geographique exhaustive
chauffagiste soyons,transactional,local-listing,commune-banlieue,chauffagiste,aucun,12,low,/valence/soyons/chauffagiste,a-creer,4,T3-longue-traine,non,Couverture geographique exhaustive
macon malissard,transactional,local-listing,commune-banlieue,macon,aucun,12,low,/valence/malissard/macon,a-creer,4,T3-longue-traine,non,Couverture geographique exhaustive
couvreur malissard,transactional,local-listing,commune-banlieue,couvreur,aucun,12,low,/valence/malissard/couvreur,a-creer,4,T3-longue-traine,non,Couverture geographique exhaustive
macon alixan,transactional,local-listing,commune-banlieue,macon,aucun,12,low,/valence/alixan/macon,a-creer,4,T3-longue-traine,non,Couverture geographique exhaustive
couvreur alixan,transactional,local-listing,commune-banlieue,couvreur,aucun,12,low,/valence/alixan/couvreur,a-creer,4,T3-longue-traine,non,Couverture geographique exhaustive
carreleur les charmettes,transactional,local-listing,quartier-intramuros,carreleur,aucun,11,low,/chambery/les-charmettes/carreleur,a-creer,4,T3-longue-traine,non,"Quartier Chambéry (1,500hab) - tres longue traine"
carreleur calamine,transactional,local-listing,quartier-intramuros,carreleur,aucun,11,low,/chambery/calamine/carreleur,a-creer,4,T3-longue-traine,non,"Quartier Chambéry (1,500hab) - tres longue traine"
carreleur saint jean d arvey,transactional,local-listing,quartier-intramuros,carreleur,aucun,11,low,/chambery/saint-jean-d-arvey/carreleur,a-creer,4,T3-longue-traine,non,"Quartier Chambéry (1,500hab) - tres longue traine"
macon sonnaz,transactional,local-listing,commune-banlieue,macon,aucun,11,low,/chambery/sonnaz/macon,a-creer,4,T3-longue-traine,non,Couverture geographique exhaustive
couvreur sonnaz,transactional,local-listing,commune-banlieue,couvreur,aucun,11,low,/chambery/sonnaz/couvreur,a-creer,4,T3-longue-traine,non,Couverture geographique exhaustive
macon albertville 73200,transactional,local-listing,commune-bassin,macon,aucun,11,low,/chambery/albertville/macon,a-creer,4,T3-longue-traine,non,Variante avec code postal - signal local hyper-precis
couvreur albertville 73200,transactional,local-listing,commune-bassin,couvreur,aucun,11,low,/chambery/albertville/couvreur,a-creer,4,T3-longue-traine,non,Variante avec code postal - signal local hyper-precis
macon chavanod,transactional,local-listing,commune-banlieue,macon,aucun,11,low,/annecy/chavanod/macon,a-creer,4,T3-longue-traine,non,Couverture geographique exhaustive
couvreur chavanod,transactional,local-listing,commune-banlieue,couvreur,aucun,11,low,/annecy/chavanod/couvreur,a-creer,4,T3-longue-traine,non,Couverture geographique exhaustive
macon cluses 74300,transactional,local-listing,commune-bassin,macon,aucun,11,low,/annecy/cluses/macon,a-creer,4,T3-longue-traine,non,Variante avec code postal - signal local hyper-precis
couvreur cluses 74300,transactional,local-listing,commune-bassin,couvreur,aucun,11,low,/annecy/cluses/couvreur,a-creer,4,T3-longue-traine,non,Variante avec code postal - signal local hyper-precis
macon l isle d abeau 38080,transactional,local-listing,commune-bassin,macon,aucun,11,low,/lyon/l-isle-d-abeau/macon,a-creer,4,T3-longue-traine,non,Variante avec code postal - signal local hyper-precis
couvreur l isle d abeau 38080,transactional,local-listing,commune-bassin,couvreur,aucun,11,low,/lyon/l-isle-d-abeau/couvreur,a-creer,4,T3-longue-traine,non,Variante avec code postal - signal local hyper-precis
macon cornas,transactional,local-listing,commune-banlieue,macon,aucun,11,low,/valence/cornas/macon,a-creer,4,T3-longue-traine,non,Couverture geographique exhaustive
couvreur cornas,transactional,local-listing,commune-banlieue,couvreur,aucun,11,low,/valence/cornas/couvreur,a-creer,4,T3-longue-traine,non,Couverture geographique exhaustive
carreleur pre de l ane,transactional,local-listing,quartier-intramuros,carreleur,aucun,10,low,/chambery/pre-de-l-ane/carreleur,a-creer,4,T3-longue-traine,non,"Quartier Chambéry (1,200hab) - tres longue traine"
macon vimines,transactional,local-listing,commune-banlieue,macon,aucun,10,low,/chambery/vimines/macon,a-creer,4,T3-longue-traine,non,Couverture geographique exhaustive
couvreur vimines,transactional,local-listing,commune-banlieue,couvreur,aucun,10,low,/chambery/vimines/couvreur,a-creer,4,T3-longue-traine,non,Couverture geographique exhaustive
peintre la thuile,transactional,local-listing,commune-banlieue,peintre,aucun,10,low,/chambery/la-thuile/peintre,a-creer,4,T3-longue-traine,non,Couverture geographique exhaustive
menuisier la thuile,transactional,local-listing,commune-banlieue,menuisier,aucun,10,low,/chambery/la-thuile/menuisier,a-creer,4,T3-longue-traine,non,Couverture geographique exhaustive
carreleur saint jeoire prieure,transactional,local-listing,commune-banlieue,carreleur,aucun,10,low,/chambery/saint-jeoire-prieure/carreleur,a-creer,4,T3-longue-traine,non,Couverture geographique exhaustive
chauffagiste saint jeoire prieure,transactional,local-listing,commune-banlieue,chauffagiste,aucun,10,low,/chambery/saint-jeoire-prieure/chauffagiste,a-creer,4,T3-longue-traine,non,Couverture geographique exhaustive
carreleur saint sulpice,transactional,local-listing,commune-banlieue,carreleur,aucun,10,low,/chambery/saint-sulpice/carreleur,a-creer,4,T3-longue-traine,non,Couverture geographique exhaustive
chauffagiste saint sulpice,transactional,local-listing,commune-banlieue,chauffagiste,aucun,10,low,/chambery/saint-sulpice/chauffagiste,a-creer,4,T3-longue-traine,non,Couverture geographique exhaustive
carreleur montagnole,transactional,local-listing,commune-banlieue,carreleur,aucun,10,low,/chambery/montagnole/carreleur,a-creer,4,T3-longue-traine,non,Couverture geographique exhaustive
chauffagiste montagnole,transactional,local-listing,commune-banlieue,chauffagiste,aucun,10,low,/chambery/montagnole/chauffagiste,a-creer,4,T3-longue-traine,non,Couverture geographique exhaustive
peintre thoiry,transactional,local-listing,commune-banlieue,peintre,aucun,10,low,/chambery/thoiry/peintre,a-creer,4,T3-longue-traine,non,Couverture geographique exhaustive
menuisier thoiry,transactional,local-listing,commune-banlieue,menuisier,aucun,10,low,/chambery/thoiry/menuisier,a-creer,4,T3-longue-traine,non,Couverture geographique exhaustive
macon veyrier du lac,transactional,local-listing,commune-banlieue,macon,aucun,10,low,/annecy/veyrier-du-lac/macon,a-creer,4,T3-longue-traine,non,Couverture geographique exhaustive
couvreur veyrier du lac,transactional,local-listing,commune-banlieue,couvreur,aucun,10,low,/annecy/veyrier-du-lac/couvreur,a-creer,4,T3-longue-traine,non,Couverture geographique exhaustive
peintre quintal,transactional,local-listing,commune-banlieue,peintre,aucun,10,low,/annecy/quintal/peintre,a-creer,4,T3-longue-traine,non,Couverture geographique exhaustive
menuisier quintal,transactional,local-listing,commune-banlieue,menuisier,aucun,10,low,/annecy/quintal/menuisier,a-creer,4,T3-longue-traine,non,Couverture geographique exhaustive
carreleur montagny les lanches,transactional,local-listing,commune-banlieue,carreleur,aucun,10,low,/annecy/montagny-les-lanches/carreleur,a-creer,4,T3-longue-traine,non,Couverture geographique exhaustive
chauffagiste montagny les lanches,transactional,local-listing,commune-banlieue,chauffagiste,aucun,10,low,/annecy/montagny-les-lanches/chauffagiste,a-creer,4,T3-longue-traine,non,Couverture geographique exhaustive
carreleur naves parmelan,transactional,local-listing,commune-banlieue,carreleur,aucun,10,low,/annecy/naves-parmelan/carreleur,a-creer,4,T3-longue-traine,non,Couverture geographique exhaustive
chauffagiste naves parmelan,transactional,local-listing,commune-banlieue,chauffagiste,aucun,10,low,/annecy/naves-parmelan/chauffagiste,a-creer,4,T3-longue-traine,non,Couverture geographique exhaustive
carreleur charvonnex,transactional,local-listing,commune-banlieue,carreleur,aucun,10,low,/annecy/charvonnex/carreleur,a-creer,4,T3-longue-traine,non,Couverture geographique exhaustive
chauffagiste charvonnex,transactional,local-listing,commune-banlieue,chauffagiste,aucun,10,low,/annecy/charvonnex/chauffagiste,a-creer,4,T3-longue-traine,non,Couverture geographique exhaustive
macon saint martin bellevue,transactional,local-listing,commune-banlieue,macon,aucun,10,low,/annecy/saint-martin-bellevue/macon,a-creer,4,T3-longue-traine,non,Couverture geographique exhaustive
couvreur saint martin bellevue,transactional,local-listing,commune-banlieue,couvreur,aucun,10,low,/annecy/saint-martin-bellevue/couvreur,a-creer,4,T3-longue-traine,non,Couverture geographique exhaustive
macon sallanches 74700,transactional,local-listing,commune-bassin,macon,aucun,10,low,/annecy/sallanches/macon,a-creer,4,T3-longue-traine,non,Variante avec code postal - signal local hyper-precis
couvreur sallanches 74700,transactional,local-listing,commune-bassin,couvreur,aucun,10,low,/annecy/sallanches/couvreur,a-creer,4,T3-longue-traine,non,Variante avec code postal - signal local hyper-precis
macon sathonay village,transactional,local-listing,commune-banlieue,macon,aucun,10,low,/lyon/sathonay-village/macon,a-creer,4,T3-longue-traine,non,Couverture geographique exhaustive
couvreur sathonay village,transactional,local-listing,commune-banlieue,couvreur,aucun,10,low,/lyon/sathonay-village/couvreur,a-creer,4,T3-longue-traine,non,Couverture geographique exhaustive
macon soyons,transactional,local-listing,commune-banlieue,macon,aucun,10,low,/valence/soyons/macon,a-creer,4,T3-longue-traine,non,Couverture geographique exhaustive
couvreur soyons,transactional,local-listing,commune-banlieue,couvreur,aucun,10,low,/valence/soyons/couvreur,a-creer,4,T3-longue-traine,non,Couverture geographique exhaustive
macon annonay 07100,transactional,local-listing,commune-bassin,macon,aucun,10,low,/valence/annonay/macon,a-creer,4,T3-longue-traine,non,Variante avec code postal - signal local hyper-precis
couvreur annonay 07100,transactional,local-listing,commune-bassin,couvreur,aucun,10,low,/valence/annonay/couvreur,a-creer,4,T3-longue-traine,non,Variante avec code postal - signal local hyper-precis
macon voglans,transactional,local-listing,commune-banlieue,macon,aucun,9,low,/chambery/voglans/macon,a-creer,4,T3-longue-traine,non,Couverture geographique exhaustive
couvreur voglans,transactional,local-listing,commune-banlieue,couvreur,aucun,9,low,/chambery/voglans/couvreur,a-creer,4,T3-longue-traine,non,Couverture geographique exhaustive
peintre curienne,transactional,local-listing,commune-banlieue,peintre,aucun,9,low,/chambery/curienne/peintre,a-creer,4,T3-longue-traine,non,Couverture geographique exhaustive
menuisier curienne,transactional,local-listing,commune-banlieue,menuisier,aucun,9,low,/chambery/curienne/menuisier,a-creer,4,T3-longue-traine,non,Couverture geographique exhaustive
peintre puygros,transactional,local-listing,commune-banlieue,peintre,aucun,9,low,/chambery/puygros/peintre,a-creer,4,T3-longue-traine,non,Couverture geographique exhaustive
menuisier puygros,transactional,local-listing,commune-banlieue,menuisier,aucun,9,low,/chambery/puygros/menuisier,a-creer,4,T3-longue-traine,non,Couverture geographique exhaustive
carreleur quintal,transactional,local-listing,commune-banlieue,carreleur,aucun,9,low,/annecy/quintal/carreleur,a-creer,4,T3-longue-traine,non,Couverture geographique exhaustive
chauffagiste quintal,transactional,local-listing,commune-banlieue,chauffagiste,aucun,9,low,/annecy/quintal/chauffagiste,a-creer,4,T3-longue-traine,non,Couverture geographique exhaustive
carreleur la thuile,transactional,local-listing,commune-banlieue,carreleur,aucun,8,low,/chambery/la-thuile/carreleur,a-creer,4,T3-longue-traine,non,Couverture geographique exhaustive
chauffagiste la thuile,transactional,local-listing,commune-banlieue,chauffagiste,aucun,8,low,/chambery/la-thuile/chauffagiste,a-creer,4,T3-longue-traine,non,Couverture geographique exhaustive
macon saint jeoire prieure,transactional,local-listing,commune-banlieue,macon,aucun,8,low,/chambery/saint-jeoire-prieure/macon,a-creer,4,T3-longue-traine,non,Couverture geographique exhaustive
couvreur saint jeoire prieure,transactional,local-listing,commune-banlieue,couvreur,aucun,8,low,/chambery/saint-jeoire-prieure/couvreur,a-creer,4,T3-longue-traine,non,Couverture geographique exhaustive
macon saint sulpice,transactional,local-listing,commune-banlieue,macon,aucun,8,low,/chambery/saint-sulpice/macon,a-creer,4,T3-longue-traine,non,Couverture geographique exhaustive
couvreur saint sulpice,transactional,local-listing,commune-banlieue,couvreur,aucun,8,low,/chambery/saint-sulpice/couvreur,a-creer,4,T3-longue-traine,non,Couverture geographique exhaustive
macon montagnole,transactional,local-listing,commune-banlieue,macon,aucun,8,low,/chambery/montagnole/macon,a-creer,4,T3-longue-traine,non,Couverture geographique exhaustive
couvreur montagnole,transactional,local-listing,commune-banlieue,couvreur,aucun,8,low,/chambery/montagnole/couvreur,a-creer,4,T3-longue-traine,non,Couverture geographique exhaustive
carreleur curienne,transactional,local-listing,commune-banlieue,carreleur,aucun,8,low,/chambery/curienne/carreleur,a-creer,4,T3-longue-traine,non,Couverture geographique exhaustive
chauffagiste curienne,transactional,local-listing,commune-banlieue,chauffagiste,aucun,8,low,/chambery/curienne/chauffagiste,a-creer,4,T3-longue-traine,non,Couverture geographique exhaustive
carreleur thoiry,transactional,local-listing,commune-banlieue,carreleur,aucun,8,low,/chambery/thoiry/carreleur,a-creer,4,T3-longue-traine,non,Couverture geographique exhaustive
chauffagiste thoiry,transactional,local-listing,commune-banlieue,chauffagiste,aucun,8,low,/chambery/thoiry/chauffagiste,a-creer,4,T3-longue-traine,non,Couverture geographique exhaustive
macon montagny les lanches,transactional,local-listing,commune-banlieue,macon,aucun,8,low,/annecy/montagny-les-lanches/macon,a-creer,4,T3-longue-traine,non,Couverture geographique exhaustive
couvreur montagny les lanches,transactional,local-listing,commune-banlieue,couvreur,aucun,8,low,/annecy/montagny-les-lanches/couvreur,a-creer,4,T3-longue-traine,non,Couverture geographique exhaustive
macon naves parmelan,transactional,local-listing,commune-banlieue,macon,aucun,8,low,/annecy/naves-parmelan/macon,a-creer,4,T3-longue-traine,non,Couverture geographique exhaustive
couvreur naves parmelan,transactional,local-listing,commune-banlieue,couvreur,aucun,8,low,/annecy/naves-parmelan/couvreur,a-creer,4,T3-longue-traine,non,Couverture geographique exhaustive
macon charvonnex,transactional,local-listing,commune-banlieue,macon,aucun,8,low,/annecy/charvonnex/macon,a-creer,4,T3-longue-traine,non,Couverture geographique exhaustive
couvreur charvonnex,transactional,local-listing,commune-banlieue,couvreur,aucun,8,low,/annecy/charvonnex/couvreur,a-creer,4,T3-longue-traine,non,Couverture geographique exhaustive
macon thoiry,transactional,local-listing,commune-banlieue,macon,aucun,7,low,/chambery/thoiry/macon,a-creer,4,T3-longue-traine,non,Couverture geographique exhaustive
couvreur thoiry,transactional,local-listing,commune-banlieue,couvreur,aucun,7,low,/chambery/thoiry/couvreur,a-creer,4,T3-longue-traine,non,Couverture geographique exhaustive
peintre verel pragondran,transactional,local-listing,commune-banlieue,peintre,aucun,7,low,/chambery/verel-pragondran/peintre,a-creer,4,T3-longue-traine,non,Couverture geographique exhaustive
menuisier verel pragondran,transactional,local-listing,commune-banlieue,menuisier,aucun,7,low,/chambery/verel-pragondran/menuisier,a-creer,4,T3-longue-traine,non,Couverture geographique exhaustive
peintre les deserts,transactional,local-listing,commune-banlieue,peintre,aucun,7,low,/chambery/les-deserts/peintre,a-creer,4,T3-longue-traine,non,Couverture geographique exhaustive
menuisier les deserts,transactional,local-listing,commune-banlieue,menuisier,aucun,7,low,/chambery/les-deserts/menuisier,a-creer,4,T3-longue-traine,non,Couverture geographique exhaustive
carreleur puygros,transactional,local-listing,commune-banlieue,carreleur,aucun,7,low,/chambery/puygros/carreleur,a-creer,4,T3-longue-traine,non,Couverture geographique exhaustive
chauffagiste puygros,transactional,local-listing,commune-banlieue,chauffagiste,aucun,7,low,/chambery/puygros/chauffagiste,a-creer,4,T3-longue-traine,non,Couverture geographique exhaustive
macon quintal,transactional,local-listing,commune-banlieue,macon,aucun,7,low,/annecy/quintal/macon,a-creer,4,T3-longue-traine,non,Couverture geographique exhaustive
couvreur quintal,transactional,local-listing,commune-banlieue,couvreur,aucun,7,low,/annecy/quintal/couvreur,a-creer,4,T3-longue-traine,non,Couverture geographique exhaustive
peintre bluffy,transactional,local-listing,commune-banlieue,peintre,aucun,7,low,/annecy/bluffy/peintre,a-creer,4,T3-longue-traine,non,Couverture geographique exhaustive
menuisier bluffy,transactional,local-listing,commune-banlieue,menuisier,aucun,7,low,/annecy/bluffy/menuisier,a-creer,4,T3-longue-traine,non,Couverture geographique exhaustive
macon la thuile,transactional,local-listing,commune-banlieue,macon,aucun,6,low,/chambery/la-thuile/macon,a-creer,4,T3-longue-traine,non,Couverture geographique exhaustive
couvreur la thuile,transactional,local-listing,commune-banlieue,couvreur,aucun,6,low,/chambery/la-thuile/couvreur,a-creer,4,T3-longue-traine,non,Couverture geographique exhaustive
macon curienne,transactional,local-listing,commune-banlieue,macon,aucun,6,low,/chambery/curienne/macon,a-creer,4,T3-longue-traine,non,Couverture geographique exhaustive
couvreur curienne,transactional,local-listing,commune-banlieue,couvreur,aucun,6,low,/chambery/curienne/couvreur,a-creer,4,T3-longue-traine,non,Couverture geographique exhaustive
carreleur verel pragondran,transactional,local-listing,commune-banlieue,carreleur,aucun,6,low,/chambery/verel-pragondran/carreleur,a-creer,4,T3-longue-traine,non,Couverture geographique exhaustive
chauffagiste verel pragondran,transactional,local-listing,commune-banlieue,chauffagiste,aucun,6,low,/chambery/verel-pragondran/chauffagiste,a-creer,4,T3-longue-traine,non,Couverture geographique exhaustive
carreleur les deserts,transactional,local-listing,commune-banlieue,carreleur,aucun,6,low,/chambery/les-deserts/carreleur,a-creer,4,T3-longue-traine,non,Couverture geographique exhaustive
chauffagiste les deserts,transactional,local-listing,commune-banlieue,chauffagiste,aucun,6,low,/chambery/les-deserts/chauffagiste,a-creer,4,T3-longue-traine,non,Couverture geographique exhaustive
macon puygros,transactional,local-listing,commune-banlieue,macon,aucun,6,low,/chambery/puygros/macon,a-creer,4,T3-longue-traine,non,Couverture geographique exhaustive
couvreur puygros,transactional,local-listing,commune-banlieue,couvreur,aucun,6,low,/chambery/puygros/couvreur,a-creer,4,T3-longue-traine,non,Couverture geographique exhaustive
carreleur bluffy,transactional,local-listing,commune-banlieue,carreleur,aucun,6,low,/annecy/bluffy/carreleur,a-creer,4,T3-longue-traine,non,Couverture geographique exhaustive
chauffagiste bluffy,transactional,local-listing,commune-banlieue,chauffagiste,aucun,6,low,/annecy/bluffy/chauffagiste,a-creer,4,T3-longue-traine,non,Couverture geographique exhaustive
macon verel pragondran,transactional,local-listing,commune-banlieue,macon,aucun,5,low,/chambery/verel-pragondran/macon,a-creer,4,T3-longue-traine,non,Couverture geographique exhaustive
couvreur verel pragondran,transactional,local-listing,commune-banlieue,couvreur,aucun,5,low,/chambery/verel-pragondran/couvreur,a-creer,4,T3-longue-traine,non,Couverture geographique exhaustive
macon les deserts,transactional,local-listing,commune-banlieue,macon,aucun,5,low,/chambery/les-deserts/macon,a-creer,4,T3-longue-traine,non,Couverture geographique exhaustive
couvreur les deserts,transactional,local-listing,commune-banlieue,couvreur,aucun,5,low,/chambery/les-deserts/couvreur,a-creer,4,T3-longue-traine,non,Couverture geographique exhaustive
macon bluffy,transactional,local-listing,commune-banlieue,macon,aucun,5,low,/annecy/bluffy/macon,a-creer,4,T3-longue-traine,non,Couverture geographique exhaustive
couvreur bluffy,transactional,local-listing,commune-banlieue,couvreur,aucun,5,low,/annecy/bluffy/couvreur,a-creer,4,T3-longue-traine,non,Couverture geographique exhaustive
bativio,navigational,home,national,n/a,aucun,50,low,/,existante,5,T5-defensif,non,Brand keyword - capture obligatoire mais vol minime tant que marque inconnue
cout changement robinet,informational,prix-tarif,national,plombier,prix,25,medium,/prix/plombier/robinet,a-creer,5,T3-longue-traine,oui,Synonyme cout - capture verbatim utilisateur
cout peinture plafond seul,informational,prix-tarif,national,peintre,prix,25,medium,/prix/peintre/plafond,a-creer,5,T3-longue-traine,oui,Synonyme cout - capture verbatim utilisateur
bativio.fr,navigational,home,national,n/a,aucun,20,low,/,existante,5,T5-defensif,non,"Domaine direct, defensif"
tarifs bativio,navigational,home,national,n/a,aucun,20,low,/tarifs,existante,5,T5-defensif,non,Branded tarifs - existante
fuite chasse d eau qui ne s arrete pas,informational,guide-howto,national,multi,aucun,20,low,/guides/longue-traine-faq,a-creer,5,T3-longue-traine,non,Longue traine forum - vol minime mais qualifie
fuite eau plafond voisin que faire,informational,guide-howto,national,multi,aucun,20,low,/guides/longue-traine-faq,a-creer,5,T3-longue-traine,non,Longue traine forum - vol minime mais qualifie
compteur electrique disjoncte la nuit,informational,guide-howto,national,multi,aucun,20,low,/guides/longue-traine-faq,a-creer,5,T3-longue-traine,non,Longue traine forum - vol minime mais qualifie
porte qui claque ne s ouvre plus,informational,guide-howto,national,multi,aucun,20,low,/guides/longue-traine-faq,a-creer,5,T3-longue-traine,non,Longue traine forum - vol minime mais qualifie
j ai 3 devis comment je choisis lequel,informational,guide-howto,national,multi,aucun,20,low,/guides/longue-traine-faq,a-creer,5,T3-longue-traine,non,Longue traine forum - vol minime mais qualifie
carrelage mal pose artisan refuse de revenir,informational,guide-howto,national,multi,aucun,20,low,/guides/longue-traine-faq,a-creer,5,T3-longue-traine,non,Longue traine forum - vol minime mais qualifie
lettre recommandee artisan modele malfacon,informational,guide-howto,national,multi,aucun,20,low,/guides/longue-traine-faq,a-creer,5,T3-longue-traine,non,Longue traine forum - vol minime mais qualifie
delai retractation devis 14 jours,informational,guide-howto,national,multi,aucun,20,low,/guides/longue-traine-faq,a-creer,5,T3-longue-traine,non,Longue traine forum - vol minime mais qualifie
rge qualibat qualifelec qualigaz,informational,guide-howto,national,multi,aucun,20,low,/guides/longue-traine-faq,a-creer,5,T3-longue-traine,non,Longue traine forum - vol minime mais qualifie
qualit enr annuaire artisans rge,informational,guide-howto,national,multi,aucun,20,low,/guides/longue-traine-faq,a-creer,5,T3-longue-traine,non,Longue traine forum - vol minime mais qualifie
france renov annuaire artisans,informational,guide-howto,national,multi,aucun,20,low,/guides/longue-traine-faq,a-creer,5,T3-longue-traine,non,Longue traine forum - vol minime mais qualifie
tva 5.5 logement de plus de 2 ans,informational,guide-howto,national,multi,aucun,20,low,/guides/longue-traine-faq,a-creer,5,T3-longue-traine,non,Longue traine forum - vol minime mais qualifie
prix renovation appartement 60m2,informational,guide-howto,national,multi,aucun,20,low,/guides/longue-traine-faq,a-creer,5,T3-longue-traine,non,Longue traine forum - vol minime mais qualifie
prix peinture maison 100m2,informational,guide-howto,national,multi,aucun,20,low,/guides/longue-traine-faq,a-creer,5,T3-longue-traine,non,Longue traine forum - vol minime mais qualifie
prix isolation combles perdus 100m2,informational,guide-howto,national,multi,aucun,20,low,/guides/longue-traine-faq,a-creer,5,T3-longue-traine,non,Longue traine forum - vol minime mais qualifie
prix pose carrelage 30m2,informational,guide-howto,national,multi,aucun,20,low,/guides/longue-traine-faq,a-creer,5,T3-longue-traine,non,Longue traine forum - vol minime mais qualifie
tarif majoration nuit plombier,informational,guide-howto,national,multi,aucun,20,low,/guides/longue-traine-faq,a-creer,5,T3-longue-traine,non,Longue traine forum - vol minime mais qualifie
tarif electricien dimanche,informational,guide-howto,national,multi,aucun,20,low,/guides/longue-traine-faq,a-creer,5,T3-longue-traine,non,Longue traine forum - vol minime mais qualifie
intervention urgence devis obligatoire,informational,guide-howto,national,multi,aucun,20,low,/guides/longue-traine-faq,a-creer,5,T3-longue-traine,non,Longue traine forum - vol minime mais qualifie
artisan a fait du mauvais travail recours,informational,guide-howto,national,multi,aucun,20,low,/guides/longue-traine-faq,a-creer,5,T3-longue-traine,non,Longue traine forum - vol minime mais qualifie
j ai signe devis trop cher annuler,informational,guide-howto,national,multi,aucun,20,low,/guides/longue-traine-faq,a-creer,5,T3-longue-traine,non,Longue traine forum - vol minime mais qualifie
huissier abandon chantier cout,informational,guide-howto,national,multi,aucun,20,low,/guides/longue-traine-faq,a-creer,5,T3-longue-traine,non,Longue traine forum - vol minime mais qualifie
PV reception travaux modele,informational,guide-howto,national,multi,aucun,20,low,/guides/longue-traine-faq,a-creer,5,T3-longue-traine,non,Longue traine forum - vol minime mais qualifie
supplement fin de chantier legal,informational,guide-howto,national,multi,aucun,20,low,/guides/longue-traine-faq,a-creer,5,T3-longue-traine,non,Longue traine forum - vol minime mais qualifie
annuler devis signe a domicile,informational,guide-howto,national,multi,aucun,20,low,/guides/longue-traine-faq,a-creer,5,T3-longue-traine,non,Longue traine forum - vol minime mais qualifie
30 acompte artisan normal,informational,guide-howto,national,multi,aucun,20,low,/guides/longue-traine-faq,a-creer,5,T3-longue-traine,non,Longue traine forum - vol minime mais qualifie
50 acompte artisan abusif,informational,guide-howto,national,multi,aucun,20,low,/guides/longue-traine-faq,a-creer,5,T3-longue-traine,non,Longue traine forum - vol minime mais qualifie
acompte artisan sans devis legal,informational,guide-howto,national,multi,aucun,20,low,/guides/longue-traine-faq,a-creer,5,T3-longue-traine,non,Longue traine forum - vol minime mais qualifie
inscription artisan bativio,transactional,home,national,n/a,aucun,20,low,/inscription,existante,5,T5-defensif,non,Branded inscription artisan - capture artisans qui cherchent
contact bativio,navigational,home,national,n/a,aucun,15,low,/contact,existante,5,T5-defensif,non,Branded contact
bativio avis,navigational,home,national,n/a,avis,10,low,/a-propos,existante,5,T5-defensif,non,Surveillance reputation marque - a creer une page reviews dediee plus tard
a propos bativio,navigational,home,national,n/a,aucun,10,low,/a-propos,existante,5,T5-defensif,non,Branded a propos
connexion bativio,navigational,home,national,n/a,aucun,10,low,/connexion,existante,5,T5-defensif,non,Branded connexion
